Date,WTI,BRENT,NATGAS,HEATING OIL,GOLD,SILVER,PLATINUM,PALLADIUM,ALUMINUM,COPPER,COPPER-LME,IRON ORE,CORN,OAT,ROUGH RICE,SOYBEAN,WHEAT,COCOA,COFFEE,COTTON,SUGAR,ORANGE JUICE,LUMBER,LEAN HOGS,LIVE CATTLE
2025-08-01,64.54000091552734,68.54000091552734,2.683000087738037,2.3461999893188477,3417.5,38.76499938964844,1346.0999755859375,1107.5,2513.5,4.485499858856201,9744.33,845.0,414.75,329.0,11.904999732971191,1054.0,522.25,7803.0,383.75,66.16999816894531,16.440000534057617,247.75,631.0,91.4000015258789,236.9499969482422
2025-07-01,69.26000213623047,72.52999877929688,3.1059999465942383,2.3994998931884766,3293.199951171875,36.551998138427734,1286.4000244140625,1196.0999755859375,2446.75,4.33050012588501,9574.14,842.0,394.0,353.25,1228.0,961.75,526.25,8506.0,295.79998779296875,65.61000061035156,16.350000381469727,260.1499938964844,692.0,107.125,227.77499389648438
2025-06-01,,,,,,,,,,,9945.23,,,,,,,,,,,,,,
2025-05-01,60.790000915527344,63.900001525878906,3.447000026702881,2.017199993133545,3288.89990234375,32.891998291015625,1051.699951171875,961.2999877929688,2348.5,4.652500152587891,9553.83,840.0,444.0,378.75,1349.5,1041.75,533.25,9791.0,342.45001220703125,65.05999755859375,17.049999237060547,285.04998779296875,592.0,101.32499694824219,215.47500610351562
2025-04-01,58.209999084472656,63.119998931884766,3.3259999752044678,2.0367000102996826,3305.0,32.53099822998047,963.7999877929688,930.2000122070312,2292.75,4.559999942779541,9141.95,866.0,467.25,356.25,1294.5,1034.75,514.25,9127.0,413.6000061035156,65.7699966430664,17.459999084472656,265.29998779296875,557.0,91.92500305175781,215.75
2025-03-01,71.4800033569336,74.73999786376953,4.11899995803833,2.313999891281128,3122.800048828125,34.457000732421875,1009.7000122070312,991.2000122070312,2432.25,5.019999980926514,9679.23,890.0,457.25,346.25,1357.0,1014.75,557.0,7902.0,379.75,66.83000183105469,18.860000610351562,243.5500030517578,668.0,87.7249984741211,207.8000030517578
2025-02-01,69.76000213623047,73.18000030517578,3.8340001106262207,2.3548998832702637,2836.800048828125,31.2189998626709,932.2999877929688,899.7000122070312,2561.5,4.514500141143799,9359.06,912.0,453.5,360.25,1328.5,1011.5,558.25,9014.0,379.04998779296875,63.880001068115234,19.510000228881836,297.25,635.0,83.67500305175781,197.72500610351562
2025-01-01,72.52999877929688,76.76000213623047,3.0439999103546143,2.484499931335449,2812.5,32.12799835205078,1033.199951171875,1066.9000244140625,2586.0,4.26200008392334,8953.73,740.0,482.0,347.5,1384.5,1042.0,579.25,10987.0,377.8500061035156,65.87999725341797,19.350000381469727,474.70001220703125,592.0,84.17500305175781,204.60000610351562
2024-12-01,,,,,,,,,,,8673.23,,,,,,,,,,,,,,
2024-11-01,68.0,72.94000244140625,3.36299991607666,2.193000078201294,2657.0,30.684999465942383,949.5,990.2000122070312,2562.0,4.08050012588501,8915.53,700.0,423.0,337.5,1521.5,989.5,520.75,9220.0,321.6499938964844,73.3499984741211,21.079999923706055,500.75,589.0,82.07499694824219,187.97500610351562
2024-10-01,69.26000213623047,73.16000366210938,2.7070000171661377,2.2195000648498535,2738.300048828125,32.65299987792969,991.5999755859375,1106.5,2560.5,4.313499927520752,9402.82,715.0,410.75,394.5,1469.5,982.5,569.25,7334.0,245.89999389648438,69.56999969482422,22.739999771118164,529.75,549.5,83.80000305175781,193.0
2024-09-01,,,,,,,,,,,9716.07,,,,,,,,,,,,,,
2024-08-01,73.55000305175781,78.80000305175781,2.127000093460083,2.251499891281128,2493.800048828125,28.731000900268555,927.7999877929688,961.0999755859375,2342.5,4.144999980926514,9142.77,714.0,378.0,328.75,1501.5,982.0,552.5,9666.0,248.1999969482422,69.79000091552734,19.3799991607666,496.6000061035156,493.0,82.2249984741211,185.85000610351562
2024-07-01,77.91000366210938,80.72000122070312,2.0360000133514404,2.4154999256134033,2426.5,28.777999877929688,982.2000122070312,922.5999755859375,2189.0,4.159999847412109,9138.2,704.0,382.75,326.25,1525.0,1028.5,549.0,8092.0,229.1999969482422,67.9800033569336,18.940000534057617,420.8999938964844,502.0,92.2750015258789,187.125
2024-06-01,81.54000091552734,86.41000366210938,2.6010000705718994,2.516900062561035,2327.699951171875,29.23699951171875,1001.9000244140625,977.9000244140625,2457.25,4.390500068664551,9489.46,674.0,397.25,309.75,1696.5,1150.5,587.5,7729.0,228.9499969482422,69.80999755859375,20.309999465942383,432.70001220703125,450.5,89.57499694824219,193.5
2024-05-01,76.98999786376953,81.62000274658203,2.5869998931884766,2.363600015640259,2322.89990234375,30.297000885009766,1037.699951171875,899.2000122070312,2591.5,4.610000133514404,9945.38,761.0,446.25,387.5,1767.0,1205.0,708.75,9331.0,222.35000610351562,76.1500015258789,18.299999237060547,437.20001220703125,507.5,94.3499984741211,181.5500030517578
2024-04-01,81.93000030517578,87.86000061035156,1.9910000562667847,2.513400077819824,2291.39990234375,26.391000747680664,941.2000122070312,951.9000244140625,2561.25,4.564499855041504,9903.73,813.0,439.5,371.0,1889.0,1145.5,622.75,10133.0,220.64999389648438,77.91999816894531,19.709999084472656,382.25,499.5,94.1500015258789,185.0
2024-03-01,83.16999816894531,87.4800033569336,1.7630000114440918,2.615600109100342,2217.39990234375,24.797000885009766,907.7000122070312,1009.5,2284.25,4.003499984741211,8787.84,860.0,442.0,357.0,1636.0,1191.5,585.25,9766.0,188.85000610351562,91.37999725341797,22.520000457763672,363.25,585.0,86.625,185.0
2024-02-01,78.26000213623047,83.62000274658203,1.8600000143051147,2.683799982070923,2045.699951171875,22.666000366210938,879.9000244140625,933.5,2167.5,3.8345000743865967,8427.0,795.0,415.75,377.5,1787.0,1128.25,602.75,6510.0,195.85000610351562,101.55999755859375,22.579999923706055,355.8500061035156,565.5,86.625,184.0
2024-01-01,75.8499984741211,81.70999908447266,2.0999999046325684,2.808199882507324,2048.39990234375,23.051000595092773,924.4000244140625,992.9000244140625,2235.5,3.9024999141693115,8530.5,963.0,448.25,382.5,1786.5,1222.25,622.0,4822.0,194.0500030517578,85.16999816894531,24.1299991607666,356.79998779296875,561.5,76.3499984741211,177.35000610351562
2023-12-01,71.6500015258789,77.04000091552734,2.5139999389648438,2.553100109100342,2062.39990234375,23.85300064086914,995.0,1104.0,2332.25,3.880500078201294,8488.5,1135.0,471.25,385.75,1730.5,1293.5,642.0,4196.0,188.3000030517578,81.0,20.579999923706055,320.20001220703125,543.5,67.9749984741211,173.6750030517578
2023-11-01,75.95999908447266,82.83000183105469,2.802000045776367,2.8304998874664307,2038.0999755859375,25.292999267578125,931.2000122070312,1009.0999755859375,2160.25,3.8289999961853027,8409.5,1044.0,461.75,374.0,1734.5,1342.75,643.25,4475.0,195.0,79.4000015258789,26.040000915527344,401.0,525.0,68.7750015258789,170.875
2023-10-01,,,,,,,,,,,8051.5,,,,,,,,,,,,,,
2023-09-01,90.79000091552734,95.30999755859375,2.928999900817871,3.3622000217437744,1848.0999755859375,22.236000061035156,906.7999877929688,1255.199951171875,2329.5,3.7260000705718994,8239.0,704.0,476.75,432.5,1591.0,1275.0,663.75,3418.0,146.14999389648438,86.86000061035156,26.270000457763672,349.75,501.5,80.19999694824219,184.1999969482422
2023-08-01,83.62999725341797,86.86000061035156,2.7679998874664307,3.1426000595092773,1938.199951171875,24.472000122070312,971.2999877929688,1207.800048828125,2175.5,3.7725000381469727,8420.0,729.0,461.0,469.5,1679.0,1360.0,726.5,3602.0,152.6999969482422,88.0999984741211,25.059999465942383,328.1499938964844,509.0,82.55000305175781,179.72500610351562
2023-07-01,81.80000305175781,85.55999755859375,2.634000062942505,2.9909000396728516,1970.5,24.854000091552734,949.7000122070312,1264.699951171875,2230.5,3.994499921798706,8819.5,825.0,504.0,436.25,1547.0,1445.75,812.75,3548.0,164.64999389648438,85.44000244140625,24.110000610351562,316.20001220703125,511.5,104.125,178.0500030517578
2023-06-01,70.63999938964844,74.9000015258789,2.7980000972747803,2.448199987411499,1921.0999755859375,22.809999465942383,904.5,1213.4000244140625,2114.75,3.740999937057495,8323.75,881.0,554.5,377.25,1805.5,1557.25,801.25,3318.0,161.0,82.83999633789062,22.889999389648438,271.75,531.0,95.6500015258789,181.5
2023-05-01,68.08999633789062,72.66000366210938,2.2660000324249268,2.2595999240875244,1963.9000244140625,23.474000930786133,1007.0999755859375,1340.9000244140625,2255.5,3.63100004196167,8080.0,934.0,594.0,339.0,1729.0,1299.75,790.5,3007.0,178.64999389648438,83.4800033569336,25.059999465942383,282.20001220703125,478.5,82.57499694824219,169.125
2023-04-01,76.77999877929688,79.54000091552734,2.4100000858306885,2.378700017929077,1990.0999755859375,24.999000549316406,1088.199951171875,1517.9000244140625,2359.75,3.869999885559082,8590.0,1069.0,636.0,302.0,1738.5,1444.25,807.25,3174.0,189.85000610351562,79.02999877929688,26.989999771118164,267.54998779296875,461.0,79.6500015258789,175.1750030517578
2023-03-01,75.66999816894531,79.7699966430664,2.2160000801086426,2.676300048828125,1969.0,24.076000213623047,994.0999755859375,1466.0,2383.75,4.104499816894531,8994.5,1164.0,660.5,364.25,1741.5,1505.5,877.75,2933.0,170.5,82.77999877929688,22.25,269.5,483.0,75.25,168.35000610351562
2023-02-01,77.05000305175781,83.88999938964844,2.746999979019165,2.8208999633789062,1828.9000244140625,20.961000442504883,955.2000122070312,1404.4000244140625,2323.5,4.097499847412109,8959.0,1054.0,629.5,359.75,1697.0,1490.5,815.75,2748.0,190.39999389648438,84.19000244140625,22.079999923706055,279.3500061035156,510.5,85.17500305175781,167.5
2023-01-01,,,,,,,,,,,9210.8,,,,,,,,,,,,,,
2022-12-01,80.26000213623047,85.91000366210938,4.474999904632568,3.3622000217437744,1819.699951171875,23.86199951171875,1073.699951171875,1789.300048828125,2410.25,3.805500030517578,8373.01,744.0,678.5,367.25,1805.0,1519.25,888.0,2600.0,167.3000030517578,83.37000274658203,20.040000915527344,206.39999389648438,496.5,87.69999694824219,154.8249969482422
2022-11-01,80.55000305175781,85.43000030517578,6.929999828338623,3.3629000186920166,1746.0,21.549999237060547,1052.300048828125,1845.0,2460.5,3.7295000553131104,8239.75,655.0,662.0,393.5,1781.0,1469.5,913.25,2451.0,167.6999969482422,86.05000305175781,19.6299991607666,200.6999969482422,521.0,82.9000015258789,153.0749969482422
2022-10-01,86.52999877929688,94.83000183105469,6.355000019073486,4.190899848937988,1635.9000244140625,19.125,939.4000244140625,1829.0999755859375,2229.0,3.4135000705718994,7531.0,713.0,691.5,389.0,1656.0,1407.0,978.75,2335.0,177.6999969482422,72.0,17.969999313354492,206.35000610351562,610.0,84.92500305175781,146.77499389648438
2022-09-01,79.48999786376953,87.95999908447266,6.765999794006348,3.36899995803833,1662.4000244140625,18.959999084472656,870.0,2173.199951171875,2157.25,3.441999912261963,7688.0,776.0,677.5,390.0,1717.0,1364.75,991.5,2354.0,221.5500030517578,93.22000122070312,18.420000076293945,191.39999389648438,525.0,89.2249984741211,143.27499389648438
2022-08-01,89.55000305175781,96.48999786376953,9.126999855041504,3.715399980545044,1712.800048828125,17.761999130249023,826.4000244140625,2066.60009765625,2341.75,3.5185000896453857,7847.5,780.0,673.75,404.75,1750.5,1507.5,924.25,2427.0,239.10000610351562,118.29000091552734,17.889999389648438,198.5500030517578,630.0,91.5250015258789,141.5500030517578
2022-07-01,98.62000274658203,110.01000213623047,8.229000091552734,3.6247000694274902,1762.9000244140625,20.1560001373291,884.9000244140625,2128.89990234375,2463.5,3.5840001106262207,7931.25,855.0,616.25,448.0,1688.5,1637.0,874.5,2323.0,217.1999969482422,103.12999725341797,17.540000915527344,172.0,,120.6500015258789,136.4499969482422
2022-06-01,105.76000213623047,114.80999755859375,5.423999786376953,3.898200035095215,1804.0999755859375,20.281999588012695,898.4000244140625,1908.699951171875,2401.5,3.7144999504089355,8264.0,930.0,743.75,661.25,1642.5,1675.0,948.75,2291.0,233.60000610351562,103.94000244140625,18.829999923706055,179.64999389648438,,109.125,138.0
2022-05-01,,,,,,,,,,,9451.5,,,,,,,,,,,,,,
2022-04-01,104.69000244140625,109.33999633789062,7.24399995803833,4.781700134277344,1909.300048828125,23.040000915527344,937.5999755859375,2302.800048828125,3049.75,4.394999980926514,9772.5,1400.0,818.25,675.5,1709.0,1708.25,1094.25,2597.0,222.5500030517578,152.3300018310547,19.350000381469727,182.39999389648438,,100.9000015258789,141.89999389648438
2022-03-01,100.27999877929688,107.91000366210938,5.642000198364258,3.691200017929077,1949.199951171875,25.121000289916992,992.5,2255.5,3500.0,4.743000030517578,10372.5,1541.0,748.75,727.5,1601.0,1618.25,1029.75,2650.0,226.39999389648438,135.69000244140625,19.489999771118164,151.9499969482422,,101.75,139.375
2022-02-01,95.72000122070312,100.98999786376953,4.4019999504089355,3.013400077819824,1899.4000244140625,24.361000061035156,1037.800048828125,2500.5,3417.0,4.444499969482422,9919.0,1056.0,697.5,695.75,1536.5,1644.25,954.25,2491.0,234.25,122.56999969482422,18.0,145.9499969482422,,103.5,140.5
2022-01-01,88.1500015258789,91.20999908447266,4.874000072479248,2.759200096130371,1795.0,22.395000457763672,1019.2000122070312,2349.199951171875,3078.25,4.317999839782715,9554.0,1165.0,626.0,695.5,1506.0,1490.5,781.25,2528.0,235.10000610351562,127.56999969482422,18.219999313354492,147.64999389648438,,88.4749984741211,139.5749969482422
2021-12-01,75.20999908447266,77.77999877929688,3.7300000190734863,2.3301000595092773,1827.5,23.327999114990234,964.4000244140625,1908.0999755859375,2752.5,4.454999923706055,9747.5,1435.0,593.25,683.0,1463.0,1328.75,801.5,2520.0,226.10000610351562,112.5999984741211,18.8799991607666,146.3000030517578,,81.4749984741211,138.89999389648438
2021-11-01,66.18000030517578,70.56999969482422,4.566999912261963,2.063800096511841,1773.5999755859375,22.764999389648438,926.5999755859375,1703.0999755859375,2591.25,4.2779998779296875,9522.5,1610.0,567.0,723.0,1403.5,1217.25,819.0,2314.0,233.25,111.6500015258789,18.600000381469727,122.9000015258789,,73.375,135.875
2021-10-01,83.56999969482422,84.37999725341797,5.426000118255615,2.4964001178741455,1783.0,23.94499969482422,1019.5999755859375,1986.0999755859375,2758.5,4.375500202178955,9728.5,1803.0,568.25,729.75,1328.0,1235.75,785.75,2544.0,203.9499969482422,114.8499984741211,19.270000457763672,120.3499984741211,,76.07499694824219,127.375
2021-09-01,75.02999877929688,78.5199966430664,5.867000102996826,2.3417000770568848,1755.300048828125,22.020999908447266,960.9000244140625,1902.5999755859375,2903.0,4.090000152587891,8940.5,1900.0,536.75,582.25,1371.5,1256.0,731.75,2652.0,194.0,107.80000305175781,19.829999923706055,132.5,,91.5999984741211,120.57499694824219
2021-08-01,,,,,,,,,,,9525.25,,,,,,,,,,,,,,
2021-07-01,73.94999694824219,76.33000183105469,3.9140000343322754,2.199399948120117,1812.5999755859375,25.527999877929688,1046.9000244140625,2655.800048828125,2624.25,4.480500221252441,9708.75,1888.0,547.0,446.75,1368.0,1414.75,673.25,2366.0,179.5500030517578,89.83000183105469,17.90999984741211,132.9499969482422,,106.19999694824219,122.07499694824219
2021-06-01,73.47000122070312,75.12999725341797,3.6500000953674316,2.128700017929077,1770.800048828125,26.165000915527344,1070.5,2777.39990234375,2548.75,4.296500205993652,9363.5,1810.0,720.0,384.0,1317.5,1450.0,650.25,2360.0,159.35000610351562,84.02999877929688,17.6299991607666,118.55000305175781,,107.4749984741211,122.5
2021-05-01,66.31999969482422,69.62999725341797,2.9860000610351562,2.0445001125335693,1902.5,27.993000030517578,1180.800048828125,2824.199951171875,2519.5,4.682499885559082,10250.75,1665.0,656.75,377.5,1330.0,1530.5,613.25,2412.0,162.35000610351562,82.12000274658203,17.360000610351562,118.6500015258789,,117.25,115.875
2021-04-01,63.58000183105469,67.25,2.930999994277954,1.9211000204086304,1767.300048828125,25.85300064086914,1203.0,2957.699951171875,2413.0,4.479000091552734,9833.0,1505.0,740.0,401.0,1338.5,1571.0,698.25,2342.0,139.9499969482422,87.43000030517578,17.440000534057617,109.55000305175781,,110.125,116.0
2021-03-01,59.15999984741211,63.540000915527344,2.6080000400543213,1.771299958229065,1713.800048828125,24.517000198364258,1188.5,2617.5,2215.0,4.002999782562256,8793.0,1348.0,564.25,378.75,1318.0,1436.75,575.75,2348.0,123.5,80.87999725341797,14.770000457763672,110.5999984741211,,101.05000305175781,120.9749984741211
2021-02-01,61.5,66.12999725341797,2.7709999084472656,1.8565000295639038,1728.0999755859375,26.402000427246094,1183.5,2310.10009765625,2182.5,4.0945000648498535,9093.25,1264.0,555.5,376.5,1275.0,1405.25,624.75,2701.0,136.85000610351562,87.81999969482422,17.530000686645508,106.75,,87.1500015258789,113.0999984741211
2021-01-01,52.20000076293945,55.880001068115234,2.563999891281128,1.6003999710083008,1847.300048828125,26.899999618530273,1075.800048828125,2207.10009765625,1982.0,3.573499917984009,7862.5,1149.0,547.0,349.5,1346.0,1370.0,638.0,2531.0,122.94999694824219,80.63999938964844,15.829999923706055,110.5999984741211,,69.80000305175781,115.05000305175781
2020-12-01,48.52000045776367,51.79999923706055,2.5390000343322754,1.4763000011444092,1893.0999755859375,26.332000732421875,1075.4000244140625,2448.5,1990.0,3.5139999389648438,7757.75,1005.0,484.0,360.75,1240.0,1315.25,603.5,2603.0,128.25,78.12000274658203,15.489999771118164,123.25,,70.2750015258789,112.94999694824219
2020-11-01,,,,,,,,,,,7573.75,,,,,,,,,,,,,,
2020-10-01,35.790000915527344,37.459999084472656,3.3540000915527344,1.0813000202178955,1877.4000244140625,23.617000579833984,844.5999755859375,2210.300048828125,1830.25,3.0434999465942383,6713.75,699.0,398.5,297.25,1252.5,1056.5,541.25,2293.0,104.4000015258789,68.91999816894531,14.359999656677246,117.94999694824219,,65.57499694824219,105.9749984741211
2020-09-01,40.220001220703125,40.95000076293945,2.5269999504089355,1.145400047302246,1887.5,23.433000564575195,901.0,2321.300048828125,1778.5,3.0285000801086426,6676.0,615.0,379.0,285.75,1247.5,1023.5,509.75,2546.0,110.94999694824219,64.48999786376953,13.069999694824219,113.69999694824219,,72.80000305175781,108.55000305175781
2020-08-01,42.61000061035156,45.279998779296875,2.630000114440918,1.1960999965667725,1967.5999755859375,28.437000274658203,935.7000122070312,2245.39990234375,1777.25,3.0409998893737793,6681.5,518.0,348.5,274.25,1249.0,951.25,470.5,2723.0,129.8000030517578,64.41000366210938,12.65999984741211,113.80000305175781,,53.599998474121094,104.5
2020-07-01,40.27000045776367,43.29999923706055,1.7990000247955322,1.2171000242233276,1962.800048828125,24.18899917602539,912.2000122070312,2135.300048828125,1693.0,2.8589999675750732,6422.5,482.0,316.0,276.25,1159.5,897.5,442.5,2400.0,118.94999694824219,62.29999923706055,12.640000343322754,121.75,,52.0,102.82499694824219
2020-06-01,39.27000045776367,41.150001525878906,1.7510000467300415,1.1780999898910522,1793.0,18.541000366210938,840.7000122070312,1945.4000244140625,1617.5,2.7135000228881836,6008.25,488.0,338.5,333.5,1450.5,884.25,435.5,2251.0,100.05000305175781,60.97999954223633,11.84000015258789,127.30000305175781,,45.17499923706055,91.6500015258789
2020-05-01,35.4900016784668,35.33000183105469,1.8489999771118164,0.9646999835968018,1736.9000244140625,18.440000534057617,870.5,1934.5,1532.25,2.426500082015991,5358.75,513.0,325.75,324.25,1721.5,840.75,470.5,2454.0,96.30000305175781,57.59000015258789,10.90999984741211,122.5,,56.849998474121094,99.7249984741211
2020-04-01,18.84000015258789,25.270000457763672,1.9490000009536743,0.7318999767303467,1684.199951171875,14.89799976348877,809.5,1952.0999755859375,1491.25,2.3540000915527344,5170.25,468.0,311.5,307.0,1715.5,850.25,482.25,2432.0,104.6500015258789,58.060001373291016,10.390000343322754,108.30000305175781,,59.125,90.0
2020-03-01,,,,,,,,,,,4943.25,,,,,,,,,,,,,,
2020-02-01,44.7599983215332,50.52000045776367,1.684000015258789,1.4905999898910522,1564.0999755859375,16.386999130249023,862.7999877929688,2508.800048828125,1684.0,2.5460000038146973,5629.0,590.0,366.5,268.75,1351.5,883.5,445.5,2760.0,110.0999984741211,61.59000015258789,14.460000038146973,101.8499984741211,,62.275001525878906,112.69999694824219
2020-01-01,51.560001373291016,58.15999984741211,1.840999960899353,1.624500036239624,1582.9000244140625,17.972000122070312,959.2000122070312,2246.60009765625,1741.75,2.5199999809265137,5556.75,578.0,381.25,303.75,1361.0,872.5,465.5,2777.0,102.6500015258789,67.5,14.609999656677246,95.94999694824219,,57.125,121.375
2019-12-01,,,,,,,,,,,6158.5,,,,,,,,,,,,,,
2019-11-01,55.16999816894531,62.43000030517578,2.2809998989105225,1.8789000511169434,1465.5999755859375,16.9689998626709,897.9000244140625,1815.5999755859375,1785.0,2.6419999599456787,5853.25,550.0,371.25,321.25,1248.5,876.75,438.75,2617.0,118.55000305175781,64.4000015258789,12.9399995803833,98.5999984741211,,62.025001525878906,121.19999694824219
2019-10-01,54.18000030517578,60.22999954223633,2.632999897003174,1.878000020980835,1511.4000244140625,18.013999938964844,930.0,1758.0999755859375,1763.0,2.632999897003174,5778.0,498.0,390.0,297.25,1173.0,916.75,419.75,2403.0,101.94999694824219,64.44000244140625,12.479999542236328,95.8499984741211,,66.0,111.67500305175781
2019-09-01,,,,,,,,,,,5706.25,,,,,,,,,,,,,,
2019-08-01,55.099998474121094,60.43000030517578,2.2850000858306885,1.8281999826431274,1519.0999755859375,18.184999465942383,929.5999755859375,1538.5999755859375,1758.0,2.5329999923706055,5668.25,560.0,358.0,262.25,1167.0,857.0,378.25,2161.0,93.5999984741211,59.04999923706055,11.140000343322754,100.5,,63.525001525878906,105.0
2019-07-01,58.58000183105469,65.16999816894531,2.2330000400543213,1.9550000429153442,1426.0999755859375,16.34600067138672,876.0999755859375,1519.199951171875,1860.75,2.6579999923706055,5916.25,606.0,400.25,256.0,1194.5,864.0,422.75,2345.0,99.6500015258789,63.220001220703125,12.210000038146973,103.44999694824219,,79.32499694824219,106.9000015258789
2019-06-01,58.470001220703125,66.55000305175781,2.308000087738037,1.944599986076355,1409.699951171875,15.253000259399414,835.5,1532.4000244140625,1820.0,2.7054998874664307,5992.0,536.0,420.25,273.0,1127.5,899.75,451.5,2450.0,108.25,63.150001525878906,12.319999694824219,100.94999694824219,,72.0999984741211,110.5
2019-05-01,53.5,64.48999786376953,2.4539999961853027,1.8417999744415283,1305.800048828125,14.529999732971191,792.5999755859375,1333.9000244140625,2225.0,2.6459999084472656,5820.0,584.0,427.0,314.5,1145.5,877.75,473.0,2400.0,104.5999984741211,68.08000183105469,12.100000381469727,108.4000015258789,,81.7249984741211,108.4749984741211
2019-04-01,63.90999984741211,72.80000305175781,2.575000047683716,2.081199884414673,1282.800048828125,14.899999618530273,888.0999755859375,1387.4000244140625,2225.0,2.9014999866485596,6412.75,654.0,353.25,305.0,1027.5,841.25,386.25,2368.0,91.8499984741211,75.9800033569336,11.989999771118164,94.80000305175781,,84.30000305175781,123.75
2019-03-01,60.13999938964844,68.38999938964844,2.6619999408721924,1.9733999967575073,1293.0,15.0600004196167,848.9000244140625,1345.0,2225.0,2.936000108718872,6488.5,697.0,356.5,269.0,1085.0,884.25,430.0,2280.0,94.5,77.61000061035156,12.529999732971191,119.9000015258789,,77.375,125.69999694824219
2019-02-01,57.220001220703125,66.02999877929688,2.812000036239624,2.0234999656677246,1312.800048828125,15.538000106811523,873.0,1532.0,2225.0,2.950000047683716,6530.5,714.0,362.0,252.0,1039.5,897.5,441.0,2238.0,95.19999694824219,71.73999786376953,12.729999542236328,114.30000305175781,,55.875,129.9499969482422
2019-01-01,53.790000915527344,61.88999938964844,2.813999891281128,1.8788000345230103,1319.699951171875,16.02199935913086,820.5,1338.300048828125,2332.5,2.7890000343322754,6159.25,694.0,376.5,282.5,1061.0,915.25,499.0,2168.0,105.9000015258789,74.4000015258789,12.729999542236328,120.0999984741211,,56.25,124.80000305175781
2018-12-01,45.40999984741211,53.79999923706055,2.940000057220459,1.680799961090088,1278.300048828125,15.432999610900879,795.9000244140625,1253.9000244140625,2332.5,2.628000020980835,5960.5,721.0,375.0,275.25,1009.5,882.5,488.75,2416.0,101.8499984741211,72.19999694824219,12.029999732971191,125.1500015258789,,60.974998474121094,124.80000305175781
2018-11-01,50.93000030517578,58.709999084472656,4.611999988555908,1.8454999923706055,1220.199951171875,14.093999862670898,798.0,1168.5999755859375,2332.5,2.7774999141693115,6227.0,771.0,366.5,288.25,1088.5,894.75,486.5,2144.0,103.25,77.16000366210938,12.84000015258789,143.9499969482422,,57.875,116.92500305175781
2018-10-01,65.30999755859375,75.47000122070312,3.260999917984009,2.2618000507354736,1212.300048828125,14.229000091552734,839.4000244140625,1085.0999755859375,2328.25,2.6635000705718994,6006.5,831.0,363.25,276.5,1058.0,839.0,493.25,2234.0,112.69999694824219,76.86000061035156,13.1899995803833,135.6999969482422,,58.45000076293945,115.8499984741211
2018-09-01,73.25,82.72000122070312,3.007999897003174,2.351799964904785,1191.5,14.623000144958496,818.7000122070312,1090.800048828125,2323.0,2.7869999408721924,6260.5,841.0,356.25,264.75,978.0,845.5,511.25,2057.0,102.44999694824219,76.76000213623047,10.420000076293945,147.60000610351562,,62.17499923706055,113.44999694824219
2018-08-01,69.80000305175781,77.41999816894531,2.9159998893737793,2.241300106048584,1200.300048828125,14.437999725341797,785.9000244140625,980.2999877929688,2318.75,2.6489999294281006,5974.0,865.0,351.0,243.5,1083.0,833.0,523.0,2323.0,98.0999984741211,82.30999755859375,10.600000381469727,157.85000610351562,,50.42499923706055,106.80000305175781
2018-07-01,,,,,,,,,,,6287.75,,,,,,,,,,,,,,
2018-06-01,74.1500015258789,79.44000244140625,2.9240000247955322,2.2093000411987305,1251.300048828125,16.104000091552734,852.4000244140625,958.2999877929688,2309.25,2.9509999752044678,6638.0,910.0,350.25,250.5,1161.0,858.5,470.75,2476.0,111.5,85.37999725341797,11.859999656677246,159.5500030517578,,82.875,107.0
2018-05-01,67.04000091552734,77.58999633789062,2.9519999027252197,2.1914000511169434,1300.0999755859375,16.402000427246094,908.0999755859375,988.9000244140625,2305.0,3.058000087738037,6847.5,920.0,394.0,244.75,1156.0,1018.5,542.5,2454.0,123.69999694824219,93.1500015258789,12.789999961853027,161.8000030517578,,76.625,105.05000305175781
2018-04-01,,,,,,,,,,,6779.0,,,,,,,,,,,,,,
2018-03-01,64.94000244140625,70.2699966430664,2.7330000400543213,2.02839994430542,1322.800048828125,16.222999572753906,927.2999877929688,944.7999877929688,2260.0,3.0190000534057617,6690.25,859.0,387.75,225.0,1235.5,1044.75,467.25,2556.0,118.1500015258789,81.45999908447266,12.350000381469727,141.10000610351562,,57.25,113.75
2018-02-01,61.63999938964844,65.77999877929688,2.6670000553131104,1.913599967956543,1315.5,16.323999404907227,986.5999755859375,1047.199951171875,2255.0,3.1075000762939453,6903.5,805.0,374.5,263.0,1239.0,1045.0,508.25,2240.0,121.05000305175781,81.6500015258789,13.479999542236328,143.39999389648438,,67.2249984741211,127.5
2018-01-01,64.7300033569336,69.05000305175781,2.994999885559082,2.069200038909912,1339.0,17.20400047302246,1001.2999877929688,1027.5,2250.0,3.184000015258789,7091.25,731.0,361.5,265.5,1244.0,995.75,467.25,1996.0,121.8499984741211,77.27999877929688,13.229999542236328,148.6999969482422,,73.2249984741211,123.8499984741211
2017-12-01,60.41999816894531,66.5999984741211,2.953000068664551,2.075500011444092,1306.300048828125,17.059999465942383,934.2000122070312,1073.75,2244.5,3.2795000076293945,7219.0,662.0,350.75,241.0,1168.0,951.75,427.25,1892.0,126.19999694824219,78.62999725341797,15.15999984741211,136.0,,71.7750015258789,123.0
2017-11-01,57.400001525878906,63.56999969482422,3.0250000953674316,1.892699956893921,1273.199951171875,16.381999969482422,941.2999877929688,1006.5999755859375,2239.5,3.0369999408721924,6739.5,629.0,341.75,247.75,1253.0,985.75,414.5,2048.0,126.30000305175781,75.04000091552734,15.079999923706055,160.10000610351562,,64.2750015258789,119.9000015258789
2017-10-01,,,,,,,,,,,6822.75,,,,,,,,,,,,,,
2017-09-01,51.66999816894531,57.540000915527344,3.006999969482422,1.8116999864578247,1281.5,16.60700035095215,910.2999877929688,937.9500122070312,2192.75,2.9375,6447.25,599.0,355.25,251.25,1199.5,968.25,442.75,2043.0,128.0500030517578,69.08000183105469,13.539999961853027,148.35000610351562,,55.400001525878906,109.0999984741211
2017-08-01,47.22999954223633,52.380001068115234,3.0399999618530273,1.7575000524520874,1316.199951171875,17.479999542236328,996.7999877929688,931.9500122070312,2169.0,3.0789999961853027,6763.5,634.0,342.25,223.5,1255.0,936.25,408.75,1966.0,128.14999389648438,71.4800033569336,14.399999618530273,137.64999389648438,,61.400001525878906,104.5250015258789
2017-07-01,50.16999816894531,52.650001525878906,2.7939999103546143,1.651900053024292,1266.5999755859375,16.75,937.7000122070312,890.5,1983.0,2.888000011444092,6343.25,628.0,370.75,284.25,1226.0,994.5,474.75,2060.0,139.25,70.5,14.90999984741211,131.64999389648438,,80.30000305175781,112.0
2017-06-01,46.040000915527344,47.91999816894531,3.0350000858306885,1.4754999876022339,1240.699951171875,16.56800079345703,923.7000122070312,849.0,1984.5,2.6989998817443848,5923.0,640.0,370.5,290.0,1150.5,942.25,511.25,1903.0,124.05000305175781,75.30999755859375,13.680000305175781,129.85000610351562,,90.625,119.0999984741211
2017-05-01,48.31999969482422,50.310001373291016,3.071000099182129,1.5153000354766846,1272.0,17.368000030517578,948.5,819.8499755859375,2017.25,2.5769999027252197,5665.75,575.0,372.0,247.5,1113.0,916.0,431.75,2048.0,129.35000610351562,76.9800033569336,14.869999885559082,133.5500030517578,,81.92500305175781,124.42500305175781
2017-04-01,49.33000183105469,51.72999954223633,3.2760000228881836,1.503999948501587,1266.0999755859375,17.19099998474121,946.2999877929688,826.5499877929688,2014.5,2.5964999198913574,5715.5,615.0,358.0,237.5,913.0,945.25,424.75,1844.0,131.0500030517578,80.2300033569336,16.040000915527344,158.10000610351562,,66.9749984741211,138.0
2017-03-01,50.599998474121094,52.83000183105469,3.190000057220459,1.5736000537872314,1247.300048828125,18.235000610351562,948.2000122070312,798.1500244140625,2032.0,2.6465001106262207,5824.0,630.0,364.25,224.25,989.5,946.0,420.5,2095.0,139.3000030517578,77.33000183105469,16.760000228881836,157.0,,65.67500305175781,119.94999694824219
2017-02-01,54.0099983215332,55.59000015258789,2.7739999294281006,1.6208000183105469,1252.5999755859375,18.420000076293945,1029.5,770.7000122070312,2018.25,2.7039999961853027,5965.0,614.0,366.75,258.0,928.5,1025.0,451.25,1943.0,140.6999969482422,75.33000183105469,19.309999465942383,164.8000030517578,,67.5999984741211,126.5999984741211
2017-01-01,,,,,,,,,,,5984.25,,,,,,,,,,,,,,
2016-12-01,53.720001220703125,56.130001068115234,3.7239999771118164,1.704300045967102,1150.0,15.935999870300293,901.5999755859375,682.6500244140625,1794.0,2.497499942779541,5526.0,633.0,352.0,228.5,935.5,996.5,418.5,2126.0,137.0500030517578,70.6500015258789,19.510000228881836,198.10000610351562,,66.1500015258789,119.0
2016-11-01,49.439998626708984,50.470001220703125,3.3519999980926514,1.5708999633789062,1170.800048828125,16.4060001373291,908.0999755859375,771.6500244140625,1858.5,2.621500015258789,5814.25,562.0,336.75,199.25,970.5,1032.25,391.25,2387.0,147.5,72.45999908447266,19.809999465942383,217.60000610351562,,51.025001525878906,110.75
2016-10-01,46.86000061035156,48.29999923706055,3.0260000228881836,1.4954999685287476,1271.5,17.761999130249023,975.7999877929688,617.4500122070312,1806.0,2.200500011444092,4844.25,492.0,354.75,220.5,985.5,1002.25,414.75,2735.0,164.14999389648438,68.86000061035156,21.56999969482422,221.9499969482422,,47.95000076293945,103.0999984741211
2016-09-01,48.2400016784668,49.060001373291016,2.9059998989105225,1.527899980545044,1313.300048828125,19.138999938964844,1028.5999755859375,720.5,1736.25,2.2019999027252197,4853.0,496.0,336.75,178.25,988.5,954.0,415.5,2761.0,151.5500030517578,68.29000091552734,22.530000686645508,205.0,,49.025001525878906,98.9000015258789
2016-08-01,44.70000076293945,47.040000915527344,2.88700008392334,1.4101999998092651,1306.9000244140625,18.621999740600586,1050.800048828125,668.7000122070312,1659.75,2.069499969482422,4607.25,555.0,301.5,161.0,919.5,960.0,371.25,2921.0,145.89999389648438,65.31999969482422,20.059999465942383,182.10000610351562,,62.849998474121094,111.94999694824219
2016-07-01,41.599998474121094,42.459999084472656,2.875999927520752,1.2760000228881836,1349.0,20.312000274658203,1147.300048828125,708.4500122070312,1674.5,2.2204999923706055,4917.25,595.0,334.5,200.5,994.0,1032.5,409.75,2835.0,146.1999969482422,74.16000366210938,19.049999237060547,174.64999389648438,,68.9749984741211,113.07499694824219
2016-06-01,48.33000183105469,49.68000030517578,2.9240000247955322,1.4846999645233154,1318.4000244140625,18.582000732421875,1021.5,598.1500244140625,1688.75,2.194499969482422,4841.75,618.0,358.75,205.25,1050.5,1175.0,404.25,3004.0,144.10000610351562,62.81999969482422,20.149999618530273,177.14999389648438,,82.8499984741211,120.0
2016-05-01,,,,,,,,,,,4680.25,,,,,,,,,,,,,,
2016-04-01,45.91999816894531,48.130001068115234,2.177999973297119,1.3779000043869019,1289.199951171875,17.788999557495117,1077.9000244140625,627.9000244140625,1732.75,2.2790000438690186,5064.0,560.0,390.25,193.5,1084.0,1021.0,465.25,3207.0,120.8499984741211,63.7599983215332,16.15999984741211,124.55000305175781,,77.9000015258789,123.0999984741211
2016-03-01,38.34000015258789,39.599998474121094,1.9589999914169312,1.1848000288009644,1234.199951171875,15.460000038146973,976.5999755859375,563.0499877929688,1603.25,2.18149995803833,4872.5,480.0,351.5,185.5,969.0,910.75,476.25,2950.0,127.44999694824219,58.439998626708984,15.350000381469727,147.1999969482422,,68.3499984741211,132.9250030517578
2016-02-01,33.75,35.970001220703125,1.7109999656677246,1.0759999752044678,1233.9000244140625,14.895999908447266,933.7000122070312,495.6000061035156,1656.0,2.128499984741211,4705.5,402.0,353.5,169.25,1049.5,853.0,445.0,2949.0,112.6500015258789,58.0099983215332,14.5600004196167,121.4000015258789,,69.9749984741211,139.5
2016-01-01,33.619998931884766,34.7400016784668,2.2980000972747803,1.0550999641418457,1116.4000244140625,14.229000091552734,872.2999877929688,497.5,1643.25,2.063999891281128,4569.0,401.0,372.0,200.75,1135.0,882.25,472.0,2761.0,116.3499984741211,61.130001068115234,13.140000343322754,132.39999389648438,,65.80000305175781,135.3000030517578
2015-12-01,37.040000915527344,37.279998779296875,2.3369998931884766,1.1007000207901,1060.300048828125,13.774999618530273,891.7000122070312,560.7999877929688,1634.5,2.125499963760376,4712.5,391.0,358.75,217.25,1156.5,871.25,468.5,3211.0,126.69999694824219,63.279998779296875,15.239999771118164,140.0,,59.79999923706055,135.8000030517578
2015-11-01,,,,,,,,,,,4602.25,,,,,,,,,,,,,,
2015-10-01,46.59000015258789,49.560001373291016,2.321000099182129,1.499400019645691,1141.5,15.565999984741211,988.5999755859375,677.0499877929688,1557.0,2.313499927520752,5131.0,397.0,382.25,227.25,1161.0,883.75,493.75,3259.0,120.94999694824219,63.31999969482422,14.520000457763672,134.64999389648438,,59.20000076293945,139.25
2015-09-01,45.09000015258789,48.369998931884766,2.5239999294281006,1.5125999450683594,1115.5,14.512999534606934,907.2000122070312,651.0,1641.25,2.3454999923706055,5179.0,418.0,387.75,226.75,1320.0,892.0,501.75,3114.0,121.3499984741211,59.4900016784668,12.170000076293945,105.55000305175781,,73.5250015258789,124.67500305175781
2015-08-01,49.20000076293945,54.150001525878906,2.688999891281128,1.6735999584197998,1131.5999755859375,14.57699966430664,1010.0999755859375,601.5499877929688,1688.5,2.3380000591278076,5147.0,463.0,363.75,235.5,1188.0,897.5,463.75,3102.0,120.55000305175781,63.7400016784668,10.6899995803833,129.60000610351562,,68.0250015258789,145.5
2015-07-01,47.119998931884766,52.209999084472656,2.7160000801086426,1.5839999914169312,1094.9000244140625,14.746000289916992,984.0,610.3499755859375,1705.5,2.367500066757202,5221.0,478.0,371.0,241.25,1151.5,980.75,492.25,3209.0,125.25,64.01000213623047,11.140000343322754,123.5999984741211,,78.5,145.6999969482422
2015-06-01,59.470001220703125,63.59000015258789,2.8320000171661377,1.8866000175476074,1171.5,15.550999641418457,1078.5999755859375,671.6500244140625,1804.75,2.623500108718872,5757.25,465.0,414.0,253.25,1016.5,1056.25,593.25,3275.0,130.64999389648438,67.51000213623047,12.279999732971191,114.9000015258789,,76.19999694824219,147.85000610351562
2015-05-01,60.29999923706055,65.55999755859375,2.6419999599456787,1.955299973487854,1189.4000244140625,16.68400001525879,1111.0,776.75,1835.0,2.759500026702881,6010.25,464.0,351.5,234.0,951.0,934.0,498.75,3085.0,126.1500015258789,64.3499984741211,11.979999542236328,114.25,,83.82499694824219,152.3249969482422
2015-04-01,59.630001068115234,66.77999877929688,2.750999927520752,1.9763000011444092,1182.4000244140625,16.124000549316406,1139.9000244140625,776.5,2025.0,2.8864998817443848,6350.5,462.0,362.5,239.75,1003.0,978.5,490.25,2943.0,136.5500030517578,68.12000274658203,12.979999542236328,109.4000015258789,,76.94999694824219,159.5
2015-03-01,,,,,,,,,,,6064.5,,,,,,,,,,,,,,
2015-02-01,,,,,,,,,,,5918.0,,,,,,,,,,,,,,
2015-01-01,48.2400016784668,52.9900016784668,2.690999984741211,1.6863000392913818,1278.5,17.191999435424805,1239.199951171875,772.7000122070312,2295.5,2.5280001163482666,5542.0,550.0,370.0,275.5,1057.0,961.0,540.25,2693.0,161.89999389648438,59.36000061035156,14.789999961853027,140.0,,67.4749984741211,154.85000610351562
2014-12-01,53.27000045776367,57.33000183105469,2.8889999389648438,1.84660005569458,1183.9000244140625,15.5649995803833,1208.9000244140625,798.4000244140625,2194.0,2.8385000228881836,6349.0,605.0,397.0,303.75,1149.0,1019.25,626.5,2910.0,166.60000610351562,60.27000045776367,14.520000457763672,140.0500030517578,,81.19999694824219,165.6999969482422
2014-11-01,66.1500015258789,70.1500015258789,4.0879998207092285,2.230799913406372,1175.199951171875,15.48900032043457,1210.4000244140625,812.4000244140625,2368.25,2.859999895095825,6409.0,629.0,375.75,294.5,1233.5,1016.0,637.0,2880.0,186.64999389648438,60.959999084472656,15.59000015258789,148.85000610351562,,90.32499694824219,168.875
2014-10-01,80.54000091552734,85.86000061035156,3.872999906539917,2.5144999027252197,1171.0999755859375,16.07699966430664,1236.199951171875,791.4500122070312,2445.5,3.061000108718872,6752.0,638.0,376.75,336.25,1200.5,1046.5,593.75,2899.0,188.0,64.44999694824219,16.040000915527344,133.64999389648438,,88.0250015258789,169.5
2014-09-01,91.16000366210938,94.66999816894531,4.120999813079834,2.647200107574463,1210.5,17.006000518798828,1298.5,774.9500122070312,2320.5,3.005500078201294,6710.0,639.0,320.75,335.5,1274.5,913.25,558.0,3300.0,193.35000610351562,61.959999084472656,15.479999542236328,144.75,,107.9749984741211,160.4499969482422
2014-08-01,95.95999908447266,103.19000244140625,4.065000057220459,2.8568999767303467,1285.800048828125,19.398000717163086,1426.699951171875,908.6500244140625,2462.25,3.134999990463257,6996.5,662.0,359.0,362.25,1258.5,1089.5,626.25,3219.0,195.75,67.5999984741211,15.489999771118164,148.5500030517578,,98.125,155.89999389648438
2014-07-01,98.16999816894531,106.0199966430664,3.8410000801086426,2.8866000175476074,1281.300048828125,20.37299919128418,1465.699951171875,874.6500244140625,2351.0,3.2230000495910645,7123.5,669.0,357.0,354.5,1298.5,1224.5,625.75,3219.0,195.0500030517578,62.09000015258789,16.459999084472656,140.6999969482422,,118.0250015258789,157.9250030517578
2014-06-01,,,,,,,,,,,7036.0,,,,,,,,,,,,,,
2014-05-01,102.70999908447266,109.41000366210938,4.541999816894531,2.8845999240875244,1245.5999755859375,18.652999877929688,1454.699951171875,835.6500244140625,2177.25,3.135999917984009,6892.0,670.0,465.75,371.0,1498.5,1493.25,723.0,3071.0,177.5,86.2699966430664,17.3799991607666,159.39999389648438,,113.3499984741211,137.8000030517578
2014-04-01,99.73999786376953,108.06999969482422,4.815000057220459,2.9349000453948975,1295.5999755859375,19.118999481201172,1426.5999755859375,812.6500244140625,,3.0295000076293945,6662.5,680.0,514.0,418.5,1561.5,1530.75,809.75,2974.0,203.0500030517578,94.13999938964844,17.239999771118164,154.60000610351562,,117.67500305175781,145.8249969482422
2014-03-01,101.58000183105469,107.76000213623047,4.370999813079834,2.931999921798706,1283.4000244140625,19.733999252319336,1418.5,777.5,,3.0464999675750732,6652.0,639.0,502.0,399.0,1560.0,1464.0,764.0,2955.0,177.89999389648438,93.5199966430664,17.770000457763672,155.0,,126.0,145.85000610351562
2014-02-01,102.58999633789062,109.06999969482422,4.609000205993652,3.0892999172210693,1321.4000244140625,21.20400047302246,1446.199951171875,743.8499755859375,,3.2385001182556152,7059.0,627.0,457.5,510.5,1537.5,1414.25,677.0,2935.0,179.8000030517578,86.58999633789062,16.469999313354492,147.75,,106.8499984741211,151.9499969482422
2014-01-01,97.48999786376953,106.4000015258789,4.942999839782715,3.279400110244751,1240.0999755859375,19.104999542236328,1374.0999755859375,703.0,,3.2204999923706055,7103.0,655.0,434.0,405.75,1540.0,1282.75,615.5,2911.0,125.19999694824219,85.83000183105469,15.550000190734863,142.5500030517578,,86.2249984741211,141.6750030517578
2013-12-01,,,,,,,,,,,7372.75,,,,,,,,,,,,,,
2013-11-01,92.72000122070312,109.69000244140625,3.9539999961853027,3.047800064086914,1250.5999755859375,19.981000900268555,1367.9000244140625,718.0,,3.2304999828338623,7059.75,675.0,415.25,365.25,1596.0,1336.5,713.25,2791.0,110.25,78.13999938964844,17.149999618530273,139.6999969482422,,85.67500305175781,133.47500610351562
2013-10-01,96.37999725341797,108.83999633789062,3.5810000896453857,2.9677999019622803,1323.5999755859375,21.832000732421875,1445.9000244140625,736.25,,3.2945001125335693,7243.5,659.0,428.25,330.25,1502.5,1280.25,740.5,2677.0,105.4000015258789,77.18000030517578,18.31999969482422,121.55000305175781,,89.17500305175781,134.5
2013-09-01,,,,,,,,,,,7286.25,,,,,,,,,,,,,,
2013-08-01,107.6500015258789,114.01000213623047,3.5810000896453857,3.1396000385284424,1396.0999755859375,23.46299934387207,1526.199951171875,722.0999755859375,,3.2249999046325684,7086.0,645.0,495.0,391.5,1580.5,1424.0,700.75,2413.0,112.0999984741211,83.69999694824219,16.34000015258789,136.9499969482422,,87.625,122.69999694824219
2013-07-01,105.02999877929688,107.69999694824219,3.446000099182129,3.043100118637085,1312.4000244140625,19.617000579833984,1428.4000244140625,725.4500122070312,,3.118499994277954,6881.0,642.0,499.0,340.25,1582.5,1374.0,706.75,2298.0,118.5999984741211,85.62999725341797,16.969999313354492,143.89999389648438,,97.57499694824219,121.44999694824219
2013-06-01,96.55999755859375,102.16000366210938,3.565000057220459,2.8798000812530518,1223.800048828125,19.451000213623047,1336.9000244140625,659.2000122070312,,3.05049991607666,6738.5,632.0,679.25,401.25,1574.0,1564.5,676.25,2194.0,120.0,82.70999908447266,16.3799991607666,129.89999389648438,,101.2750015258789,118.1500015258789
2013-05-01,91.97000122070312,100.38999938964844,3.9839999675750732,2.79229998588562,1392.5999755859375,22.22800064086914,1460.5999755859375,751.0499877929688,,3.2890000343322754,7290.25,588.0,662.0,374.25,1529.5,1510.0,751.0,2191.0,127.05000305175781,79.36000061035156,16.549999237060547,151.35000610351562,,95.625,121.30000305175781
2013-04-01,93.45999908447266,102.37000274658203,4.3429999351501465,2.8733999729156494,1472.199951171875,24.143999099731445,1505.4000244140625,696.7000122070312,,3.1875,7027.5,595.0,683.25,415.5,1485.5,1467.75,798.0,2368.0,134.9499969482422,85.52999877929688,17.670000076293945,141.39999389648438,,90.0999984741211,128.39999389648438
2013-03-01,97.2300033569336,110.0199966430664,4.02400016784668,2.9154000282287598,1594.800048828125,28.29199981689453,1571.199951171875,767.0999755859375,,3.3949999809265137,7518.25,615.0,695.25,396.25,1536.0,1404.75,726.75,2170.0,137.14999389648438,88.45999908447266,17.65999984741211,135.14999389648438,,80.5999984741211,128.89999389648438
2013-02-01,92.05000305175781,111.37999725341797,3.4860000610351562,2.97189998626709,1577.699951171875,28.395000457763672,1582.4000244140625,732.5999755859375,,3.5274999141693115,7792.25,614.0,719.5,391.75,1550.0,1474.25,747.0,2146.0,142.64999389648438,83.55999755859375,18.3799991607666,127.1500015258789,,81.0,128.0
2013-01-01,97.48999786376953,115.55000305175781,3.3389999866485596,3.1298000812530518,1660.5999755859375,31.334999084472656,1673.9000244140625,745.2999877929688,,3.7235000133514404,8137.5,633.0,740.5,360.0,1550.5,1468.5,837.75,2205.0,146.9499969482422,82.94999694824219,18.780000686645508,119.69999694824219,,87.5999984741211,127.625
2012-12-01,91.81999969482422,111.11000061035156,3.3510000705718994,3.045099973678589,1674.800048828125,30.17300033569336,1538.699951171875,702.6500244140625,,3.6410000324249268,7912.5,655.0,698.25,347.5,1486.0,1418.75,831.0,2236.0,143.8000030517578,75.13999938964844,19.510000228881836,116.05000305175781,,85.7249984741211,129.89999389648438
2012-11-01,88.91000366210938,111.2300033569336,3.561000108718872,3.041300058364868,1710.9000244140625,33.20399856567383,1603.0999755859375,686.25,,3.629499912261963,7983.25,650.0,748.0,360.75,1527.0,1438.75,897.5,2538.0,142.10000610351562,72.6500015258789,19.34000015258789,123.25,,84.07499694824219,126.7249984741211
2012-10-01,86.23999786376953,108.69999694824219,3.691999912261963,3.06820011138916,1717.5,32.28799819946289,1576.0,609.0,,3.5269999504089355,7761.75,618.0,755.75,389.0,1483.0,1547.0,904.0,2388.0,154.64999389648438,70.06999969482422,19.459999084472656,106.25,,78.2750015258789,126.75
2012-09-01,92.19000244140625,112.38999938964844,3.319999933242798,3.1693999767303467,1771.0999755859375,34.516998291015625,1665.300048828125,639.6500244140625,,3.7730000019073486,8213.0,598.0,756.25,370.5,1547.5,1601.0,927.5,2516.0,173.5,69.1500015258789,19.579999923706055,113.1500015258789,,77.17500305175781,122.07499694824219
2012-08-01,96.47000122070312,114.56999969482422,2.7990000247955322,3.169600009918213,1684.5999755859375,31.3700008392334,1536.300048828125,627.9500122070312,,3.4539999961853027,7613.5,640.0,802.75,388.5,1501.0,1764.5,880.75,2656.0,164.5500030517578,76.4800033569336,19.780000686645508,131.89999389648438,,74.17500305175781,118.07499694824219
2012-07-01,,,,,,,,,,,7555.5,,,,,,,,,,,,,,
2012-06-01,84.95999908447266,97.80000305175781,2.8239998817443848,2.696000099182129,1603.5,27.579999923706055,1449.0999755859375,583.0499877929688,,3.490000009536743,7696.5,600.0,672.5,336.0,1419.0,1512.75,738.5,2289.0,170.10000610351562,72.16000366210938,21.809999465942383,122.6500015258789,,96.625,116.55000305175781
2012-05-01,86.52999877929688,101.87000274658203,2.421999931335449,2.706199884414673,1562.5999755859375,27.740999221801758,1416.0999755859375,612.0999755859375,,3.362499952316284,7440.0,640.0,555.25,280.75,1422.5,1340.0,665.0,2083.0,160.64999389648438,71.55000305175781,19.420000076293945,112.05000305175781,,89.80000305175781,117.0999984741211
2012-04-01,,,,,,,,,,,8459.5,,,,,,,,,,,,,,
2012-03-01,103.0199966430664,122.87999725341797,2.125999927520752,3.1684000492095947,1669.300048828125,32.46900177001953,1638.300048828125,653.1500244140625,,3.8239998817443848,8469.0,695.0,644.0,341.25,1476.5,1403.0,697.5,2219.0,182.4499969482422,93.5199966430664,24.709999084472656,164.5,,83.42500305175781,120.44999694824219
2012-02-01,107.06999969482422,122.66000366210938,2.615999937057495,3.187999963760376,1709.9000244140625,34.58300018310547,1691.0999755859375,706.6500244140625,,3.870500087738037,8495.53,693.0,656.5,330.0,1420.5,1313.5,699.0,2383.0,203.14999389648438,89.86000061035156,25.65999984741211,190.5500030517578,,89.42500305175781,127.6500015258789
2012-01-01,,,,,,,,,,,8307.0,,,,,,,,,,,,,,
2011-12-01,98.83000183105469,107.37999725341797,2.989000082015991,2.934999942779541,1565.800048828125,27.875,1399.699951171875,655.5999755859375,,3.43149995803833,7595.0,725.0,646.5,309.5,1460.5,1198.5,717.0,2109.0,226.85000610351562,91.80000305175781,23.299999237060547,169.0,,84.30000305175781,122.9000015258789
2011-11-01,100.36000061035156,110.81999969482422,3.549999952316284,3.021399974822998,1745.5,32.73099899291992,1559.800048828125,610.0,,3.562999963760376,7869.75,655.0,601.25,343.75,1483.5,1131.25,651.0,2162.0,233.8000030517578,90.30999755859375,23.690000534057617,176.10000610351562,,88.17500305175781,121.5999984741211
2011-10-01,93.19000244140625,109.55999755859375,3.934000015258789,3.0429000854492188,1724.199951171875,34.33700180053711,1597.5999755859375,651.0499877929688,,3.628999948501587,7986.0,635.0,647.0,334.5,1664.0,1207.5,725.0,2696.0,226.9499969482422,102.29000091552734,25.770000457763672,183.89999389648438,,87.4749984741211,119.80000305175781
2011-09-01,79.19999694824219,102.76000213623047,3.6659998893737793,2.794800043106079,1620.4000244140625,30.041000366210938,1519.4000244140625,614.0499877929688,,3.1449999809265137,7004.5,675.0,592.5,328.0,1595.0,1179.0,704.0,2608.0,228.89999389648438,98.70999908447266,26.34000015258789,150.0,,93.375,122.1500015258789
2011-08-01,88.80999755859375,114.8499984741211,4.053999900817871,3.078200101852417,1828.5,41.69900131225586,1856.199951171875,788.0999755859375,,4.186999797821045,9263.75,695.0,757.5,370.0,1768.0,1449.0,871.0,3098.0,289.1000061035156,105.87999725341797,29.68000030517578,168.5500030517578,,85.5,114.25
2011-07-01,95.69999694824219,116.73999786376953,4.144999980926514,3.0961999893188477,1628.300048828125,40.09199905395508,1785.300048828125,826.7000122070312,,4.473999977111816,9815.5,680.0,665.5,345.5,1611.5,1354.25,767.0,2974.0,239.5500030517578,102.08000183105469,29.809999465942383,199.75,,102.7750015258789,112.625
2011-06-01,95.41999816894531,112.4800033569336,4.374000072479248,2.9326999187469482,1502.300048828125,34.8120002746582,1724.800048828125,759.4000244140625,,4.271999835968018,9422.0,722.0,629.0,334.0,1388.5,1306.25,688.75,3170.0,265.3500061035156,159.7899932861328,28.360000610351562,198.60000610351562,,94.4000015258789,112.75
2011-05-01,,,,,,,,,,,9206.25,,,,,,,,,,,,,,
2011-04-01,113.93000030517578,125.88999938964844,4.697999954223633,3.2558000087738037,1556.0,48.58399963378906,1871.5,791.9500122070312,,4.165500164031982,9303.0,780.0,754.0,342.5,1480.5,1392.75,893.0,3390.0,299.3500061035156,178.77999877929688,23.3799991607666,176.5500030517578,,95.2750015258789,117.05000305175781
2011-03-01,106.72000122070312,117.36000061035156,4.388999938964844,3.0897998809814453,1438.9000244140625,37.87200164794922,1779.300048828125,767.9000244140625,,4.300000190734863,9420.0,880.0,693.25,367.25,1398.5,1410.25,908.0,2952.0,264.1499938964844,200.22999572753906,27.110000610351562,162.8000030517578,,93.7249984741211,121.55000305175781
2011-02-01,96.97000122070312,111.80000305175781,4.0370001792907715,2.925800085067749,1409.300048828125,33.80400085449219,1809.199951171875,797.6500244140625,,4.478000164031982,9882.5,845.0,722.5,371.25,1385.0,1357.25,902.5,3757.0,271.70001220703125,205.13999938964844,32.5099983215332,179.9499969482422,,88.80000305175781,112.0250015258789
2011-01-01,92.19000244140625,101.01000213623047,4.420000076293945,2.746799945831299,1333.800048828125,28.173999786376953,1797.5,819.0,,4.451000213623047,9770.5,765.0,659.5,396.0,1551.0,1413.0,924.75,3352.0,244.8000030517578,168.44000244140625,33.970001220703125,168.5500030517578,,87.25,108.94999694824219
2010-12-01,91.37999725341797,94.75,4.40500020980835,2.5436999797821045,1421.0999755859375,30.90999984741211,1773.300048828125,803.2999877929688,,4.439499855041504,9644.0,690.0,629.0,394.0,1399.5,1393.75,851.0,3035.0,240.5,144.80999755859375,32.119998931884766,172.35000610351562,,79.75,107.9000015258789
2010-11-01,84.11000061035156,85.91999816894531,4.179999828338623,2.3169000148773193,1385.0,28.184999465942383,1650.4000244140625,700.9500122070312,,3.822999954223633,8416.0,565.0,530.0,340.0,1388.0,1243.0,730.0,2772.0,200.9499969482422,126.2300033569336,27.549999237060547,149.1999969482422,,69.0250015258789,103.07499694824219
2010-10-01,81.43000030517578,83.1500015258789,4.038000106811523,2.220099925994873,1357.0999755859375,24.559999465942383,1705.0999755859375,645.0999755859375,,3.7320001125335693,8191.25,555.0,582.0,368.0,1442.5,1226.0,771.0,2797.0,203.4499969482422,125.26000213623047,29.1200008392334,161.6999969482422,,66.19999694824219,98.8499984741211
2010-09-01,79.97000122070312,82.30999755859375,3.871999979019165,2.24399995803833,1307.800048828125,21.79800033569336,1652.0,571.25,,3.6459999084472656,8010.0,590.0,495.75,342.0,1256.5,1106.75,707.75,2814.0,183.0500030517578,104.18000030517578,25.299999237060547,156.9499969482422,,77.7750015258789,96.69999694824219
2010-08-01,,,,,,,,,,,7432.25,,,,,,,,,,,,,,
2010-07-01,78.94999694824219,78.18000030517578,4.922999858856201,2.0427000522613525,1181.699951171875,17.98699951171875,1576.800048828125,500.0,,3.306999921798706,7281.75,580.0,392.75,271.0,1055.5,1052.5,674.5,3091.0,176.3000030517578,82.36000061035156,19.56999969482422,146.60000610351562,,85.82499694824219,92.6500015258789
2010-06-01,75.62999725341797,75.01000213623047,4.616000175476074,1.9816999435424805,1245.5,18.67099952697754,1530.9000244140625,444.3999938964844,,2.936000108718872,6492.75,615.0,354.25,255.0,943.0,948.5,486.0,2894.0,164.1999969482422,82.5999984741211,18.030000686645508,148.25,,79.2249984741211,91.25
2010-05-01,73.97000122070312,74.0199966430664,4.341000080108643,1.9802000522613525,1212.199951171875,18.410999298095703,1547.4000244140625,461.8500061035156,,3.0969998836517334,6917.0,665.0,359.0,191.0,1163.5,937.75,481.5,2965.0,134.25,80.05000305175781,14.1899995803833,142.89999389648438,,81.8499984741211,90.5250015258789
2010-04-01,86.1500015258789,87.44000244140625,3.9200000762939453,2.2885000705718994,1180.0999755859375,18.611000061035156,1745.0999755859375,554.75,,3.3375000953674316,7404.0,690.0,366.25,205.25,1235.5,989.5,505.5,3229.0,135.1999969482422,82.76000213623047,15.050000190734863,134.35000610351562,,89.5250015258789,99.92500305175781
2010-03-01,83.76000213623047,82.69999694824219,3.86899995803833,2.164599895477295,1113.300048828125,17.511999130249023,1639.800048828125,478.1499938964844,,3.5460000038146973,7767.75,700.0,345.0,208.0,1221.5,941.0,461.75,2969.0,136.14999389648438,80.55000305175781,16.59000015258789,135.3000030517578,,73.32499694824219,96.55000305175781
2010-02-01,79.66000366210938,77.58999633789062,4.813000202178955,2.024899959564209,1118.300048828125,16.5,1538.0,432.3999938964844,,3.2685000896453857,7175.0,630.0,378.0,221.0,1343.0,951.0,511.0,2917.0,129.0500030517578,82.61000061035156,24.1299991607666,143.64999389648438,,72.80000305175781,90.30000305175781
2010-01-01,72.88999938964844,71.45999908447266,5.13100004196167,1.902899980545044,1083.0,16.183000564575195,1501.300048828125,416.5,,3.0460000038146973,6730.25,561.0,356.5,228.0,1420.0,914.0,487.0,3184.0,131.6999969482422,69.02999877929688,29.899999618530273,136.10000610351562,,66.5,85.80000305175781
2009-12-01,79.36000061035156,77.93000030517578,5.572000026702881,2.118799924850464,1095.199951171875,16.82200050354004,1460.0,407.25,,3.327500104904175,7351.5,513.0,414.5,277.0,1456.5,1039.75,536.25,3289.0,135.9499969482422,75.5999984741211,26.950000762939453,124.0,,65.5999984741211,86.0
2009-11-01,,,,,,,,,,,6904.75,,,,,,,,,,,,,,
2009-10-01,77.0,75.19999694824219,5.045000076293945,1.9810999631881714,1039.699951171875,16.246000289916992,1297.4000244140625,316.75,,2.947499990463257,6463.25,555.0,366.0,254.5,1436.0,978.0,499.0,3297.0,135.5,67.63999938964844,22.809999465942383,111.3499984741211,,56.70000076293945,81.6500015258789
2009-09-01,70.61000061035156,69.06999969482422,4.841000080108643,1.7960000038146973,1008.0,16.63599967956543,1295.5999755859375,298.54998779296875,,2.809000015258789,6153.5,540.0,344.0,233.0,1300.0,927.0,476.5,3140.0,127.80000305175781,61.34000015258789,24.1200008392334,91.5,,50.07500076293945,85.5999984741211
2009-08-01,69.95999908447266,69.6500015258789,2.9769999980926514,1.7791999578475952,951.7000122070312,14.89799976348877,,291.79998779296875,,2.808000087738037,6470.5,525.0,326.25,210.75,1385.5,1100.0,505.0,2772.0,120.9000015258789,57.7599983215332,24.389999389648438,90.0999984741211,,48.150001525878906,82.67500305175781
2009-07-01,69.44999694824219,71.69999694824219,3.6530001163482666,1.7937999963760376,953.7000122070312,13.932999610900879,1167.5999755859375,,,2.616499900817871,5724.0,480.0,339.5,198.0,1376.5,1134.0,559.25,2892.0,127.8499984741211,57.93000030517578,18.610000610351562,91.30000305175781,,56.025001525878906,84.69999694824219
2009-06-01,69.88999938964844,69.30000305175781,3.8350000381469727,1.718000054359436,927.0999755859375,13.574000358581543,1176.699951171875,247.0,,2.257999897003174,4954.0,445.0,347.75,214.75,1223.0,1226.25,569.75,2487.0,117.30000305175781,53.29999923706055,16.809999465942383,77.5,,58.67499923706055,82.5250015258789
2009-05-01,66.30999755859375,65.5199966430664,3.8350000381469727,1.6418999433517456,978.7999877929688,15.600000381469727,,236.0500030517578,,2.197499990463257,4819.0,405.0,436.25,251.0,1234.5,1184.0,687.0,2588.0,137.39999389648438,56.970001220703125,15.579999923706055,94.1500015258789,,63.92499923706055,81.32499694824219
2009-04-01,51.119998931884766,51.959999084472656,3.372999906539917,1.3147000074386597,890.7000122070312,12.305000305175781,1096.0999755859375,218.10000610351562,,2.052999973297119,4436.75,415.0,396.25,194.0,1290.0,1070.0,576.25,2345.0,115.0,53.4900016784668,14.050000190734863,79.4000015258789,,58.099998474121094,87.55000305175781
2009-03-01,,,,,,,,,,,4010.5,,,,,,,,,,,,,,
2009-02-01,,,,,,,,,,,3426.5,,,,,,,,,,,,,,
2009-01-01,41.68000030517578,45.880001068115234,4.416999816894531,1.4537999629974365,927.2999877929688,12.5600004196167,960.0,184.5,,1.4620000123977661,3125.75,515.0,379.0,205.0,1177.0,980.0,601.0,2771.0,118.9000015258789,49.40999984741211,12.670000076293945,72.5,,58.54999923706055,82.0
2008-12-01,44.599998474121094,45.59000015258789,5.622000217437744,1.4056999683380127,883.5999755859375,11.270000457763672,936.2000122070312,186.64999389648438,,1.3949999809265137,3049.25,525.0,407.0,210.0,1534.0,972.25,630.0,2665.0,112.05000305175781,49.02000045776367,11.8100004196167,68.55000305175781,,60.875,84.4749984741211
2008-11-01,54.43000030517578,53.4900016784668,6.510000228881836,1.673699975013733,816.2000122070312,10.1850004196167,,192.60000610351562,,1.6234999895095825,3604.5,595.0,349.5,201.5,1321.0,883.0,563.0,2372.0,114.0999984741211,45.75,11.899999618530273,74.3499984741211,,59.5,87.375
2008-10-01,67.80999755859375,65.31999969482422,6.7829999923706055,2.0062999725341797,716.7999877929688,9.729999542236328,811.0999755859375,198.5500030517578,,1.843999981880188,4097.0,625.0,401.5,231.5,1504.5,925.25,573.0,2053.0,113.0,44.290000915527344,12.020000457763672,76.19999694824219,,54.79999923706055,93.75
2008-09-01,100.63999938964844,98.16999816894531,7.438000202178955,2.863600015640259,874.2000122070312,12.230999946594238,1015.0999755859375,224.5500030517578,,2.888000011444092,6401.0,,487.5,316.0,1889.5,1045.0,712.0,2558.0,130.4499969482422,55.5,12.359999656677246,89.19999694824219,,68.57499694824219,98.9000015258789
2008-08-01,115.45999908447266,114.05000305175781,7.942999839782715,3.1819000244140625,829.2999877929688,13.607000350952148,,303.79998779296875,,3.429500102996826,7556.0,,568.25,345.25,1890.0,1332.0,818.75,2864.0,141.89999389648438,67.52999877929688,12.760000228881836,108.55000305175781,,68.42500305175781,101.7750015258789
2008-07-01,124.08000183105469,123.9800033569336,9.119000434875488,3.438699960708618,913.9000244140625,17.75,1750.300048828125,383.3500061035156,,3.7165000438690186,8212.0,,587.5,377.5,1658.0,1395.75,814.75,2858.0,139.35000610351562,71.6500015258789,13.930000305175781,106.55000305175781,,79.625,98.4000015258789
2008-06-01,,,,,,,,,,,8638.0,,,,,,,,,,,,,,
2008-05-01,127.3499984741211,127.77999877929688,11.70300006866455,3.6598000526428223,887.2999877929688,16.82699966430664,,435.0,,3.628000020980835,8017.0,,599.25,382.0,1910.0,1363.5,802.0,2723.0,133.89999389648438,65.73999786376953,10.020000457763672,107.94999694824219,,77.75,96.5250015258789
2008-04-01,113.45999908447266,111.36000061035156,10.843000411987305,3.177000045776367,862.7999877929688,16.50200080871582,1970.5999755859375,,,3.934000015258789,8647.5,,600.25,377.0,2148.0,1301.75,864.0,2882.0,134.5500030517578,68.73999786376953,10.649999618530273,115.8499984741211,,73.75,91.6500015258789
2008-03-01,101.58000183105469,100.30000305175781,10.10099983215332,3.0492000579833984,916.2000122070312,17.274999618530273,2024.4000244140625,452.5,,3.8635001182556152,8483.0,,567.25,371.25,1969.0,1197.25,965.0,2321.0,127.4000015258789,69.33999633789062,11.6899995803833,109.6500015258789,,57.07500076293945,87.42500305175781
2008-02-01,101.83999633789062,100.0999984741211,9.366000175476074,2.8396999835968018,972.0999755859375,19.808000564575195,2155.699951171875,571.9500122070312,,3.8519999980926514,8486.0,,546.0,422.0,1800.0,1522.0,1170.0,2754.0,164.60000610351562,79.66000366210938,14.270000457763672,126.8499984741211,,59.95000076293945,93.55000305175781
2008-01-01,91.75,92.20999908447266,8.074000358581543,2.5344998836517334,922.7000122070312,16.947999954223633,1736.9000244140625,,,3.2894999980926514,7354.0,,501.25,329.25,1482.0,1274.5,967.25,2326.0,138.14999389648438,67.79000091552734,12.359999656677246,137.6999969482422,,58.474998474121094,90.9000015258789
2007-12-01,95.9800033569336,93.8499984741211,7.482999801635742,2.644399881362915,834.9000244140625,14.79699993133545,1528.4000244140625,365.04998779296875,,3.0304999351501465,6650.5,,455.5,306.75,1355.0,1199.0,913.5,2035.0,136.1999969482422,68.01000213623047,10.819999694824219,143.60000610351562,,57.875,96.25
2007-11-01,88.70999908447266,88.26000213623047,7.302000045776367,2.529599905014038,782.2000122070312,13.963000297546387,,348.6499938964844,,3.1570000648498535,6970.5,,384.5,269.5,1287.0,1080.0,907.0,1978.0,125.94999694824219,58.20000076293945,9.75,137.35000610351562,,54.900001525878906,93.8499984741211
2007-10-01,94.52999877929688,90.62999725341797,8.329999923706055,2.5078001022338867,792.0,14.376999855041504,1468.0,,,3.4679999351501465,7736.0,,375.5,287.75,1185.0,1010.0,832.0,1945.0,121.3499984741211,64.08000183105469,9.979999542236328,139.5,,53.875,94.80000305175781
2007-09-01,81.66000366210938,79.16999816894531,6.869999885559082,2.2379000186920166,742.7999877929688,13.793999671936035,1395.199951171875,341.8999938964844,,3.630500078201294,8068.0,,373.0,289.75,1173.0,991.25,929.25,2036.0,128.64999389648438,62.04999923706055,9.5600004196167,129.10000610351562,,58.900001525878906,96.94999694824219
2007-08-01,74.04000091552734,72.69000244140625,5.4679999351501465,2.0422000885009766,673.0,12.062999725341797,1271.5999755859375,333.5,,3.4110000133514404,7524.0,,324.0,242.0,1085.0,868.0,721.0,1868.0,112.6500015258789,58.869998931884766,9.479999542236328,125.0,,66.82499694824219,94.0999984741211
2007-07-01,,,,,,,,,,,8137.0,,,,,,,,,,,,,,
2007-06-01,70.68000030517578,,6.7729997634887695,2.031899929046631,648.0999755859375,12.352999687194824,1279.0,364.1499938964844,,3.4535000324249268,7647.0,,329.5,278.5,1039.0,850.0,596.5,2054.0,111.0,58.5,9.069999694824219,133.0,,71.2249984741211,85.5
2007-05-01,64.01000213623047,,7.934999942779541,1.882699966430664,661.0,13.409000396728516,,368.0,,3.3935000896453857,7452.0,,390.25,281.0,1021.0,806.25,504.0,1883.0,111.9000015258789,51.04999923706055,9.34000015258789,151.39999389648438,,75.07499694824219,91.1500015258789
2007-04-01,,,,,,,,,,,7789.0,,,,,,,,,,,,,,
2007-03-01,65.87000274658203,,7.730000019073486,1.8794000148773193,663.0,13.390000343322754,1248.300048828125,354.3500061035156,,3.1435000896453857,6866.0,,374.5,276.5,1008.0,761.25,456.5,1953.0,109.25,53.56999969482422,9.880000114440918,189.25,,63.849998474121094,97.5999984741211
2007-02-01,61.790000915527344,,7.300000190734863,1.780400037765503,669.4000244140625,14.100000381469727,1193.0,351.1000061035156,,2.7330000400543213,6017.0,,425.25,253.0,1022.0,773.25,516.0,1720.0,117.69999694824219,55.54999923706055,11.3100004196167,205.0,,67.75,94.44999694824219
2007-01-01,58.13999938964844,,7.666999816894531,1.6546000242233276,652.0,13.513999938964844,1180.699951171875,340.54998779296875,,2.5834999084472656,5741.0,,404.0,257.25,1010.5,719.5,488.75,1617.0,117.6500015258789,54.0,10.600000381469727,186.0,,64.5250015258789,90.2249984741211
2006-12-01,61.04999923706055,,6.298999786376953,1.5979000329971313,635.2000122070312,12.817999839782715,1139.300048828125,326.3999938964844,,2.8540000915527344,6344.0,,390.25,271.0,1013.0,683.5,509.75,1635.0,126.19999694824219,56.189998626708984,11.75,201.25,,61.70000076293945,90.42500305175781
2006-11-01,63.130001068115234,,8.843999862670898,1.8133000135421753,646.9000244140625,13.925000190734863,1150.5999755859375,329.3500061035156,,3.1714999675750732,7070.0,,377.0,256.75,998.0,685.5,534.0,1483.0,119.69999694824219,48.900001525878906,12.369999885559082,202.85000610351562,,61.67499923706055,85.69999694824219
2006-10-01,,,,,,,,,,,7230.0,,,,,,,,,,,,,,
2006-09-01,62.90999984741211,,5.619999885559082,1.6845999956130981,598.5999755859375,11.449999809265137,1141.199951171875,316.20001220703125,,3.4590001106262207,7302.0,,262.5,206.25,966.5,547.5,496.0,1472.0,107.6500015258789,49.29999923706055,10.850000381469727,170.3000030517578,,63.625,90.6500015258789
2006-08-01,70.26000213623047,,6.047999858856201,1.954200029373169,625.9000244140625,12.899999618530273,,343.20001220703125,,3.4690001010894775,7374.0,,232.0,182.0,849.0,542.25,475.75,1420.0,104.0,53.04999923706055,11.800000190734863,181.0,,66.9000015258789,90.2249984741211
2006-07-01,74.4000015258789,,8.211000442504883,1.967900037765503,634.2000122070312,11.324999809265137,1242.0,,,3.609999895095825,,,239.0,189.5,921.0,579.5,492.75,1486.0,99.3499984741211,53.45000076293945,14.90999984741211,169.25,,68.55000305175781,83.7249984741211
2006-06-01,73.9800033569336,,6.085000038146973,1.9642000198364258,613.5,10.90999984741211,1246.699951171875,309.5,,3.4625000953674316,,,235.5,212.75,920.0,594.75,499.75,1646.0,99.5,49.75,15.789999961853027,165.0500030517578,,72.55000305175781,84.55000305175781
2006-05-01,71.29000091552734,,6.383999824523926,1.9605000019073486,642.5,12.39799976348877,1246.800048828125,347.25,,3.7165000438690186,,,251.25,182.0,912.0,579.5,487.75,1473.0,98.94999694824219,50.939998626708984,15.460000038146973,150.75,,68.07499694824219,79.69999694824219
2006-04-01,71.87999725341797,,6.554999828338623,2.0129001140594482,651.7999877929688,13.510000228881836,1163.300048828125,377.04998779296875,,3.3355000019073486,,,238.25,188.25,822.0,587.25,429.75,1501.0,107.19999694824219,49.900001525878906,17.1299991607666,144.39999389648438,,67.9749984741211,79.19999694824219
2006-03-01,66.62999725341797,,7.210000038146973,1.861799955368042,581.7999877929688,11.479999542236328,1059.4000244140625,336.79998779296875,,2.48799991607666,,,236.0,173.5,856.0,571.5,418.5,1489.0,107.0,52.650001525878906,17.899999618530273,148.14999389648438,,57.349998474121094,79.5
2006-02-01,61.40999984741211,,6.714000225067139,1.7120000123977661,561.5999755859375,9.720000267028809,,289.29998779296875,,2.185499906539917,,,228.0,182.0,822.0,580.25,439.0,1450.0,111.80000305175781,56.0,16.739999771118164,134.0,,61.474998474121094,90.1500015258789
2005-12-01,61.040000915527344,,11.225000381469727,1.7280000448226929,517.0999755859375,8.819999694824219,973.0,263.45001220703125,,2.1614999771118164,,,215.75,195.0,793.5,602.0,387.0,1504.0,107.0999984741211,54.189998626708984,14.680000305175781,125.19999694824219,,65.2750015258789,92.44999694824219
2005-11-01,57.31999969482422,,12.630000114440918,1.6164000034332275,494.6000061035156,8.279999732971191,952.5,255.5,,2.075000047683716,,,187.5,185.0,753.5,558.0,369.0,1408.0,93.0,49.189998626708984,12.430000305175781,120.1500015258789,,62.5,93.44999694824219
2005-10-01,59.7599983215332,,12.204999923706055,1.7697999477386475,465.1000061035156,7.550000190734863,942.4000244140625,227.14999389648438,,1.8960000276565552,,,196.25,158.75,712.0,564.75,371.25,1351.0,96.6500015258789,51.869998931884766,11.329999923706055,116.69999694824219,,61.67499923706055,88.5
2005-09-01,66.23999786376953,,13.920999526977539,2.0673000812530518,469.0,7.458000183105469,930.2999877929688,199.64999389648438,,1.8014999628067017,,,205.5,161.5,726.0,573.25,380.25,1413.0,93.44999694824219,51.5,10.949999809265137,102.30000305175781,,67.19999694824219,89.125
2005-08-01,68.94000244140625,,11.472000122070312,2.052999973297119,433.79998779296875,6.781000137329102,894.5,181.9499969482422,,1.6950000524520874,,,201.5,147.0,674.0,586.75,343.0,1350.0,97.75,48.150001525878906,10.069999694824219,89.5,,63.70000076293945,83.25
2005-07-01,60.56999969482422,,7.885000228881836,1.636199951171875,429.8999938964844,7.23799991607666,897.9000244140625,194.60000610351562,,1.6875,,,236.5,162.75,673.0,671.75,339.25,1479.0,103.1500015258789,50.9900016784668,9.829999923706055,97.9000015258789,,67.875,81.19999694824219
2005-06-01,56.5,,6.980999946594238,1.6190999746322632,435.8999938964844,7.0279998779296875,883.5,181.9499969482422,,1.5535000562667847,,,212.25,151.25,640.0,651.75,328.0,1440.0,104.6500015258789,52.0,9.34000015258789,96.3499984741211,,65.5250015258789,82.7750015258789
2005-04-01,49.720001220703125,,6.585000038146973,1.4357999563217163,435.0,6.9019999504089355,868.5999755859375,197.89999389648438,,1.4980000257492065,,,204.75,138.75,742.0,619.25,341.0,1459.0,125.1500015258789,58.0,8.609999656677246,94.5,,78.1500015258789,93.92500305175781
2005-03-01,55.400001525878906,,7.6529998779296875,1.6576000452041626,428.70001220703125,7.190999984741211,870.5999755859375,203.5500030517578,,1.5089999437332153,,,213.0,157.75,707.0,627.5,338.0,1613.0,126.4000015258789,53.029998779296875,8.699999809265137,99.55000305175781,,68.69999694824219,92.0
2005-02-01,51.75,,6.730000019073486,1.4914000034332275,436.5,7.359000205993652,866.0,183.0500030517578,,1.5,,,214.5,161.5,658.0,615.5,368.0,1715.0,119.1500015258789,50.29999923706055,8.420000076293945,82.5999984741211,,74.2249984741211,87.2249984741211
2005-01-01,48.20000076293945,,6.321000099182129,1.3308000564575195,421.79998779296875,6.736999988555908,873.7999877929688,190.39999389648438,,1.4630000591278076,,,197.0,167.25,667.0,514.75,325.5,1525.0,105.3499984741211,43.7599983215332,9.220000267028809,82.25,,73.7750015258789,91.0
2004-12-01,43.45000076293945,,6.14900016784668,1.229699969291687,437.5,6.807000160217285,863.7000122070312,185.25,,1.4869999885559082,,,204.75,156.25,718.0,547.75,338.0,1547.0,103.75,44.77000045776367,9.039999961853027,86.0999984741211,,76.4000015258789,89.8499984741211
2004-11-01,49.130001068115234,,7.619999885559082,1.392699956893921,451.29998779296875,7.7230000495910645,872.2999877929688,210.60000610351562,,1.4429999589920044,,,192.5,168.0,749.0,534.75,341.0,1661.0,94.44999694824219,48.650001525878906,8.84000015258789,74.9000015258789,,79.07499694824219,85.0
2004-10-01,51.7599983215332,,8.725000381469727,1.4462000131607056,428.5,7.291999816894531,833.0,212.1999969482422,,1.347499966621399,,,202.5,142.75,678.0,527.5,347.0,1469.0,74.4000015258789,44.97999954223633,8.600000381469727,77.25,,67.44999694824219,87.8499984741211
2004-09-01,49.63999938964844,,6.795000076293945,1.391700029373169,418.70001220703125,6.915999889373779,861.0,224.75,,1.399999976158142,,,205.5,144.25,704.0,527.0,336.75,1453.0,82.3499984741211,48.099998474121094,8.5,87.5,,75.0,84.5
2004-07-01,43.79999923706055,,6.111999988555908,1.1568000316619873,391.0,6.550000190734863,817.9000244140625,217.1999969482422,,1.3079999685287476,,,217.25,121.75,709.0,599.5,333.75,1645.0,66.44999694824219,43.83000183105469,8.279999732971191,61.5,,77.75,86.0
2004-06-01,37.04999923706055,,6.15500020980835,1.0054999589920044,392.6000061035156,5.776000022888184,,214.9499969482422,,1.2050000429153442,,,257.5,132.75,1006.0,893.0,358.5,1336.0,73.0999984741211,48.25,7.239999771118164,61.75,,78.94999694824219,87.25
2004-05-01,39.880001068115234,,6.441999912261963,0.9991999864578247,394.0,6.105000019073486,,257.45001220703125,,1.277999997138977,,,304.0,147.75,1017.0,814.0,383.0,1465.0,85.55000305175781,61.189998626708984,7.059999942779541,56.099998474121094,,75.82499694824219,89.25
2004-04-01,37.380001068115234,,5.861999988555908,0.9535999894142151,387.0,6.078000068664551,863.5,258.29998779296875,,1.2094999551773071,,,316.5,173.0,1130.0,1034.0,394.0,1413.0,67.1500015258789,59.5,6.579999923706055,58.099998474121094,,74.4000015258789,88.30000305175781
2004-03-01,35.7599983215332,,5.933000087738037,0.8863999843597412,427.29998779296875,7.935999870300293,908.7000122070312,289.95001220703125,,1.3585000038146973,,,320.0,174.0,945.0,995.0,412.5,1549.0,73.75,62.099998474121094,6.400000095367432,60.29999923706055,,66.6500015258789,84.0
2004-01-01,33.04999923706055,,5.396999835968018,0.9314000010490417,402.20001220703125,6.245999813079834,830.2999877929688,231.5500030517578,,1.1430000066757202,,,276.25,156.75,806.0,819.5,396.5,1520.0,75.5,70.7300033569336,5.860000133514404,61.599998474121094,,57.349998474121094,81.0999984741211
2003-12-01,32.52000045776367,,6.189000129699707,0.9126999974250793,415.70001220703125,5.953000068664551,811.2999877929688,197.5,,1.0429999828338623,,,246.0,146.25,854.0,789.0,384.75,1515.0,64.94999694824219,75.06999969482422,5.670000076293945,60.75,,53.42499923706055,77.19999694824219
2003-11-01,30.40999984741211,,4.925000190734863,0.8349000215530396,396.79998779296875,5.355000019073486,,188.8000030517578,,0.9070000052452087,,,245.0,141.0,841.0,756.25,405.0,1446.0,57.75,68.0,6.25,68.44999694824219,,49.95000076293945,102.0
2003-10-01,29.110000610351562,,4.89300012588501,0.7857999801635742,384.5,5.059000015258789,754.9000244140625,208.14999389648438,,0.9369999766349792,,,247.25,134.0,754.5,794.25,366.75,1440.0,58.650001525878906,76.7300033569336,5.929999828338623,67.5999984741211,,53.32500076293945,101.75
2003-09-01,29.200000762939453,,4.829999923706055,0.7778000235557556,385.3999938964844,5.13700008392334,706.9000244140625,215.14999389648438,,0.8130000233650208,,,220.25,134.0,731.0,677.25,356.75,1626.0,62.900001525878906,66.75,6.199999809265137,76.1500015258789,,55.525001525878906,90.0
2003-08-01,31.56999969482422,,4.730999946594238,0.8187000155448914,375.70001220703125,5.109000205993652,708.5999755859375,201.8000030517578,,0.8029999732971191,,,233.25,139.0,745.0,595.0,365.25,1820.0,61.45000076293945,57.54999923706055,6.289999961853027,79.19999694824219,,54.775001525878906,84.3499984741211
2003-07-01,30.540000915527344,,4.7179999351501465,0.7932999730110168,354.0,5.116000175476074,685.7000122070312,182.0,,0.8180000185966492,,,206.0,139.75,744.0,532.5,342.25,1465.0,63.45000076293945,56.90999984741211,7.210000038146973,79.5,,57.29999923706055,78.8499984741211
2003-05-01,29.559999465942383,,6.25,0.7541999816894531,364.5,4.526000022888184,636.7999877929688,185.0,,0.7799999713897705,,,244.25,147.75,587.0,624.5,327.25,1493.0,58.349998474121094,50.58000183105469,7.079999923706055,84.05000305175781,,64.8499984741211,82.0
2003-04-01,25.799999237060547,,5.385000228881836,0.7613999843597412,339.1000061035156,4.638000011444092,599.2999877929688,156.0,,0.7250000238418579,,,232.75,156.25,624.0,623.5,321.5,2076.0,68.25,53.95000076293945,7.300000190734863,81.05000305175781,,57.95000076293945,79.05000305175781
2003-03-01,31.040000915527344,,5.059999942779541,0.7924000024795532,335.8999938964844,4.460999965667725,648.4000244140625,182.4499969482422,,0.7124999761581421,,,236.5,189.25,512.0,574.5,320.75,1960.0,58.650001525878906,57.709999084472656,7.679999828338623,86.75,,50.32500076293945,75.80000305175781
2003-02-01,36.599998474121094,,8.10099983215332,1.2559000253677368,350.20001220703125,4.585000038146973,672.5,243.6999969482422,,0.7749999761581421,,,231.75,221.0,453.0,577.0,341.0,2080.0,56.849998474121094,48.9900016784668,8.899999618530273,82.3499984741211,,54.54999923706055,75.82499694824219
2003-01-01,33.5099983215332,,5.605000019073486,0.9588000178337097,368.29998779296875,4.853000164031982,658.9000244140625,259.0,,0.7914999723434448,,,238.25,200.25,443.0,564.0,356.25,2409.0,65.30000305175781,52.36000061035156,8.640000343322754,89.19999694824219,,50.92499923706055,79.9749984741211
2002-11-01,26.889999389648438,,4.199999809265137,0.757099986076355,316.79998779296875,4.414000034332275,581.9000244140625,266.0,,0.7494999766349792,,,240.25,204.0,408.0,578.75,432.75,1750.0,66.5999984741211,47.5,7.409999847412109,102.05000305175781,,54.20000076293945,77.9749984741211
2002-10-01,27.219999313354492,,4.156000137329102,0.7437999844551086,318.0,4.499000072479248,571.7999877929688,310.5,,0.7139999866485596,,,247.5,134.0,374.0,565.25,463.5,1927.0,65.94999694824219,46.25,7.360000133514404,98.5,,43.125,68.4000015258789
2002-08-01,28.979999542236328,,3.2960000038146973,0.748199999332428,312.3999938964844,4.436999797821045,565.7999877929688,327.79998779296875,,0.6869999766349792,,,259.5,177.5,395.0,559.0,423.0,2012.0,51.5,44.65999984741211,5.980000019073486,99.5,,30.875,64.7249984741211
2002-07-01,27.020000457763672,,2.9539999961853027,0.6764000058174133,303.20001220703125,4.59499979019165,524.5999755859375,319.45001220703125,,0.6775000095367432,,,247.25,178.5,464.5,567.5,368.5,1787.0,46.79999923706055,46.95000076293945,5.800000190734863,101.5,,51.775001525878906,65.0
2002-06-01,26.860000610351562,,3.244999885559082,0.6796000003814697,313.5,4.833000183105469,537.2999877929688,319.20001220703125,,0.7674999833106995,,,225.5,205.5,408.0,536.5,322.5,1630.0,46.5,46.79999923706055,5.909999847412109,91.19999694824219,,50.525001525878906,63.400001525878906
2002-05-01,25.350000381469727,,3.2170000076293945,0.6309999823570251,326.5,5.026000022888184,545.9000244140625,347.3999938964844,,0.7615000009536743,,,214.0,185.0,428.5,508.75,293.0,1598.0,51.900001525878906,39.470001220703125,5.900000095367432,91.80000305175781,,46.75,60.474998474121094
2002-04-01,27.290000915527344,,3.765000104904175,0.6859999895095825,308.8999938964844,4.5320000648498535,532.5,355.5,,0.7325000166893005,,,193.5,166.75,350.5,462.25,274.0,1540.0,50.70000076293945,33.349998474121094,5.679999828338623,90.0999984741211,,45.599998474121094,66.69999694824219
2002-03-01,26.229999542236328,,3.244999885559082,0.6690000295639038,302.6000061035156,4.640999794006348,515.7000122070312,388.8999938964844,,0.7605000138282776,,,207.0,199.0,372.0,473.5,290.0,1494.0,57.20000076293945,38.15999984741211,5.929999828338623,92.5,,51.875,70.42500305175781
2002-02-01,21.850000381469727,,2.3550000190734863,0.5699999928474426,296.70001220703125,4.497000217437744,,372.04998779296875,,0.7139999866485596,,,200.0,225.75,353.0,442.5,276.75,1466.0,44.75,33.70000076293945,5.989999771118164,92.55000305175781,,60.349998474121094,70.37000274658203
2002-01-01,19.479999542236328,,2.1500000953674316,0.5321999788284302,282.1000061035156,4.216000080108643,465.20001220703125,369.0,,0.7304999828338623,,,206.5,202.0,372.5,429.5,285.5,1344.0,45.099998474121094,35.47999954223633,6.380000114440918,86.4000015258789,,56.25,73.75
2001-12-01,19.84000015258789,,2.569999933242798,0.5507000088691711,278.70001220703125,4.578999996185303,493.0,448.0,,0.652999997138977,,,199.75,132.75,369.0,423.75,284.0,1310.0,46.20000076293945,35.59000015258789,7.389999866485596,89.0999984741211,,57.04999923706055,68.16999816894531
2001-11-01,19.440000534057617,,2.7009999752044678,0.5322999954223633,273.8999938964844,4.127999782562256,449.29998779296875,350.3999938964844,,0.722000002861023,,,202.0,216.5,401.5,439.5,286.25,1355.0,42.599998474121094,37.29999923706055,7.679999828338623,95.0999984741211,,50.31999969482422,67.22000122070312
2001-10-01,21.18000030517578,,3.2909998893737793,0.5978999733924866,279.5,4.214000225067139,412.5,316.3999938964844,,0.621999979019165,,,201.0,134.0,360.0,431.0,301.5,1017.0,43.900001525878906,29.899999618530273,6.739999771118164,90.8499984741211,,51.650001525878906,73.3499984741211
2001-09-01,23.43000030517578,,2.24399995803833,0.6635000109672546,292.3999938964844,4.646999835968018,433.29998779296875,357.0,,0.6460000276565552,,,211.75,134.0,405.0,460.25,292.5,1077.0,48.29999923706055,33.5,6.699999809265137,79.3499984741211,,55.119998931884766,72.05000305175781
2001-08-01,27.200000762939453,,2.380000114440918,0.7663000226020813,274.3999938964844,4.1620001792907715,443.0,453.0,,0.6784999966621399,,,217.25,139.75,398.0,474.5,299.0,927.0,50.5,37.939998626708984,7.909999847412109,,,57.5,77.8499984741211
2001-06-01,26.25,,3.0959999561309814,0.7124999761581421,270.6000061035156,4.291999816894531,560.0999755859375,599.9500122070312,,0.7045000195503235,,,197.25,107.5,510.0,457.5,293.0,974.0,56.099998474121094,42.75,9.59000015258789,,,54.95000076293945,76.91999816894531
2001-05-01,28.3700008392334,,3.9140000343322754,0.7795000076293945,265.29998779296875,4.395999908447266,603.0999755859375,639.5499877929688,,0.7519999742507935,,,190.25,112.5,574.5,438.0,323.5,936.0,57.150001525878906,40.880001068115234,8.550000190734863,,,52.099998474121094,77.8499984741211
2001-03-01,26.399999618530273,,5.03000020980835,0.7045000195503235,257.8999938964844,4.2779998779296875,555.0,744.0,,0.7584999799728394,,,206.5,107.0,540.0,436.0,301.25,1073.0,60.29999923706055,45.09000015258789,7.75,,,52.900001525878906,76.62000274658203
2001-02-01,27.420000076293945,,5.244999885559082,0.7225000262260437,266.79998779296875,4.4720001220703125,610.0,837.0,,0.8100000023841858,,,211.25,100.25,597.0,454.75,311.25,1131.0,63.900001525878906,52.599998474121094,9.279999732971191,,,50.56999969482422,
2001-01-01,28.700000762939453,,5.650000095367432,0.7950000166893005,265.6000061035156,4.790999889373779,601.0999755859375,1054.800048828125,,0.8485000133514404,,,208.5,102.75,575.0,459.75,318.25,1020.0,63.75,61.36000061035156,9.949999809265137,,,51.0,
2000-12-01,26.799999237060547,,9.774999618530273,0.9065999984741211,272.0,4.585000038146973,609.5999755859375,954.4500122070312,,0.8464999794960022,,,222.5,,592.0,499.0,330.0,758.0,65.55000305175781,62.279998779296875,10.199999809265137,,,48.599998474121094,
2000-11-01,33.79999923706055,,6.579999923706055,1.0499999523162842,270.1000061035156,4.673999786376953,605.9000244140625,819.0,,0.8410000205039978,,,205.0,99.25,627.0,502.0,309.0,704.0,67.19999694824219,65.2300033569336,9.75,,,,
2000-09-01,30.860000610351562,,5.199999809265137,0.9300000071525574,273.6000061035156,4.89900016784668,578.7999877929688,714.8499755859375,,0.9154999852180481,,,192.0,101.0,631.0,499.0,320.0,797.0,83.0,62.25,9.770000457763672,,,,
2000-08-01,33.099998474121094,,4.78000020980835,,278.29998779296875,5.002999782562256,586.7000122070312,716.75,,0.8849999904632568,,,182.0,98.0,627.0,,,745.0,74.5,63.369998931884766,10.5600004196167,,,,
2000-07-01,,,,,,,580.0,818.0,,,,,180.25,106.5,699.9000244140625,,,825.0,86.44999694824219,59.77000045776367,10.399999618530273,,,,
2000-06-01,,,,,,,565.5,647.9500122070312,,,,,,103.75,688.2999877929688,,,820.0,84.8499984741211,50.880001068115234,8.5,,,,
2000-05-01,,,,,,,539.4000244140625,581.8499755859375,,,,,,119.0,703.4500122070312,,,842.0,93.0,62.63999938964844,7.550000190734863,,,,
2000-04-01,,,,,,,500.0,620.5999755859375,,,,,,124.0,688.4500122070312,,,747.0,95.30000305175781,55.709999084472656,5.159999847412109,,,,
2000-03-01,,,,,,,496.3999938964844,595.5,,,,,,122.25,664.9000244140625,,,800.0,103.69999694824219,58.13999938964844,5.900000095367432,,,,
2000-02-01,,,,,,,471.70001220703125,712.0,,,,,,119.5,647.7000122070312,,,753.0,99.9000015258789,56.599998474121094,,,,,
2000-01-01,,,,,,,455.0,484.70001220703125,,,,,,120.0,651.5999755859375,,,795.0,111.0999984741211,57.86000061035156,,,,,
1999-12-01,,,,,,,430.20001220703125,449.20001220703125,,,,,,117.0,636.6500244140625,,,,,,,,,,
1999-11-01,,,,,,,418.79998779296875,397.29998779296875,,,,,,120.0,645.75,,,,,,,,,,
1999-10-01,,,,,,,401.20001220703125,393.6000061035156,,,,,,128.5,644.0999755859375,,,,,,,,,,
1999-09-01,,,,,,,388.8999938964844,369.3999938964844,,,,,,127.0,634.8499755859375,,,,,,,,,,
1999-07-01,,,,,,,344.0,338.0,,,,,,,,,,,,,,,,,
1999-06-01,,,,,,,351.0,320.29998779296875,,,,,,,,,,,,,,,,,
1999-05-01,,,,,,,365.3999938964844,341.6499938964844,,,,,,,,,,,,,,,,,
1999-04-01,,,,,,,354.5,308.0,,,,,,,,,,,,,,,,,
1999-03-01,,,,,,,359.1000061035156,358.20001220703125,,,,,,,,,,,,,,,,,
1999-02-01,,,,,,,381.70001220703125,350.6000061035156,,,,,,,,,,,,,,,,,
1999-01-01,,,,,,,346.8999938964844,336.5,,,,,,,,,,,,,,,,,
1998-12-01,,,,,,,364.5,332.1499938964844,,,,,,,,,,,,,,,,,
1998-10-01,,,,,,,336.3999938964844,277.0,,,,,,,,,,,,,,,,,
1998-09-01,,,,,,,353.3999938964844,281.1499938964844,,,,,,,,,,,,,,,,,
1998-08-01,,,,,,,359.5,,,,,,,,,,,,,,,,,,
1998-07-01,,,,,,,377.6000061035156,,,,,,,,,,,,,,,,,,
1998-06-01,,,,,,,361.6000061035156,,,,,,,,,,,,,,,,,,
1998-05-01,,,,,,,368.20001220703125,,,,,,,,,,,,,,,,,,
1998-04-01,,,,,,,400.3999938964844,,,,,,,,,,,,,,,,,,
1998-01-01,,,,,,,388.1000061035156,,,,,,,,,,,,,,,,,,
1997-12-01,,,,,,,370.79998779296875,,,,,,,,,,,,,,,,,,
1997-11-01,,,,,,,383.29998779296875,,,,,,,,,,,,,,,,,,
1997-10-01,,,,,,,404.20001220703125,,,,,,,,,,,,,,,,,,
