Date,XLB,XLC,XLE,XLF,XLI,XLK,XLP,XLRE,XLU,XLV,XLY
2025-08-01,88.3499984741211,107.62999725341797,84.93000030517578,51.849998474121094,150.8300018310547,265.9200134277344,82.4800033569336,41.25,86.18000030517578,130.16000366210938,223.77999877929688
2025-07-01,87.7300033569336,107.41000366210938,87.20999908447266,52.369998931884766,152.00999450683594,262.739990234375,79.77999877929688,41.40999984741211,85.66999816894531,130.42999267578125,221.42999267578125
2025-06-01,87.36495208740234,108.26721954345703,84.12564849853516,52.19113540649414,147.07237243652344,252.8109893798828,80.41834259033203,41.048675537109375,81.09693908691406,134.1495819091797,216.868896484375
2025-05-01,85.90240478515625,101.15448760986328,80.87211608886719,50.78594970703125,142.3866424560547,230.52793884277344,82.26567077636719,41.35589599609375,81.35514068603516,132.0098114013672,213.3463897705078
2025-04-01,83.4648208618164,95.20891571044922,79.85042572021484,48.59346389770508,130.82183837890625,209.62257385253906,81.2724838256836,40.929752349853516,78.35596466064453,139.8026123046875,196.8414764404297
2025-03-01,85.13839721679688,95.93254852294922,91.97856903076172,49.46023178100586,130.2721405029297,205.7770538330078,80.68617248535156,41.21104431152344,77.75444030761719,144.7562255859375,196.50018310546875
2025-02-01,87.89118194580078,101.45277404785156,89.56714630126953,51.8135871887207,135.50010681152344,224.76220703125,82.07919311523438,42.4911994934082,78.11930084228516,147.65115356445312,214.91024780273438
2025-01-01,87.92089080810547,101.83073425292969,86.26004791259766,51.10857009887695,137.5078125,230.0242156982422,78.02857971191406,40.7876091003418,76.79791259765625,145.6088409423828,231.0414581298828
2024-12-01,82.88414764404297,96.04094696044922,83.60980987548828,47.78683090209961,130.30224609375,231.34933471679688,77.07818603515625,39.62294006347656,74.02507019042969,135.7739715576172,222.837158203125
2024-11-01,93.36534118652344,97.61831665039062,93.24356842041016,50.762996673583984,142.39694213867188,232.55323791503906,81.59835815429688,43.841468811035156,81.1058120727539,145.48550415039062,220.80099487304688
2024-10-01,91.99608612060547,91.308837890625,86.46967315673828,45.957618713378906,132.34934997558594,221.12109375,78.55876159667969,42.087806701660156,78.1522445678711,144.9525604248047,195.5623321533203
2024-09-01,94.51958465576172,89.41050720214844,84.99665832519531,44.64872741699219,133.50808715820312,224.22059631347656,80.95244598388672,43.217037200927734,78.47134399414062,151.44436645507812,198.6090545654297
2024-08-01,92.46012115478516,86.36420440673828,88.36554718017578,45.06250762939453,129.58486938476562,218.82763671875,80.47454071044922,42.13346862792969,74.10967254638672,154.57118225097656,185.4755096435547
2024-07-01,90.36143493652344,84.85095977783203,90.23391723632812,43.09212875366211,126.03619384765625,217.30807495117188,75.92950439453125,39.85022735595703,70.70970153808594,147.12777709960938,185.84226989746094
2024-06-01,86.19474792480469,84.49895477294922,87.53672790527344,40.34135437011719,119.7203598022461,224.2938995361328,74.13115692138672,36.78692626953125,65.66316223144531,142.7532958984375,180.4088897705078
2024-05-01,89.3376235961914,82.13148498535156,89.50545501708984,40.86144256591797,121.33143615722656,208.3614501953125,74.8668441772461,36.442138671875,70.07669067382812,140.7454376220703,174.049072265625
2024-04-01,86.507080078125,76.80467987060547,89.81277465820312,39.60537338256836,119.37652587890625,194.59033203125,73.08568572998047,34.660736083984375,64.31404113769531,137.44473266601562,173.702880859375
2024-03-01,90.34053039550781,80.33577728271484,89.94065856933594,41.177433013916016,123.35696411132812,206.147216796875,73.37797546386719,37.603580474853516,62.74529266357422,144.1719970703125,181.48728942871094
2024-02-01,85.15679931640625,78.07307434082031,82.06214904785156,39.4372673034668,118.49948120117188,204.87037658691406,71.54255676269531,37.20404815673828,59.352352142333984,141.33209228515625,182.00047302246094
2024-01-01,79.95364379882812,74.64949798583984,79.46138763427734,37.89262008666992,110.55707550048828,195.66514587402344,70.07230377197266,36.27180862426758,58.73111343383789,136.99900817871094,168.68675231933594
2023-12-01,82.61498260498047,71.30658721923828,79.11116790771484,36.57749557495117,111.02689361572266,190.09873962402344,68.69628143310547,37.706668853759766,59.96305847167969,132.50210571289062,176.1585235595703
2023-11-01,79.5920181274414,68.47041320800781,79.8094253540039,34.923728942871094,104.26729583740234,182.86932373046875,67.38970184326172,35.042911529541016,59.423362731933594,127.5762710571289,166.27728271484375
2023-10-01,73.45914459228516,63.51448059082031,80.38502502441406,31.47999382019043,95.80317687988281,161.98097229003906,64.71928405761719,31.15553092956543,56.51657485961914,120.99876403808594,149.84461975097656
2023-09-01,75.50005340576172,64.18851470947266,84.66693878173828,32.12436294555664,98.34405517578125,161.55685424804688,65.18355560302734,31.814895629882812,55.348480224609375,124.56838989257812,158.3113555908203
2023-08-01,79.6715316772461,66.30300903320312,83.2900161743164,33.296226501464844,104.98892211914062,173.11705017089844,68.92538452148438,34.56963348388672,59.13355255126953,128.89356994628906,167.88006591796875
2023-07-01,82.39165496826172,67.3406753540039,81.94120025634766,34.216278076171875,107.11334228515625,175.7681121826172,71.75782012939453,35.66218948364258,62.9937629699707,129.80307006835938,170.8598175048828
2023-06-01,79.26355743408203,63.60553741455078,75.36688232421875,32.50151443481445,103.69151306152344,170.98495483398438,69.76614379882812,34.860050201416016,60.97240447998047,127.90260314941406,166.6597442626953
2023-05-01,71.75517272949219,60.82987976074219,71.11431884765625,30.621417999267578,93.57552337646484,161.56338500976562,68.3552017211914,33.33394241333008,60.49721908569336,123.18081665039062,148.7974090576172
2023-04-01,77.04451751708984,58.54290771484375,79.04375457763672,31.980867385864258,96.61902618408203,148.33580017089844,72.84197235107422,34.91554641723633,64.2707290649414,128.6735076904297,145.11697387695312
2023-03-01,76.81562805175781,56.50213623046875,76.11383819580078,30.844356536865234,97.35967254638672,148.18569946289062,69.9378662109375,34.32902526855469,62.60734939575195,124.26683807373047,146.31930541992188
2023-02-01,77.92985534667969,52.14532470703125,76.90409851074219,34.269371032714844,97.15760803222656,133.96670532226562,67.42904663085938,35.09128952026367,60.119319915771484,122.06869506835938,142.40542602539062
2023-01-01,80.61546325683594,53.68531799316406,82.63813781738281,35.07524871826172,98.0043716430664,133.4171600341797,69.02982330322266,37.277034759521484,63.90221405029297,128.0103759765625,145.4973907470703
2022-12-01,73.50150299072266,46.659976959228516,79.55819702148438,32.60663986206055,94.05288696289062,121.76300811767578,69.29119873046875,33.534996032714844,64.67713928222656,129.86553955078125,126.0328140258789
2022-11-01,78.29878234863281,50.08241271972656,82.90534210205078,34.61833953857422,97.41432189941406,133.03517150878906,71.74496459960938,35.63264465332031,65.53033447265625,132.8959197998047,142.6309814453125
2022-10-01,70.09513092041016,46.87387466430664,81.8593521118164,32.39688491821289,90.3563003540039,125.11922454833984,67.60887145996094,33.3533821105957,61.2643928527832,126.90213775634766,140.54278564453125
2022-09-01,63.9897346496582,46.464508056640625,64.79917907714844,28.794069290161133,78.9555435180664,115.93851470947266,61.621971130371094,32.404598236083984,59.69496154785156,115.31522369384766,138.71060180664062
2022-08-01,70.95231628417969,52.761329650878906,72.42896270751953,31.34532356262207,88.5724105834961,132.0242919921875,67.51360321044922,37.65987777709961,67.74116516113281,118.79059600830078,151.4277801513672
2022-07-01,73.51151275634766,54.69209289550781,70.55751037597656,31.971281051635742,91.15534210205078,140.76991271972656,68.78795623779297,39.90057373046875,67.38578796386719,126.06500244140625,158.55563354492188
2022-06-01,68.77326965332031,52.527462005615234,63.62678527832031,29.669696807861328,82.88065338134766,123.75739288330078,66.15798950195312,36.47544479370117,63.39754104614258,121.59075927734375,133.5622100830078
2022-05-01,80.38809967041016,58.24769973754883,77.58712005615234,33.46213150024414,89.8648681640625,136.7348175048828,68.25695037841797,39.474891662597656,67.19432830810547,125.37388610839844,150.13604736328125
2022-04-01,79.45368194580078,57.16365432739258,66.86551666259766,32.55647659301758,90.28240203857422,137.6791534423828,71.16248321533203,41.59950637817383,64.41905212402344,123.53446197509766,158.23841857910156
2022-03-01,82.0600814819336,66.40276336669922,67.36888885498047,36.00990295410156,97.3980941772461,154.44056701660156,69.24436950683594,42.8892707824707,66.86507415771484,129.48316955566406,179.45236206054688
2022-02-01,77.61962890625,66.08417510986328,62.20429229736328,36.197845458984375,94.47557067871094,149.71788024902344,68.34107971191406,40.00453186035156,61.00113296508789,122.83839416503906,172.10931396484375
2022-01-01,78.61568450927734,71.39408111572266,58.097293853759766,36.705299377441406,95.27950286865234,157.39471435546875,69.31737518310547,42.0194091796875,62.18648147583008,124.03881072998047,179.40383911132812
2021-12-01,83.92481994628906,74.84119415283203,48.288578033447266,36.52092361450195,99.6985855102539,168.63954162597656,69.87852478027344,45.59651184082031,63.77752685546875,132.65960693359375,198.01283264160156
2021-11-01,78.40454864501953,72.61563873291016,47.4968147277832,35.50151062011719,94.94967651367188,163.64443969726562,63.69810104370117,41.706607818603516,58.60083770751953,122.15158081054688,198.01283264160156
2021-10-01,78.8398666381836,77.3654556274414,50.00260925292969,37.65255355834961,98.45481872558594,156.67074584960938,64.56808471679688,42.08503341674805,59.616580963134766,126.0026626586914,194.82630920410156
2021-09-01,72.954345703125,77.05059814453125,44.777645111083984,34.94805908203125,91.8921127319336,144.57374572753906,61.997676849365234,38.901268005371094,56.48912048339844,119.4426498413086,173.54884338378906
2021-08-01,78.94857788085938,82.35014343261719,41.60565185546875,35.758216857910156,98.1566390991211,153.810546875,65.0777587890625,41.72806167602539,60.60997009277344,126.86441802978516,177.61074829101562
2021-07-01,77.48229217529297,79.25311279296875,42.4566764831543,34.00755310058594,97.07656860351562,148.52407836914062,64.40229797363281,40.59033966064453,58.337310791015625,123.9933090209961,174.4966278076172
2021-06-01,75.57723999023438,77.73800659179688,45.839298248291016,34.03104782104492,95.87175750732422,142.7049102783203,62.60870361328125,38.546817779541016,55.48340606689453,117.71661376953125,172.42271423339844
2021-05-01,80.12234497070312,75.64501953125,44.42677307128906,35.236846923828125,98.41834259033203,133.75567626953125,63.36031723022461,37.61640930175781,57.17695999145508,115.52022552490234,166.90867614746094
2021-04-01,76.24754333496094,74.93455505371094,42.027164459228516,33.6322135925293,95.43172454833984,135.0120391845703,62.25973892211914,37.190330505371094,58.545841217041016,113.39862823486328,172.780029296875
2021-03-01,72.05010223388672,70.26921081542969,41.30807113647461,31.443010330200195,91.8907470703125,128.0828399658203,60.79462432861328,33.998756408691406,55.777687072753906,108.7313003540039,162.04495239257812
2021-02-01,67.24980163574219,68.59204864501953,40.5418586730957,29.83623504638672,84.57308959960938,126.0383529663086,56.33580780029297,32.147727966308594,50.83050537109375,104.88462829589844,155.37301635742188
2021-01-01,64.58906555175781,64.09716796875,33.10708236694336,26.733484268188477,79.12217712402344,124.34095764160156,57.03888702392578,31.648380279541016,54.131534576416016,107.13859558105469,156.2021942138672
2020-12-01,65.86009979248047,64.56910705566406,31.490297317504883,27.07767105102539,82.30984497070312,125.10082244873047,59.53082275390625,31.073665618896484,54.15291976928711,105.22383117675781,154.72947692871094
2020-11-01,64.58638763427734,62.578826904296875,30.543081283569336,25.608049392700195,81.82646942138672,118.80826568603516,59.05422592163086,31.022672653198242,54.27383041381836,101.79180908203125,151.3419189453125
2020-10-01,57.48088073730469,56.64627456665039,23.862829208374023,21.91564178466797,70.52339935302734,106.66571807861328,54.95018005371094,29.025320053100586,53.87654495239258,94.29703521728516,137.5897216796875
2020-09-01,57.6280403137207,56.7176628112793,24.482027053833008,21.987600326538086,71.27816009521484,112.03660583496094,56.2392692565918,29.79788589477539,50.84819030761719,97.4528579711914,141.14797973632812
2020-08-01,57.03945541381836,60.403343200683594,29.141386032104492,22.89194679260254,72.04668426513672,118.6128921508789,57.537776947021484,30.625843048095703,50.73685836791992,100.02127838134766,144.1345977783203
2020-07-01,54.657901763916016,55.505001068115234,29.45200538635254,21.951061248779297,66.41703033447266,106.01717376708984,55.010963439941406,30.63428497314453,52.08985137939453,97.49903869628906,131.56398010253906
2020-06-01,50.74789047241211,51.49565505981445,30.547992706298828,21.00406837463379,63.33027648925781,100.03883361816406,51.0510139465332,29.18463134765625,47.92195510864258,92.06455993652344,122.35760498046875
2020-05-01,49.93735885620117,51.47657775878906,31.282442092895508,21.249149322509766,62.38078689575195,93.79658508300781,51.56465530395508,29.050493240356445,50.69043731689453,94.76937103271484,118.98511505126953
2020-04-01,46.72228240966797,47.912681579589844,30.669050216674805,20.686376571655273,59.19122314453125,87.51603698730469,50.720191955566406,28.438451766967773,48.62681579589844,91.75174713134766,111.7132339477539
2020-03-01,40.29305648803711,42.03862380981445,22.940425872802734,18.739316940307617,53.978572845458984,76.54661560058594,47.15065002441406,25.79703712463379,46.58931350708008,81.10012817382812,93.51566314697266
2020-02-01,47.16364288330078,48.23418045043945,35.73685836791992,23.932682037353516,66.84891510009766,84.166015625,50.19765853881836,30.615266799926758,52.28160095214844,84.78981018066406,110.43962097167969
2020-01-01,51.5561637878418,51.2274284362793,42.18638610839844,26.965890884399414,74.19425201416016,90.7949447631836,54.69025421142578,32.64573287963867,57.99912643432617,90.76842498779297,119.48800659179688
2019-12-01,54.64545822143555,50.8507080078125,45.57560348510742,27.56362533569336,74.1549072265625,87.0251235961914,54.07419204711914,31.833255767822266,53.912139892578125,92.27352905273438,119.19039154052734
2019-11-01,53.41766357421875,49.83614730834961,44.70264434814453,26.99945831298828,74.6737060546875,83.6929702758789,53.23276138305664,31.816801071166992,52.602294921875,90.1265640258789,116.3678970336914
2019-10-01,51.77172088623047,47.99668884277344,43.996707916259766,25.700977325439453,71.46070098876953,79.43048858642578,52.51155090332031,32.37657165527344,53.60344314575195,85.83267974853516,114.84736633300781
2019-09-01,51.52159118652344,46.84442901611328,44.53068923950195,24.946937561035156,70.28718566894531,76.21215057373047,52.42462921142578,32.16945266723633,53.59772872924805,81.30976867675781,114.32557678222656
2019-08-01,50.18485641479492,46.8538932800293,43.23688888549805,23.984703063964844,68.59406280517578,75.26576232910156,51.82715606689453,32.063148498535156,51.80949401855469,81.73377227783203,113.26473236083984
2019-07-01,51.645530700683594,48.036354064941406,47.163421630859375,25.169679641723633,70.459228515625,76.43926239013672,50.726078033447266,30.591238021850586,49.30097961425781,82.22093200683594,114.34449768066406
2019-06-01,51.47928237915039,46.44922637939453,47.48967742919922,24.465900421142578,69.79354095458984,73.59561920166016,49.190345764160156,29.831247329711914,48.97623825073242,83.21906280517578,112.5168685913086
2019-05-01,46.41935729980469,44.43913269042969,43.8073844909668,23.05644989013672,64.95252990722656,67.79585266113281,47.10651779174805,29.587865829467773,47.84279251098633,78.40414428710938,104.719970703125
2019-04-01,50.5552978515625,47.251380920410156,49.27864456176758,24.83820343017578,70.32542419433594,74.22746276855469,48.88540267944336,29.23089599609375,48.220611572265625,80.18282318115234,113.33807373046875
2019-03-01,48.629268646240234,44.059444427490234,48.90255355834961,22.674762725830078,67.2513198852539,69.56095886230469,47.27107238769531,29.217639923095703,47.42536926269531,82.1137924194336,107.10134887695312
2019-02-01,48.23497009277344,43.25869369506836,48.25908660888672,23.38913917541504,68.42549896240234,66.60931396484375,45.77989196777344,27.99956703186035,46.4796257019043,82.02430725097656,103.67708587646484
2019-01-01,46.74544143676758,43.45652770996094,47.171878814697266,22.87761116027832,64.32930755615234,62.30405044555664,44.979549407958984,27.69304084777832,44.64522171020508,81.14723205566406,102.33187103271484
2018-12-01,43.97970962524414,38.761409759521484,42.02313995361328,20.877714157104492,57.37784957885742,58.010223388671875,42.39277648925781,24.716642379760742,42.7817268371582,77.0743179321289,92.77739715576172
2018-11-01,47.54021453857422,42.26382064819336,48.44203567504883,23.63861656188965,64.6202392578125,63.588497161865234,46.9676513671875,26.988977432250977,44.940208435058594,85.41338348388672,101.19210815429688
2018-10-01,45.79914474487305,43.230995178222656,49.21141052246094,23.033851623535156,62.25063705444336,64.86138153076172,45.92411422729492,25.585718154907227,43.404212951660156,79.0254135131836,98.74641418457031
2018-09-01,50.191402435302734,45.886192321777344,55.11940002441406,24.06650161743164,69.50465393066406,70.26688385009766,44.70671081542969,25.728670120239258,42.18419647216797,84.44274139404297,109.5137710571289
2018-08-01,51.35239791870117,46.05475616455078,54.173343658447266,24.720958709716797,68.3521499633789,70.51874542236328,44.582359313964844,26.707002639770508,42.84120178222656,82.33943939208984,109.26152038574219
2018-07-01,51.750953674316406,45.38050079345703,56.12369918823242,24.389368057250977,68.19258880615234,66.15330505371094,44.40828323364258,26.07581901550293,42.29638671875,78.92268371582031,103.95494079589844
2018-06-01,50.0795783996582,46.38251495361328,54.8941650390625,23.1025447845459,63.24915313720703,64.57205963134766,42.38896560668945,25.58932876586914,41.26227951049805,73.7948226928711,101.84691619873047
2018-05-01,50.17444610595703,,54.95198059082031,23.615158081054688,65.73037719726562,64.97173309326172,40.850685119628906,24.705320358276367,40.49198913574219,72.86643981933594,98.54830932617188
2018-04-01,49.165428161621094,,53.354454040527344,23.84975242614746,63.77014923095703,60.84477615356445,41.500545501708984,24.165531158447266,40.94462966918945,72.73379516601562,96.62877655029297
2018-03-01,48.91816711425781,,48.38365936279297,23.867128372192383,65.33460998535156,60.61795425415039,43.052005767822266,24.171916961669922,39.81735610961914,71.72140502929688,94.10604858398438
2018-02-01,51.229209899902344,,47.902748107910156,24.99253273010254,67.41012573242188,63.16609191894531,43.690059661865234,23.41751480102539,38.659000396728516,74.13561248779297,96.6888656616211
2018-01-01,54.08147048950195,,53.72373580932617,25.745681762695312,70.11885070800781,63.42552947998047,47.2974853515625,25.128528594970703,40.2192268371582,77.62476348876953,100.16361236572266
2017-12-01,51.74864196777344,,51.52167892456055,24.049781799316406,66.18868255615234,59.03572463989258,46.193416595458984,25.338953018188477,41.1281623840332,72.55915832519531,91.37947082519531
2017-11-01,50.919368743896484,,49.268592834472656,23.713720321655273,65.17401885986328,58.93418884277344,45.51136779785156,25.73126792907715,44.188568115234375,73.25243377685547,89.49053192138672
2017-10-01,50.44061279296875,,48.420101165771484,22.92096519470215,62.567405700683594,58.11257553100586,43.10790252685547,25.000484466552734,43.03311538696289,71.18132781982422,85.1757583618164
2017-09-01,48.29961013793945,,48.1919059753418,22.190759658813477,61.821144104003906,54.36421203613281,43.55716323852539,24.624027252197266,41.10353469848633,71.46237182617188,83.11318969726562
2017-08-01,46.828529357910156,,44.31429672241211,21.195354461669922,59.60948944091797,54.115848541259766,44.14621353149414,25.143394470214844,42.591148376464844,71.07764434814453,82.72566986083984
2017-07-01,46.4628791809082,,46.8829460144043,21.530017852783203,59.478885650634766,52.57966613769531,44.638431549072266,24.891345977783203,41.2352409362793,69.8535385131836,84.29418182373047
2017-06-01,45.543704986572266,,45.37422180175781,21.088956832885742,59.025360107421875,50.133201599121094,43.99258804321289,24.38909912109375,39.93497848510742,69.0111312866211,82.446533203125
2017-05-01,44.92585754394531,,45.73765563964844,19.875080108642578,58.514068603515625,51.79146957397461,45.35383605957031,24.131572723388672,41.37990188598633,66.259033203125,83.75274658203125
2017-04-01,44.91738510131836,,47.41508483886719,20.11443519592285,57.491455078125,49.821693420410156,44.18476486206055,23.972511291503906,39.735145568847656,65.75393676757812,82.84210968017578
2017-03-01,44.21963119506836,,48.56355667114258,20.213361740112305,56.12699890136719,48.65399169921875,43.475624084472656,23.782943725585938,39.13798141479492,64.52716064453125,80.65990447998047
2017-02-01,44.084632873535156,,49.59178924560547,20.903331756591797,56.81717300415039,47.77783966064453,43.889827728271484,24.189361572265625,39.48884582519531,65.07383728027344,79.21087646484375
2017-01-01,43.839942932128906,,50.647823333740234,19.855613708496094,54.67768096923828,45.70610427856445,41.89048767089844,23.11310386657715,37.51325607299805,61.1949348449707,77.79850769042969
2016-12-01,41.65802764892578,,52.05394744873047,19.714975357055664,53.35024642944336,43.942405700683594,40.88459777832031,22.726078033447266,36.6927490234375,59.56255340576172,74.21343994140625
2016-11-01,41.85918426513672,,51.43885803222656,19.087486267089844,53.51315689086914,43.16094970703125,39.99116134643555,22.17917251586914,35.31782531738281,59.39838790893555,74.62371826171875
2016-10-01,39.18535614013672,,47.42355728149414,16.738645553588867,49.0544319152832,43.088253021240234,41.74641418457031,22.873886108398438,37.34244155883789,58.197479248046875,71.20478820800781
2016-09-01,39.81831359863281,,48.50566864013672,16.287683486938477,49.78555679321289,43.23652648925781,41.81161880493164,24.091697692871094,36.697120666503906,62.06106948852539,72.69633483886719
2016-08-01,40.49375915527344,,47.06306838989258,16.837299346923828,49.96465301513672,42.52165222167969,42.73099899291992,24.540157318115234,36.87690353393555,62.62049865722656,73.16861724853516
2016-07-01,40.60215759277344,,46.286808013916016,16.213438034057617,49.49562454223633,42.03300476074219,42.982452392578125,25.494409561157227,39.04172897338867,64.72046661376953,74.13134002685547
2016-06-01,38.45024490356445,,46.57093048095703,15.58848762512207,47.502559661865234,39.05573272705078,43.07689666748047,24.492332458496094,38.98501205444336,61.469364166259766,70.64727020263672
2016-05-01,38.94809341430664,,45.63597106933594,16.195390701293945,47.42623519897461,39.79416275024414,41.13198471069336,23.2746524810791,36.51825714111328,61.16075897216797,71.7151870727539
2016-04-01,39.080848693847656,,46.0659065246582,15.89534854888916,47.62977981567383,37.9390869140625,40.85078048706055,22.88089942932129,35.97587585449219,59.823543548583984,71.67902374267578
2016-03-01,37.05214309692383,,41.93790054321289,15.275203704833984,46.804439544677734,39.7463264465332,41.23246383666992,23.227577209472656,36.59232711791992,57.89289855957031,71.29505157470703
2016-02-01,34.56325149536133,,38.33974838256836,14.317962646484375,43.977779388427734,36.708885192871094,39.569480895996094,21.18360710144043,34.143985748291016,56.568992614746094,67.0948715209961
2016-01-01,32.057830810546875,,39.44425582885742,14.745662689208984,42.180545806884766,36.95082473754883,39.445159912109375,21.082494735717773,33.495033264160156,56.77397918701172,66.79741668701172
2015-12-01,35.63581085205078,,40.507144927978516,16.077404022216797,44.458805084228516,38.18367004394531,38.948448181152344,22.276351928710938,31.59030532836914,61.263431549072266,70.15760040283203
2015-11-01,37.53169631958008,,45.67796325683594,16.569904327392578,45.90974807739258,39.19108200073242,38.12303924560547,21.966323852539062,31.254554748535156,60.48096466064453,72.50938415527344
2015-10-01,37.16237258911133,,45.68467712402344,16.246070861816406,45.515560150146484,38.91471481323242,38.477882385253906,22.109193801879883,31.933361053466797,60.676570892333984,72.67987823486328
2015-09-01,32.582035064697266,,40.79716110229492,15.213641166687012,41.61725616455078,35.056854248046875,36.16944885253906,,31.302047729492188,56.126956939697266,66.40663146972656
2015-08-01,35.38970184326172,,44.2835807800293,15.730608940124512,42.78511428833008,35.70475387573242,36.26142883300781,,30.701894760131836,59.737083435058594,67.05045318603516
2015-07-01,37.503604888916016,,46.2501106262207,16.925674438476562,45.22926330566406,37.79041290283203,38.56081771850586,,31.80821990966797,64.9065933227539,71.7363052368164
2015-06-01,39.31543731689453,,49.772525787353516,16.29717445373535,44.87300109863281,36.578556060791016,36.258968353271484,,29.708589553833008,62.825775146484375,68.17518615722656
2015-05-01,41.11912155151367,,51.911502838134766,16.44422721862793,46.32559585571289,38.319129943847656,37.16544723510742,,31.88693618774414,63.29026794433594,68.01473999023438
2015-04-01,40.96475601196289,,54.75242614746094,16.13006019592285,46.176177978515625,37.621150970458984,36.845516204833984,,31.68630027770996,60.562374114990234,67.13224029541016
2015-03-01,39.48298263549805,,51.028385162353516,16.056753158569336,46.08064651489258,36.46464538574219,36.90139389038086,,31.58806610107422,61.058773040771484,66.94306182861328
2015-02-01,41.676475524902344,,51.97553634643555,16.216590881347656,47.50181579589844,37.91654586791992,37.86290740966797,,32.156822204589844,60.83979415893555,67.493896484375
2015-01-01,38.60071563720703,,49.693153381347656,15.324175834655762,45.08912658691406,35.109554290771484,36.356258392333984,,34.35370635986328,58.33851623535156,62.18107986450195
2014-12-01,39.07476806640625,,51.74619674682617,16.385948181152344,46.48886489868164,36.19716262817383,36.44998550415039,,33.275054931640625,57.376564025878906,63.83545684814453
2014-11-01,39.541297912597656,,52.17762756347656,16.16729164123535,46.760013580322266,37.19510269165039,37.058860778808594,,32.415340423583984,58.40864944458008,63.53463363647461
2014-10-01,38.93000411987305,,57.14567184448242,15.796242713928223,45.36321258544922,35.48810577392578,35.11195373535156,,32.041866302490234,56.44518280029297,60.252159118652344
2014-09-01,39.70303726196289,,58.93421936035156,15.289112091064453,43.46558380126953,34.77816390991211,33.69581604003906,,29.395082473754883,53.43540954589844,58.80794143676758
2014-08-01,40.45562744140625,,64.21503448486328,15.414488792419434,44.17706298828125,35.10939407348633,33.710750579833984,,30.226165771484375,53.39360046386719,60.68621063232422
2014-07-01,38.9504508972168,,62.84282684326172,14.787613868713379,42.386104583740234,33.99369430541992,32.22428894042969,,28.80845069885254,50.92709732055664,58.10249328613281
2014-06-01,39.55784606933594,,64.79863739013672,14.946220397949219,44.00896453857422,33.27372360229492,33.10283660888672,,30.64850616455078,50.66990280151367,58.66453170776367
2014-05-01,39.111595153808594,,61.6978874206543,14.65045166015625,44.00082778930664,32.813880920410156,33.414432525634766,,29.595970153808594,49.80360794067383,57.73280334472656
2014-04-01,37.98796463012695,,60.68156051635742,14.433549880981445,43.170467376708984,31.625225067138672,32.82090759277344,,29.921415328979492,48.412532806396484,56.11542510986328
2014-03-01,37.527286529541016,,57.369895935058594,14.629095077514648,42.41582107543945,31.403356552124023,31.784059524536133,,28.47235679626465,48.552757263183594,56.71049880981445
2014-02-01,37.368553161621094,,56.46158981323242,14.210002899169922,42.19697189331055,31.403356552124023,31.25996971130371,,27.778751373291016,49.34135055541992,58.5681266784668
2014-01-01,34.95563507080078,,53.71097946166992,13.790903091430664,40.55157470703125,30.081567764282227,30.086336135864258,,26.851640701293945,46.45259094238281,55.0456428527832
2013-12-01,36.45640563964844,,56.7512321472168,14.247777938842773,42.14441680908203,30.724912643432617,31.485652923583984,,25.7994441986084,45.83218765258789,58.32565689086914
2013-11-01,34.973548889160156,,55.423973083496094,14.000106811523438,40.64445877075195,29.822250366210938,31.507612228393555,,25.840208053588867,45.683387756347656,57.2521858215332
2013-10-01,34.52394104003906,,55.391910552978516,13.406989097595215,39.2089958190918,28.92818260192871,31.024126052856445,,26.349817276000977,43.62491226196289,55.340877532958984
2013-09-01,32.970577239990234,,52.91514587402344,12.925843238830566,37.2551383972168,27.41142463684082,28.972848892211914,,25.150842666625977,41.65090560913086,52.75980758666992
2013-08-01,31.73055648803711,,52.0599365234375,12.620711326599121,35.352657318115234,26.863872528076172,28.76174545288086,,25.103736877441406,40.522972106933594,50.19272232055664
2013-07-01,31.76980209350586,,52.60243606567383,13.302385330200195,36.25172805786133,27.14620590209961,30.130321502685547,,26.4228572845459,42.00493240356445,51.66333770751953
2013-06-01,29.869422912597656,,49.73458480834961,12.576512336730957,34.054832458496094,26.039398193359375,28.690956115722656,,25.067995071411133,39.020809173583984,48.922149658203125
2013-05-01,31.388225555419922,,51.13197326660156,12.828682899475098,34.765621185302734,26.950220108032227,28.965784072875977,,25.10129165649414,39.430599212646484,48.679264068603516
2013-04-01,30.80405616760254,,49.715518951416016,12.091553688049316,33.10441207885742,26.218158721923828,29.60947036743164,,27.59943389892578,38.791316986083984,47.36947250366211
2013-03-01,30.39071273803711,,50.1513671875,11.735147476196289,33.20787811279297,25.662078857421875,28.621868133544922,,25.82298469543457,37.497989654541016,45.83573913574219
2013-02-01,29.855506896972656,,49.12694549560547,11.335601806640625,32.57967758178711,25.119495391845703,27.412790298461914,,24.72005844116211,35.457847595214844,44.045562744140625
2013-01-01,30.26661491394043,,48.911964416503906,11.200270652770996,31.871931076049805,24.92450714111328,26.534791946411133,,24.15869140625,35.017173767089844,43.35371398925781
2012-12-01,28.86345100402832,,44.93319320678711,10.496500968933105,29.918899536132812,24.318326950073242,24.838319778442383,,22.80497169494629,32.36968231201172,40.76581954956055
2012-11-01,28.217605590820312,,44.70669937133789,10.093036651611328,29.31104278564453,24.554349899291992,25.64965057373047,,23.066198348999023,32.66188430786133,40.84318161010742
2012-10-01,27.702465057373047,,45.26034927368164,10.182695388793945,28.805824279785156,24.33519172668457,25.187047958374023,,24.098045349121094,32.49143981933594,39.588558197021484
2012-09-01,28.147085189819336,,45.99184799194336,9.942851066589355,28.651948928833008,25.880407333374023,25.321456909179688,,23.516162872314453,32.403438568115234,40.06744384765625
2012-08-01,27.267473220825195,,44.80179977416992,9.668608665466309,28.518627166748047,25.594985961914062,25.059980392456055,,23.490312576293945,31.369638442993164,39.00559616088867
2012-07-01,26.647932052612305,,43.62429428100586,9.349725723266602,28.087223052978516,24.562467575073242,25.18010902404785,,24.504886627197266,31.006187438964844,37.28438186645508
2012-06-01,26.84661865234375,,41.37010192871094,9.29228687286377,27.845638275146484,24.02426528930664,24.404308319091797,,23.68348503112793,30.534700393676758,37.357852935791016
2012-05-01,25.728336334228516,,39.66218566894531,8.892416000366211,27.064992904663086,23.355297088623047,23.70945167541504,,22.959983825683594,29.040498733520508,36.777591705322266
2012-04-01,27.896446228027344,,44.405677795410156,9.793713569641113,28.891712188720703,24.935718536376953,23.990192413330078,,22.831920623779297,30.133041381835938,38.919395446777344
2012-03-01,28.017972946166992,,44.55149459838867,9.9966459274292,29.076204299926758,25.139314651489258,23.794034957885742,,22.229312896728516,30.061641693115234,38.35757064819336
2012-02-01,28.017972946166992,,46.494991302490234,9.33863639831543,28.928577423095703,24.130735397338867,23.20058822631836,,22.134157180786133,28.91864585876465,36.74125671386719
2012-01-01,28.177139282226562,,43.89331817626953,8.89574909210205,28.143766403198242,22.530357360839844,22.362768173217773,,22.000946044921875,28.61492347717285,35.15047073364258
2011-12-01,25.212726593017578,,42.743743896484375,8.172739028930664,26.049976348876953,21.120962142944336,22.480697631835938,,22.572839736938477,27.573062896728516,33.002296447753906
2011-11-01,25.980388641357422,,43.81959533691406,8.053292274475098,26.158042907714844,21.262048721313477,22.07245445251465,,22.08975601196289,26.929237365722656,32.7654914855957
2011-10-01,25.927715301513672,,43.10237503051758,8.487076759338379,25.795263290405273,21.585712432861328,21.477399826049805,,21.863901138305664,26.674890518188477,33.002296447753906
2011-09-01,21.979976654052734,,36.03580093383789,7.395883560180664,22.427959442138672,19.51141357421875,20.37689971923828,,20.879072189331055,25.085134506225586,29.38318634033203
2011-08-01,26.456823348999023,,42.274776458740234,8.379084587097168,24.868789672851562,20.205888748168945,21.221933364868164,,21.046756744384766,26.405412673950195,31.66740608215332
2011-07-01,28.455692291259766,,47.084896087646484,9.268342971801758,26.618803024291992,21.338544845581055,21.18071174621582,,20.5996150970459,26.97462272644043,33.42061996459961
2011-06-01,29.309871673583984,,46.236934661865234,9.578369140625,28.442726135253906,21.1628475189209,21.306095123291016,,20.58233070373535,27.952356338500977,33.77339172363281
2011-05-01,29.592771530151367,,47.3169059753418,9.884132385253906,28.740598678588867,21.788673400878906,22.042909622192383,,20.82208824157715,28.408662796020508,33.966583251953125
2011-04-01,30.42658042907715,,49.38484191894531,10.221092224121094,29.557811737060547,22.019243240356445,21.503950119018555,,20.385601043701172,27.72421646118164,34.05897903442383
2011-03-01,29.695707321166992,,48.77268981933594,10.200634956359863,28.64531898498535,21.38701057434082,20.29686164855957,,19.401241302490234,25.93033790588379,32.689537048339844
2011-02-01,29.280160903930664,,48.03268051147461,10.486924171447754,28.14344024658203,21.7973575592041,20.16118621826172,,19.54734992980957,25.58574867248535,32.99092483520508
2011-01-01,28.523298263549805,,44.736331939697266,10.206860542297363,27.55790138244629,21.329565048217773,19.591358184814453,,19.3099308013916,24.810426712036133,31.12413215637207
2010-12-01,28.271198272705078,,41.55479049682617,9.8909273147583,26.38132667541504,20.598949432373047,19.710920333862305,,18.85289192199707,24.54216194152832,31.133039474487305
2010-11-01,25.901153564453125,,38.181697845458984,8.966949462890625,24.6715030670166,19.584943771362305,19.045143127441406,,18.503986358642578,23.583843231201172,30.084463119506836
2010-10-01,25.614091873168945,,36.06895065307617,9.028959274291992,24.346172332763672,19.91204071044922,19.3477725982666,,19.081483840942383,24.285045623779297,29.34379005432129
2010-09-01,23.64605712890625,,33.976566314697266,8.878785133361816,23.5452823638916,18.756656646728516,18.616479873657227,,18.68527603149414,23.63370132446289,27.715110778808594
2010-08-01,22.390892028808594,,31.03104019165039,8.38999080657959,21.2193603515625,16.858173370361328,17.6816463470459,,18.345874786376953,21.78114891052246,25.043975830078125
2010-07-01,23.090600967407227,,32.63107681274414,9.101531028747559,22.800085067749023,17.860376358032227,18.01551628112793,,18.083877563476562,22.14545440673828,26.08090591430664
2010-06-01,20.374826431274414,,29.973134994506836,8.526747703552246,20.54621696472168,16.563282012939453,16.905961990356445,,16.651823043823242,21.748123168945312,24.087011337280273
2010-05-01,22.084104537963867,,32.00634002685547,9.063916206359863,22.17163848876953,17.5700740814209,17.4694881439209,,16.946449279785156,22.264835357666016,26.76609992980957
2010-04-01,24.4110164642334,,36.1451530456543,9.977715492248535,24.396291732788086,18.99094581604004,18.318098068237305,,17.93636703491211,23.814966201782227,28.791967391967773
2010-03-01,24.307994842529297,,34.58210754394531,9.825662612915039,23.320158004760742,18.695953369140625,18.43887710571289,,17.322553634643555,24.696304321289062,27.103031158447266
2010-02-01,22.57376480102539,,33.75242614746094,9.043303489685059,21.52859115600586,17.554779052734375,17.8447208404541,,17.018857955932617,24.135204315185547,25.188322067260742
2010-01-01,21.599153518676758,,32.76643753051758,8.735286712646484,20.43872833251953,16.963953018188477,17.296768188476562,,17.246625900268555,24.042964935302734,23.859580993652344
2009-12-01,23.511545181274414,,34.0899543762207,8.838006019592285,20.610877990722656,18.49197006225586,17.31106185913086,,17.904277801513672,23.7503604888916,24.435794830322266
2009-11-01,23.162330627441406,,33.976322174072266,8.997583389282227,20.403209686279297,17.54035758972168,17.5137939453125,,17.177030563354492,23.452241897583008,23.49184799194336
2009-10-01,20.910228729248047,,33.03753662109375,8.623190879821777,18.7567138671875,16.621000289916992,16.892507553100586,,16.38627815246582,21.457124710083008,22.014375686645508
2009-09-01,21.9593448638916,,32.099639892578125,9.141098022460938,19.43246841430664,16.768491744995117,16.532495498657227,,16.7558536529541,21.819822311401367,22.474885940551758
2009-08-01,21.15734100341797,,30.462507247924805,8.994256019592285,18.458627700805664,16.08553123474121,16.116907119750977,,16.698734283447266,21.781774520874023,21.403091430664062
2009-07-01,20.667617797851562,,30.135089874267578,7.960220813751221,17.617578506469727,15.82841968536377,15.922104835510254,,16.533063888549805,21.210966110229492,20.674938201904297
2009-06-01,18.214397430419922,,28.45969009399414,7.274142265319824,16.093570709228516,14.565340042114258,14.815189361572266,,15.753592491149902,19.9235897064209,18.80284309387207
2009-05-01,19.18158721923828,,30.609708786010742,7.444586753845215,16.48198699951172,14.117420196533203,14.898961067199707,,15.120962142944336,19.56010627746582,18.835432052612305
2009-04-01,18.122608184814453,,27.11518669128418,6.531510829925537,15.946993827819824,13.79747486114502,14.177218437194824,,14.601302146911621,18.310619354248047,18.97393226623535
2009-03-01,15.585076332092285,,25.020166397094727,5.309521198272705,13.377551078796387,12.43104362487793,13.517180442810059,,14.274165153503418,18.220346450805664,15.922677993774414
2009-02-01,13.59221076965332,,24.236446380615234,4.580292224884033,12.412161827087402,11.237278938293457,13.043116569519043,,14.162433624267578,17.29465675354004,14.204811096191406
2009-01-01,14.778101921081543,,27.648284912109375,5.568668365478516,14.959922790527344,11.682950019836426,14.189834594726562,,16.190425872802734,19.7405948638916,15.6228666305542
2008-12-01,15.765145301818848,,28.003890991210938,7.434427738189697,16.83599090576172,12.198648452758789,15.162226676940918,,16.015981674194336,19.86041831970215,17.346660614013672
2008-11-01,16.04938507080078,,29.475305557250977,7.517563343048096,16.61314582824707,12.071991920471191,15.289268493652344,,16.61733627319336,18.64111328125,16.478124618530273
2008-10-01,17.96977424621582,,30.131881713867188,9.221780776977539,18.101215362548828,13.180240631103516,15.321029663085938,,15.949779510498047,19.8978214263916,18.4805965423584
2008-09-01,23.019250869750977,,36.98867416381836,11.69862174987793,22.020923614501953,15.659659385681152,17.412979125976562,,18.17237091064453,22.376731872558594,22.358474731445312
2008-08-01,27.395668029785156,,43.62092590332031,12.5985107421875,25.18107032775879,17.94747543334961,17.7536678314209,,20.59499168395996,24.283035278320312,24.442066192626953
2008-07-01,27.829862594604492,,43.47480773925781,12.722023963928223,24.509000778198242,17.631914138793945,17.286792755126953,,20.824665069580078,23.791561126708984,22.863346099853516
2008-06-01,28.62913703918457,,51.56614685058594,11.811576843261719,24.202606201171875,18.022275924682617,16.803701400756836,,22.093690872192383,22.665626525878906,22.74081039428711
2008-05-01,30.536375045776367,,50.12078857421875,14.435073852539062,27.639781951904297,19.94171905517578,17.896732330322266,,22.42481803894043,23.77740478515625,25.799015045166016
2008-04-01,29.02706527709961,,47.6439094543457,15.513625144958496,27.3978328704834,18.72239112854004,17.369068145751953,,21.648557662963867,23.33269691467285,25.11231231689453
2008-03-01,27.473112106323242,,43.03824996948242,14.383211135864258,26.497344970703125,17.61631202697754,17.407894134521484,,20.447900772094727,22.99996566772461,24.497150421142578
2008-02-01,27.951839447021484,,44.194698333740234,14.938413619995117,25.68259620666504,17.419689178466797,16.951765060424805,,20.27004623413086,24.20273208618164,24.975608825683594
2008-01-01,27.322641372680664,,40.446407318115234,16.85270881652832,26.213947296142578,18.284780502319336,16.995508193969727,,21.137767791748047,24.866838455200195,25.980377197265625
2007-12-01,28.250822067260742,,45.993980407714844,16.5802001953125,27.61212730407715,20.870323181152344,17.903379440307617,,22.64137840270996,25.96015739440918,25.890993118286133
2007-11-01,28.216941833496094,,42.585731506347656,17.766550064086914,27.781360626220703,20.557186126708984,18.145832061767578,,22.855329513549805,26.812997817993164,27.434946060180664
2007-10-01,29.714174270629883,,44.45794677734375,19.331151962280273,28.59222984313965,22.23245620727539,17.66094207763672,,22.705568313598633,26.47480583190918,29.018491744995117
2007-09-01,28.398426055908203,,43.242881774902344,19.524831771850586,28.82025718688965,21.070884704589844,17.297286987304688,,21.13900375366211,25.899259567260742,29.103729248046875
2007-08-01,26.402233123779297,,40.36964416503906,19.20054817199707,27.655664443969727,20.344303131103516,16.629623413085938,,20.50165367126465,25.2032470703125,29.419815063476562
2007-07-01,26.584321975708008,,39.88981628417969,18.71697998046875,27.648651123046875,19.961475372314453,16.24635124206543,,20.182973861694336,24.639102935791016,29.238061904907227
2007-06-01,27.190155029296875,,39.76854705810547,20.47107696533203,27.31870460510254,19.986509323120117,16.619964599609375,,20.877748489379883,25.731212615966797,31.024459838867188
2007-05-01,27.45870590209961,,39.37081527709961,21.444272994995117,27.381664276123047,20.025537490844727,17.062347412109375,,22.069862365722656,26.76601791381836,31.63187599182129
2007-04-01,25.92798614501953,,36.52896499633789,20.940702438354492,26.03114128112793,19.065256118774414,16.835012435913086,,21.969642639160156,26.3142032623291,30.708932876586914
2007-03-01,25.512571334838867,,34.6341438293457,20.07536506652832,24.82282066345215,18.206451416015625,16.293363571166992,,20.8286190032959,24.43021011352539,29.944639205932617
2007-02-01,24.956052780151367,,32.69215774536133,20.255659103393555,24.67618179321289,18.02690315246582,16.042692184448242,,20.214773178100586,24.473766326904297,30.141483306884766
2007-01-01,24.3056640625,,33.37588882446289,20.89234733581543,24.95548439025879,18.52655792236328,16.293363571166992,,19.196945190429688,25.054569244384766,31.07058334350586
2006-12-01,23.107501983642578,,33.58576202392578,20.542665481567383,24.249731063842773,18.056137084960938,15.888710021972656,,19.091670989990234,24.228923797607422,30.09690284729004
2006-11-01,23.213623046875,,34.662696838378906,19.949983596801758,24.32592010498047,18.257966995239258,15.578481674194336,,19.102052688598633,24.062522888183594,29.563379287719727
2006-10-01,22.245288848876953,,31.924514770507812,19.810197830200195,23.74408721923828,17.753387451171875,15.712313652038574,,18.60813331604004,24.091468811035156,29.194629669189453
2006-09-01,20.862735748291016,,30.51390838623047,19.247629165649414,22.99553871154785,17.043386459350586,15.361624717712402,,17.530813217163086,23.930160522460938,27.368806838989258
2006-08-01,20.988018035888672,,31.78127670288086,18.60825538635254,22.243736267089844,16.415874481201172,15.44636058807373,,17.933103561401367,23.648963928222656,25.779146194458008
2006-07-01,20.37480354309082,,33.482521057128906,18.391420364379883,21.995426177978516,15.3390531539917,14.871358871459961,,17.453439712524414,22.992856979370117,25.277963638305664
2006-06-01,21.024627685546875,,32.278404235839844,17.87562370300293,23.260272979736328,15.749642372131348,14.563395500183105,,16.515743255615234,21.72374153137207,26.091442108154297
2006-05-01,21.057382583618164,,31.595861434936523,18.063560485839844,23.349708557128906,15.827107429504395,14.3767671585083,,16.280460357666016,21.795576095581055,26.193025588989258
2006-04-01,21.941579818725586,,32.50022506713867,18.771059036254883,23.7556209564209,16.927173614501953,14.346661567687988,,16.01959991455078,22.26252555847168,26.638429641723633
2006-03-01,21.085018157958984,,30.85036277770996,17.895723342895508,23.166345596313477,17.151840209960938,14.133906364440918,,15.651447296142578,22.89866065979004,26.297000885009766
2006-02-01,20.244211196899414,,29.682132720947266,17.939708709716797,22.268489837646484,16.772239685058594,14.0919828414917,,16.5347957611084,23.27099609375,26.148571014404297
2006-01-01,20.68742561340332,,32.699119567871094,17.565855026245117,21.596799850463867,16.73349952697754,13.972203254699707,,16.32156753540039,23.006067276000977,25.96107292175293
2005-12-01,19.58134651184082,,28.456432342529297,17.29911231994629,21.40648078918457,16.081037521362305,13.878336906433105,,15.794958114624023,22.6380558013916,25.37834930419922
2005-11-01,19.186880111694336,,28.02655792236328,17.408363342285156,21.433725357055664,16.70427703857422,13.931961059570312,,15.799995422363281,21.952909469604492,25.72813606262207
2005-10-01,17.822385787963867,,27.61365509033203,16.616323471069336,20.255090713500977,15.711714744567871,13.8068265914917,,15.825154304504395,21.688852310180664,24.74098014831543
2005-09-01,17.68632698059082,,30.270387649536133,16.03133201599121,20.46727752685547,16.081037521362305,13.80340576171875,,16.780475616455078,22.306550979614258,25.20907974243164
2005-08-01,17.647727966308594,,28.56144142150879,15.987902641296387,20.209400177001953,16.04256820678711,13.6788911819458,,16.221126556396484,22.4986572265625,25.992727279663086
2005-07-01,18.419498443603516,,26.846858978271484,16.25400161743164,20.69800567626953,16.196447372436523,13.921991348266602,,16.116249084472656,22.576932907104492,26.877260208129883
2005-06-01,17.369722366333008,,24.99210548400879,15.909725189208984,19.888423919677734,15.327006340026855,13.424447059631348,,15.63394832611084,22.011781692504883,25.396987915039062
2005-05-01,17.811328887939453,,23.43466567993164,15.807157516479492,20.477354049682617,15.527058601379395,13.754897117614746,,14.876017570495605,22.196216583251953,25.544204711914062
2005-04-01,17.926523208618164,,22.799314498901367,15.353669166564941,19.847801208496094,14.519099235534668,13.442150115966797,,14.885927200317383,21.919565200805664,24.056642532348633
2005-03-01,19.236398696899414,,24.02375030517578,15.245516777038574,20.527292251586914,15.050004959106445,13.527562141418457,,14.331329345703125,21.10980796813965,25.65477180480957
2005-02-01,19.829565048217773,,24.57293701171875,15.932881355285645,20.608243942260742,15.350082397460938,13.703856468200684,,14.28215503692627,21.300687789916992,25.99517059326172
2005-01-01,18.381732940673828,,21.042491912841797,16.04027557373047,20.372142791748047,15.327006340026855,13.72148323059082,,13.982256889343262,20.67856216430664,26.134429931640625
2004-12-01,18.851436614990234,,20.279556274414062,16.293481826782227,20.853925704956055,15.926531791687012,13.507040023803711,,13.562725067138672,21.277809143066406,27.21791648864746
2004-11-01,18.71194076538086,,20.944000244140625,15.74378490447998,20.451208114624023,15.828448295593262,13.073973655700684,,13.363059043884277,20.227663040161133,26.084157943725586
2004-10-01,17.30426597595215,,19.620683670043945,15.268798828125,19.243057250976562,15.058915138244629,12.757949829101562,,12.793277740478516,19.840028762817383,25.035240173339844
2004-09-01,17.387435913085938,,19.425973892211914,15.106905937194824,18.98196029663086,14.42518138885498,12.622632026672363,,12.098052978515625,20.230600357055664,24.0281925201416
2004-08-01,16.794174194335938,,17.768680572509766,15.32984733581543,18.64754295349121,14.017766952514648,13.018905639648438,,12.122201919555664,20.652212142944336,23.38897705078125
2004-07-01,16.516475677490234,,18.0467472076416,14.846813201904297,18.634164810180664,14.666600227355957,12.791629791259766,,11.648910522460938,20.32194709777832,23.43518829345703
2004-06-01,16.82263946533203,,17.43784523010254,15.093231201171875,19.129423141479492,15.61721420288086,13.405776977539062,,11.375450134277344,21.414716720581055,24.327320098876953
2004-05-01,16.093950271606445,,16.47953987121582,15.103800773620605,18.05481719970703,15.202260971069336,13.38255500793457,,11.27969741821289,21.55486297607422,24.296558380126953
2004-04-01,15.65422534942627,,16.52938461303711,14.850305557250977,17.620962142944336,14.62887954711914,13.458033561706543,,11.145642280578613,21.624937057495117,24.14273452758789
2004-03-01,16.35727882385254,,16.18367576599121,15.45637035369873,17.56656265258789,15.209813117980957,13.235867500305176,,11.549224853515625,20.92104148864746,24.386905670166016
2004-02-01,16.80173110961914,,16.354660034179688,15.708718299865723,17.845937728881836,15.624755859375,13.316858291625977,,11.520734786987305,21.88566017150879,24.571258544921875
2004-01-01,15.969159126281738,,15.538305282592773,15.272358894348145,17.97896957397461,16.032161712646484,12.599533081054688,,11.307036399841309,21.654996871948242,24.0489501953125
2003-12-01,16.61023712158203,,15.12838363647461,14.701008796691895,17.712350845336914,15.267923355102539,12.546368598937988,,10.97652530670166,21.001649856567383,24.121353149414062
2003-11-01,15.216191291809082,,13.437088012695312,14.147048950195312,16.693031311035156,14.90832805633545,12.37932300567627,,10.397820472717285,19.92197036743164,23.255773544311523
2003-10-01,14.880128860473633,,13.332755088806152,14.199313163757324,16.36870574951172,14.69856071472168,12.235309600830078,,10.374300003051758,19.504030227661133,23.0489501953125
2003-09-01,13.514538764953613,,13.140284538269043,13.209602355957031,15.361030578613281,13.694682121276855,11.66543960571289,,10.212021827697754,19.3144474029541,21.098697662353516
2003-08-01,14.226479530334473,,13.4844970703125,13.162810325622559,15.849102973937988,13.814555168151855,11.751553535461426,,9.815662384033203,19.321395874023438,22.18499755859375
2003-07-01,13.842645645141602,,12.675865173339844,13.318766593933105,15.255502700805664,13.185260772705078,11.556365013122559,,9.624480247497559,20.064529418945312,21.106353759765625
2003-06-01,12.761877059936523,,13.077407836914062,12.703510284423828,14.73513412475586,12.788200378417969,11.521346092224121,,10.227373123168945,20.311861038208008,20.695091247558594
2003-05-01,12.718788146972656,,13.311223030090332,12.708688735961914,14.465304374694824,12.698298454284668,11.464194297790527,,10.17651081085205,19.508516311645508,20.427705764770508
2003-04-01,12.3370943069458,,12.033380508422852,12.092917442321777,14.083605766296387,11.69442081451416,10.926985740661621,,9.242547988891602,19.113780975341797,19.396390914916992
2003-03-01,11.264106750488281,,12.073221206665039,10.69427490234375,12.659762382507324,10.713017463684082,10.554569244384766,,8.417436599731445,18.454490661621094,17.339284896850586
2003-02-01,11.245720863342285,,12.121892929077148,10.843667030334473,12.574532508850098,10.877833366394043,10.611401557922363,,8.097206115722656,17.86743927001953,16.965503692626953
2003-01-01,11.552145004272461,,11.775712966918945,11.188801765441895,12.771210670471191,10.825395584106445,10.946743965148926,,8.554676055908203,18.274921417236328,17.041772842407227
2002-12-01,12.067365646362305,,12.016629219055176,11.265453338623047,13.4249267578125,11.057755470275879,11.2730712890625,,8.657395362854004,18.26870346069336,17.58895492553711
2002-11-01,12.742510795593262,,12.075826644897461,11.982348442077637,14.05085277557373,12.776187896728516,11.301335334777832,,8.485600471496582,19.053117752075195,19.270986557006836
2002-10-01,11.373978614807129,,11.596880912780762,11.55221176147461,13.353199005126953,11.027868270874023,11.623588562011719,,8.24599552154541,18.482019424438477,18.418550491333008
2002-09-01,10.695724487304688,,11.325325012207031,10.527718544006348,12.679262161254883,8.83873176574707,11.1163330078125,,8.338777542114258,17.4095401763916,17.232501983642578
2002-08-01,12.364476203918457,,12.261969566345215,11.958908081054688,14.387581825256348,10.609466552734375,12.060012817382812,,9.602766990661621,18.616830825805664,18.942832946777344
2002-07-01,12.430981636047363,,12.079991340637207,11.739907264709473,14.614921569824219,10.699126243591309,11.964521408081055,,9.236522674560547,18.438474655151367,18.38793182373047
2002-06-01,13.951250076293945,,13.9388427734375,12.747775077819824,15.454293251037598,11.819840431213379,12.460175514221191,,10.727313041687012,18.98246955871582,20.843326568603516
2002-05-01,14.264077186584473,,14.555984497070312,13.376538276672363,16.50402069091797,13.642873764038086,13.916196823120117,,11.612042427062988,20.450040817260742,22.042165756225586
2002-04-01,13.59028148651123,,14.81667423248291,13.417107582092285,16.432743072509766,14.233123779296875,14.073003768920898,,11.709360122680664,20.16887092590332,22.155982971191406
2002-03-01,14.216270446777344,,15.318323135375977,13.721295356750488,17.599485397338867,16.190643310546875,14.574091911315918,,12.365714073181152,20.283241271972656,22.764665603637695
2002-02-01,13.838529586791992,,14.120011329650879,12.912673950195312,17.185993194580078,15.428550720214844,14.384236335754395,,11.834755897521973,19.179636001586914,22.507015228271484
2002-01-01,13.143003463745117,,13.653407096862793,13.140105247497559,16.766040802001953,17.737232208251953,14.088292121887207,,11.856694221496582,18.336490631103516,22.385759353637695
2001-12-01,12.763045310974121,,14.099027633666992,13.23402214050293,17.89668846130371,17.931488037109375,14.13333511352539,,12.20534896850586,18.440914154052734,21.639448165893555
2001-11-01,13.239726066589355,,13.391427040100098,13.037779808044434,17.121383666992188,18.3349552154541,14.467202186584473,,11.917962074279785,18.03720474243164,20.731502532958984
2001-10-01,11.75011157989502,,14.18350887298584,12.242721557617188,15.564311981201172,15.951559066772461,13.855122566223145,,12.07036018371582,16.162311553955078,18.295175552368164
2001-09-01,11.372223854064941,,13.558083534240723,12.363836288452148,15.228964805603027,14.382549285888672,13.899969100952148,,12.643513679504395,16.07359504699707,17.327560424804688
2001-08-01,12.977367401123047,,15.0861234664917,13.160367012023926,17.918312072753906,17.19929313659668,13.960986137390137,,12.863892555236816,18.802688598632812,19.892375946044922
2001-07-01,13.030670166015625,,15.752997398376465,14.092167854309082,18.555269241333008,19.590152740478516,13.894426345825195,,13.339212417602539,19.808143615722656,21.80089569091797
2001-06-01,13.008463859558105,,15.862285614013672,14.17524242401123,18.553682327270508,21.047088623046875,13.4412202835083,,13.36464786529541,20.20331382751465,20.827945709228516
2001-05-01,13.533283233642578,,17.534746170043945,14.329983711242676,19.818410873413086,20.643632888793945,14.137885093688965,,14.171245574951172,20.442611694335938,21.038700103759766
2001-04-01,13.032052040100098,,17.70199203491211,13.72603988647461,19.0223445892334,21.5252685546875,13.93331241607666,,14.072568893432617,19.690540313720703,20.549427032470703
2001-03-01,11.721837043762207,,15.996684074401855,13.203184127807617,17.022172927856445,18.529211044311523,13.628037452697754,,13.330265998840332,18.333480834960938,19.59873390197754
2001-02-01,12.396857261657715,,16.538597106933594,13.655892372131348,18.878684997558594,20.927549362182617,14.686528205871582,,13.619961738586426,19.591259002685547,19.92925453186035
2001-01-01,12.238369941711426,,16.741811752319336,14.640905380249023,20.082199096679688,27.86851692199707,14.598321914672852,,13.343050003051758,19.974056243896484,21.46169090270996
2000-12-01,12.254798889160156,,17.24129295349121,14.621649742126465,19.922452926635742,23.394996643066406,15.700454711914062,,13.93407154083252,18.624059677124023,19.17792510986328
2000-11-01,11.021272659301758,,15.690869331359863,13.521928787231445,19.245079040527344,25.963300704956055,15.193713188171387,,14.334254264831543,18.325040817260742,17.960277557373047
2000-10-01,11.307307243347168,,16.559436798095703,14.249916076660156,19.922452926635742,32.664268493652344,14.68697452545166,,14.340811729431152,20.161828994750977,18.416898727416992
2000-09-01,10.334684371948242,,16.948850631713867,14.330507278442383,19.431156158447266,34.64887619018555,13.681557655334473,,13.442037582397461,19.862808227539062,18.60488510131836
2000-08-01,11.525440216064453,,16.746782302856445,14.067995071411133,20.06694221496582,42.237064361572266,13.151067733764648,,11.97160816192627,20.610332489013672,18.62822914123535
2000-07-01,11.267751693725586,,15.097978591918945,12.770831108093262,18.258930206298828,38.33790588378906,13.313638687133789,,11.522675514221191,19.90552520751953,19.434093475341797
2000-06-01,11.117735862731934,,15.620529174804688,11.695784568786621,17.94367218017578,40.48594284057617,13.786612510681152,,11.26168155670166,20.204532623291016,19.093915939331055
2000-05-01,12.214471817016602,,16.609891891479492,12.334436416625977,18.716938018798828,36.82025909423828,13.078070640563965,,11.745985984802246,20.161828994750977,20.224632263183594
2000-04-01,12.612480163574219,,14.864445686340332,12.065122604370117,18.796239852905273,41.092994689941406,12.207344055175781,,11.771818161010742,20.71712303161621,21.378662109375
2000-03-01,13.014999389648438,,15.039277076721191,11.906011581420898,18.490428924560547,45.24900817871094,11.555612564086914,,10.966838836669922,20.96273422241211,21.790769577026367
2000-02-01,11.850257873535156,,13.419900894165039,10.10439395904541,16.264455795288086,41.74675369262695,11.172697067260742,,9.960529327392578,19.23274803161621,19.126548767089844
2000-01-01,13.173821449279785,,14.013141632080078,11.315701484680176,17.214195251464844,37.77754211425781,12.653307914733887,,11.33859634399414,20.57830047607422,20.255062103271484
1999-12-01,14.94630241394043,,13.860032081604004,11.618043899536133,18.673669815063477,40.251670837402344,12.506149291992188,,11.47054386138916,20.989404678344727,23.099750518798828
1999-11-01,13.452549934387207,,13.804071426391602,11.946507453918457,17.343355178833008,34.8700065612793,13.5242919921875,,11.801728248596191,19.365039825439453,21.124427795410156
1999-10-01,13.645865440368652,,13.828057289123535,12.496463775634766,17.73752784729004,31.75306510925293,13.481865882873535,,12.20297908782959,19.14208221435547,21.11280059814453
1999-09-01,13.288089752197266,,13.972509384155273,10.779959678649902,18.097820281982422,30.819156646728516,12.325481414794922,,12.046785354614258,18.21842384338379,19.3654727935791
1999-08-01,13.761096954345703,,14.71251106262207,11.41183853149414,18.225688934326172,30.94755744934082,13.578351020812988,,11.838212966918945,18.473217010498047,19.678733825683594
1999-07-01,14.409300804138184,,14.553377151489258,11.937127113342285,18.078149795532227,29.896894454956055,13.349790573120117,,12.432332992553711,19.343809127807617,20.46774673461914
1999-06-01,14.530405044555664,,14.210848808288574,12.67846965789795,18.74275779724121,30.247127532958984,13.811039924621582,,12.31884479522705,19.938344955444336,22.085643768310547
1999-05-01,13.779448509216309,,13.997096061706543,12.184995651245117,17.68184471130371,27.597150802612305,13.6255521774292,,11.904237747192383,19.099618911743164,20.77627182006836
1999-04-01,15.159130096435547,,14.305854797363281,12.966958045959473,18.035478591918945,27.503759384155273,13.768889427185059,,11.766036987304688,19.70478057861328,21.76119613647461
1999-03-01,12.114507675170898,,12.41657543182373,12.084588050842285,15.619610786437988,27.340316772460938,14.24121379852295,,10.659407615661621,19.025304794311523,21.182004928588867
1999-02-01,11.940443992614746,,10.917753219604492,11.736286163330078,15.355368614196777,25.44914436340332,14.283293724060059,,11.451995849609375,18.53693389892578,20.221281051635742
1999-01-01,11.757683753967285,,11.012410163879395,11.55456256866455,15.218361854553223,28.25088119506836,14.434798240661621,,11.776516914367676,18.51569938659668,20.34861183166504
1998-12-01,12.210246086120605,,11.785494804382324,11.357702255249023,15.38472843170166,24.37514305114746,14.628386497497559,,12.076077461242676,17.666337966918945,19.353172302246094
