Date,CPI,CoreCPI,PCE,CorePCE,PPI
2025-01-01,319.086,324.739,125.175,124.334,257.302
2024-12-01,317.603,323.296,124.769,123.981,253.59
2024-11-01,316.449,322.619,124.406,123.724,253.229
2024-10-01,315.564,321.688,124.271,123.601,253.081
2024-09-01,314.851,320.835,123.939,123.234,252.682
2024-08-01,314.131,319.839,123.727,122.926,255.463
2024-07-01,313.566,318.933,123.575,122.722,257.321
2024-06-01,313.131,318.343,123.369,122.51,255.914
2024-05-01,313.14,318.053,123.224,122.239,255.313
2024-04-01,313.016,317.596,123.234,122.14,256.978
2024-03-01,312.107,316.762,122.912,121.829,255.095
2024-02-01,311.022,315.555,122.494,121.418,254.926
2024-01-01,309.794,314.389,122.115,121.128,251.306
2023-12-01,308.735,313.23,121.602,120.528,249.866
2023-11-01,308.087,312.373,121.415,120.309,252.856
2023-10-01,307.653,311.433,121.421,120.2,255.192
2023-09-01,307.374,310.616,121.387,120.04,258.934
2023-08-01,306.138,309.646,120.965,119.658,257.68
2023-07-01,304.615,308.959,120.598,119.536,253.835
2023-06-01,304.099,308.291,120.435,119.37,253.86
2023-05-01,303.316,307.623,120.14,119.063,253.67
2023-04-01,302.858,306.49,119.97,118.715,256.908
2023-03-01,301.643,305.123,119.553,118.304,257.062
2023-02-01,301.476,304.097,119.401,117.963,258.669
2023-01-01,300.456,302.685,119.007,117.526,260.227
2022-12-01,298.808,301.433,118.403,116.977,257.897
2022-11-01,298.708,300.316,118.221,116.554,263.157
2022-10-01,297.979,299.381,117.891,116.2,265.061
2022-09-01,296.421,298.281,117.377,115.805,267.898
2022-08-01,295.162,296.582,117.002,115.298,269.546
2022-07-01,294.94,295.08,116.662,114.638,272.274
2022-06-01,295.072,294.009,116.631,114.376,280.251
2022-05-01,291.299,292.039,115.542,113.709,273.251
2022-04-01,288.582,290.474,114.845,113.301,265.31
2022-03-01,287.467,289.044,114.489,112.916,260.014
2022-02-01,284.525,288.256,113.489,112.492,252.66
2022-01-01,282.542,286.799,112.776,111.988,246.453
2021-12-01,280.806,285.221,112.221,111.458,241.338
2021-11-01,278.824,283.411,111.51,110.792,243.287
2021-10-01,276.528,281.649,110.741,110.184,240.465
2021-09-01,273.942,279.727,110.047,109.657,235.678
2021-08-01,272.752,279.021,109.72,109.436,233.415
2021-07-01,271.965,278.639,109.275,109.062,231.85
2021-06-01,270.71,277.608,108.748,108.595,228.9
2021-05-01,268.404,275.457,108.184,108.103,224.9
2021-04-01,266.625,273.626,107.632,107.549,217.9
2021-03-01,264.847,271.453,107.032,106.898,215.0
2021-02-01,263.573,270.776,106.471,106.477,210.6
2021-01-01,262.639,270.416,106.083,106.244,204.8
2020-12-01,262.045,270.341,105.69,105.904,200.5
2020-11-01,260.911,269.981,105.225,105.578,198.3
2020-10-01,260.319,269.306,105.106,105.47,196.5
2020-09-01,259.997,268.933,105.046,105.395,195.5
2020-08-01,259.316,268.422,104.887,105.235,194.3
2020-07-01,258.352,267.389,104.564,104.9,193.0
2020-06-01,257.042,265.849,104.233,104.531,191.2
2020-05-01,255.802,265.412,103.914,104.37,188.6
2020-04-01,256.032,265.746,103.817,104.256,185.5
2020-03-01,258.076,267.054,104.252,104.596,193.1
2020-02-01,259.25,267.37,104.541,104.684,196.7
2020-01-01,259.127,266.716,104.419,104.488,199.3
2019-12-01,258.63,266.02,104.307,104.322,199.0
2019-11-01,257.879,265.548,104.024,104.092,199.0
2019-10-01,257.155,264.97,103.917,104.028,198.6
2019-09-01,256.43,264.388,103.733,103.873,198.4
2019-08-01,256.036,263.877,103.67,103.797,199.2
2019-07-01,255.802,263.28,103.622,103.678,200.7
2019-06-01,255.213,262.739,103.484,103.56,200.3
2019-05-01,255.296,262.217,103.435,103.371,201.7
2019-04-01,255.233,261.997,103.36,103.265,202.1
2019-03-01,254.277,261.567,103.069,103.058,200.8
2019-02-01,253.319,261.186,102.836,102.963,199.2
2019-01-01,252.561,260.766,102.648,102.87,199.1
2018-12-01,252.767,260.063,102.701,102.735,201.0
2018-11-01,252.594,259.439,102.63,102.556,202.3
2018-10-01,252.772,258.917,102.595,102.366,204.6
2018-09-01,252.182,258.368,102.418,102.205,203.6
2018-08-01,251.663,257.891,102.208,102.016,203.4
2018-07-01,251.214,257.699,102.137,102.006,204.3
2018-06-01,251.018,257.399,102.029,101.872,204.2
2018-05-01,250.792,257.145,101.941,101.78,203.2
2018-04-01,250.227,256.63,101.766,101.602,200.3
2018-03-01,249.577,256.271,101.524,101.419,199.3
2018-02-01,249.529,255.711,101.416,101.198,199.3
2018-01-01,248.859,255.204,101.199,101.007,197.9
2017-12-01,247.805,254.344,100.821,100.683,196.3
2017-11-01,247.284,253.816,100.675,100.535,195.9
2017-10-01,246.626,253.526,100.531,100.486,194.9
2017-09-01,246.435,252.812,100.4,100.24,194.8
2017-08-01,245.183,252.535,100.027,100.118,193.8
2017-07-01,244.243,251.985,99.803,100.01,193.5
2017-06-01,244.163,251.746,99.766,99.937,193.6
2017-05-01,244.004,251.43,99.682,99.803,192.8
2017-04-01,244.193,251.227,99.725,99.723,193.0
2017-03-01,243.892,250.944,99.535,99.519,191.5
2017-02-01,244.006,250.998,99.586,99.561,191.6
2017-01-01,243.618,250.467,99.451,99.385,190.7
2016-12-01,242.637,249.92,99.071,99.12,188.2
2016-11-01,242.026,249.481,98.901,99.005,186.3
2016-10-01,241.741,249.142,98.868,98.961,186.7
2016-09-01,241.176,248.842,98.666,98.834,186.9
2016-08-01,240.545,248.423,98.479,98.703,186.6
2016-07-01,240.101,247.829,98.342,98.529,187.7
2016-06-01,240.222,247.54,98.325,98.386,187.6
2016-05-01,239.557,247.137,98.153,98.284,185.3
2016-04-01,238.992,246.551,97.993,98.117,183.2
2016-03-01,238.08,245.913,97.673,97.876,182.1
2016-02-01,237.336,245.51,97.445,97.736,181.3
2016-01-01,237.652,244.955,97.496,97.567,182.6
2015-12-01,237.761,244.547,97.456,97.396,183.5
2015-11-01,238.017,244.241,97.538,97.332,185.7
2015-10-01,237.733,243.768,97.477,97.228,187.5
2015-09-01,237.498,243.316,97.477,97.196,189.1
2015-08-01,238.033,242.817,97.612,97.056,191.9
2015-07-01,238.034,242.565,97.605,96.978,193.9
2015-06-01,237.657,242.064,97.516,96.882,194.8
2015-05-01,237.001,241.688,97.327,96.766,193.4
2015-04-01,236.222,241.346,97.094,96.648,190.9
2015-03-01,235.976,240.755,97.008,96.47,191.5
2015-02-01,235.342,240.172,96.825,96.324,191.1
2015-01-01,234.747,239.811,96.654,96.214,192.0
2014-12-01,236.252,239.584,97.12,96.249,197.0
2014-11-01,236.983,239.458,97.291,96.181,200.9
2014-10-01,237.43,239.191,97.384,96.096,203.4
2014-09-01,237.477,238.786,97.413,96.013,206.4
2014-08-01,237.46,238.405,97.379,95.885,207.0
2014-07-01,237.498,238.195,97.391,95.848,208.0
2014-06-01,237.231,237.837,97.253,95.682,208.3
2014-05-01,236.918,237.529,97.147,95.574,208.0
2014-04-01,236.468,237.072,96.987,95.413,208.3
2014-03-01,236.028,236.625,96.815,95.25,207.0
2014-02-01,235.547,236.185,96.66,95.109,205.7
2014-01-01,235.288,235.961,96.614,95.064,203.8
2013-12-01,234.719,235.759,96.414,94.961,202.0
2013-11-01,234.1,235.359,96.246,94.86,201.2
2013-10-01,233.669,234.921,96.103,94.703,202.5
2013-09-01,233.544,234.7,95.976,94.543,203.9
2013-08-01,233.456,234.336,95.934,94.431,204.2
2013-07-01,232.9,233.88,95.792,94.329,204.4
2013-06-01,232.445,233.35,95.673,94.209,204.3
2013-05-01,231.893,232.996,95.461,94.047,204.1
2013-04-01,231.797,232.832,95.391,93.937,203.5
2013-03-01,232.282,232.794,95.488,93.891,204.0
2013-02-01,232.937,232.569,95.614,93.805,204.3
2013-01-01,231.679,232.229,95.275,93.703,202.5
2012-12-01,231.221,231.725,95.094,93.514,201.5
2012-11-01,231.249,231.33,95.109,93.445,201.8
2012-10-01,231.638,231.024,95.174,93.345,203.5
2012-09-01,231.015,230.659,94.893,93.119,204.4
2012-08-01,229.918,230.233,94.605,93.005,202.7
2012-07-01,228.59,229.97,94.288,92.946,200.1
2012-06-01,228.524,229.623,94.254,92.85,199.8
2012-05-01,228.713,229.224,94.302,92.755,201.9
2012-04-01,229.187,228.905,94.408,92.661,203.7
2012-03-01,228.807,228.478,94.284,92.521,204.2
2012-02-01,228.329,228.034,94.104,92.364,201.6
2012-01-01,227.842,227.877,93.894,92.235,200.7
2011-12-01,227.223,227.405,93.574,91.96,199.8
2011-11-01,227.169,226.899,93.52,91.808,201.4
2011-10-01,226.75,226.506,93.329,91.614,201.1
2011-09-01,226.597,226.118,93.327,91.57,203.7
2011-08-01,226.106,225.862,93.196,91.508,203.2
2011-07-01,225.395,225.218,92.977,91.326,204.6
2011-06-01,224.806,224.697,92.819,91.191,203.9
2011-05-01,224.806,224.175,92.838,91.091,204.1
2011-04-01,224.093,223.727,92.557,90.875,203.1
2011-03-01,223.046,223.454,92.166,90.667,199.2
2011-02-01,221.898,223.213,91.797,90.53,195.8
2011-01-01,221.187,222.803,91.542,90.372,192.7
2010-12-01,220.472,222.343,91.268,90.179,189.7
2010-11-01,219.59,222.149,91.062,90.16,187.7
2010-10-01,219.035,221.83,90.881,90.043,186.6
2010-09-01,218.275,221.711,90.592,89.906,184.9
2010-08-01,217.923,221.509,90.502,89.855,184.9
2010-07-01,217.605,221.363,90.378,89.769,184.1
2010-06-01,217.199,221.194,90.301,89.767,183.5
2010-05-01,217.29,220.962,90.339,89.724,184.8
2010-04-01,217.403,220.822,90.31,89.625,184.4
2010-03-01,217.353,220.783,90.261,89.579,183.3
2010-02-01,217.281,220.731,90.134,89.446,181.0
2010-01-01,217.488,220.633,90.136,89.368,181.9
2009-12-01,217.347,220.881,89.939,89.236,178.1
2009-11-01,217.234,220.666,89.887,89.16,177.4
2009-10-01,216.509,220.501,89.663,89.082,175.2
2009-09-01,215.861,219.92,89.324,88.755,174.1
2009-08-01,215.445,219.496,89.18,88.599,175.0
2009-07-01,214.726,219.263,88.922,88.468,172.5
2009-06-01,214.79,219.112,88.912,88.392,174.1
2009-05-01,213.022,218.904,88.387,88.279,170.8
2009-04-01,212.709,218.706,88.295,88.211,169.1
2009-03-01,212.495,218.253,88.169,88.015,168.1
2009-02-01,212.705,217.792,88.266,87.952,169.3
2009-01-01,211.933,217.346,88.108,87.882,171.2
2008-12-01,211.398,216.925,88.098,87.909,170.9
2008-11-01,213.153,216.947,88.593,87.952,176.8
2008-10-01,216.995,216.788,89.651,87.991,186.4
2008-09-01,218.877,216.713,90.247,88.116,196.9
2008-08-01,218.69,216.393,90.172,88.026,199.0
2008-07-01,219.016,215.965,90.245,87.918,205.5
2008-06-01,217.463,215.424,89.827,87.76,200.5
2008-05-01,215.208,214.936,89.18,87.559,196.6
2008-04-01,213.942,214.56,88.799,87.4,190.9
2008-03-01,213.448,214.42,88.635,87.349,187.9
2008-02-01,212.687,213.939,88.382,87.178,182.7
2008-01-01,212.174,213.771,88.206,87.093,181.0
2007-12-01,211.445,213.168,87.984,86.92,178.6
2007-11-01,210.834,212.66,87.781,86.746,179.0
2007-10-01,209.19,212.077,87.318,86.576,174.7
2007-09-01,208.547,211.554,87.054,86.351,173.5
2007-08-01,207.667,211.119,86.72,86.116,172.4
2007-07-01,207.603,210.773,86.661,85.988,175.1
2007-06-01,207.234,210.392,86.529,85.859,173.8
2007-05-01,206.755,210.058,86.346,85.717,173.3
2007-04-01,205.904,209.747,86.096,85.616,171.4
2007-03-01,205.288,209.418,85.894,85.494,169.3
2007-02-01,204.226,209.135,85.581,85.408,166.8
2007-01-01,203.437,208.6,85.316,85.224,164.0
2006-12-01,203.1,208.1,85.032,84.88,165.6
2006-11-01,202.0,207.8,84.731,84.766,164.6
2006-10-01,201.9,207.6,84.702,84.726,162.2
2006-09-01,202.8,207.2,84.902,84.573,165.4
2006-08-01,203.8,206.8,85.125,84.44,167.9
2006-07-01,202.9,206.3,84.858,84.268,166.8
2006-06-01,201.8,205.9,84.569,84.186,166.1
2006-05-01,201.3,205.4,84.361,83.974,165.8
2006-04-01,200.7,204.8,84.135,83.764,164.3
2006-03-01,199.7,204.3,83.746,83.509,162.2
2006-02-01,199.4,203.6,83.584,83.279,161.8
2006-01-01,199.3,203.2,83.534,83.145,164.3
2005-12-01,198.1,202.8,83.131,82.959,163.0
2005-11-01,198.1,202.5,83.131,82.873,163.7
2005-10-01,199.1,202.0,83.305,82.662,166.2
2005-09-01,198.8,201.3,83.172,82.425,162.2
2005-08-01,196.1,201.1,82.377,82.243,157.6
2005-07-01,194.9,200.9,82.046,82.176,156.3
2005-06-01,193.7,200.6,81.7,82.056,154.3
2005-05-01,193.6,200.5,81.649,81.999,154.3
2005-04-01,193.7,200.2,81.603,81.831,155.0
2005-03-01,193.1,200.1,81.375,81.737,153.7
2005-02-01,192.4,199.4,81.132,81.536,151.6
2005-01-01,191.6,199.0,80.907,81.401,150.9
2004-12-01,191.7,198.6,80.801,81.109,150.2
2004-11-01,191.7,198.3,80.758,81.005,151.4
2004-10-01,190.8,197.9,80.448,80.831,150.0
2004-09-01,189.8,197.5,80.104,80.656,147.7
2004-08-01,189.2,196.9,79.946,80.505,148.0
2004-07-01,189.1,196.8,79.905,80.474,147.4
2004-06-01,188.9,196.6,79.831,80.379,147.2
2004-05-01,188.2,196.2,79.604,80.252,146.8
2004-04-01,187.4,195.9,79.346,80.142,144.8
2004-03-01,187.1,195.5,79.199,79.934,143.1
2004-02-01,186.7,194.9,79.077,79.8,142.1
2004-01-01,186.3,194.6,78.909,79.671,141.4
2003-12-01,185.5,194.2,78.605,79.467,139.5
2003-11-01,185.0,194.0,78.432,79.368,138.9
2003-10-01,184.9,194.0,78.333,79.26,139.3
2003-09-01,185.1,193.7,78.323,79.114,138.5
2003-08-01,184.5,193.6,78.079,79.004,138.0
2003-07-01,183.7,193.4,77.816,78.915,137.7
2003-06-01,183.1,193.0,77.588,78.718,138.0
2003-05-01,182.9,192.9,77.504,78.674,136.7
2003-04-01,183.2,192.5,77.593,78.561,136.8
2003-03-01,183.9,192.5,77.725,78.474,141.2
2003-02-01,183.6,192.5,77.526,78.348,137.6
2003-01-01,182.6,192.4,77.201,78.24,135.3
2002-12-01,181.8,192.1,76.971,78.187,132.9
2002-11-01,181.5,191.9,76.897,78.114,133.1
2002-10-01,181.2,191.5,76.821,78.038,133.2
2002-09-01,180.8,191.3,76.681,77.972,132.3
2002-08-01,180.5,191.1,76.543,77.845,131.5
2002-07-01,180.0,190.5,76.393,77.692,131.2
2002-06-01,179.6,190.2,76.225,77.534,130.9
2002-05-01,179.5,190.0,76.13,77.411,130.8
2002-04-01,179.3,189.7,76.08,77.325,130.8
2002-03-01,178.5,189.2,75.763,77.11,129.8
2002-02-01,178.0,189.1,75.558,77.018,128.4
2002-01-01,177.7,188.7,75.431,76.871,128.5
2001-12-01,177.4,188.4,75.363,76.828,128.1
2001-11-01,177.5,188.1,75.441,76.81,129.8
2001-10-01,177.6,187.4,75.492,76.654,130.3
2001-09-01,178.1,187.1,75.227,76.118,133.3
2001-08-01,177.4,186.7,75.484,76.553,133.4
2001-07-01,177.4,186.4,75.493,76.515,133.4
2001-06-01,177.7,186.0,75.518,76.318,135.5
2001-05-01,177.3,185.3,75.385,76.148,136.8
2001-04-01,176.4,185.1,75.187,76.13,136.4
2001-03-01,176.1,184.7,75.055,76.009,135.9
2001-02-01,176.0,184.4,75.048,75.93,137.4
2001-01-01,175.6,183.9,74.932,75.796,140.0
2000-12-01,174.6,183.3,74.571,75.515,136.2
2000-11-01,174.2,183.1,74.457,75.441,135.0
2000-10-01,173.9,182.6,74.353,75.308,135.4
2000-09-01,173.6,182.3,74.252,75.203,134.7
2000-08-01,172.7,181.9,73.934,75.021,132.9
2000-07-01,172.7,181.5,73.939,74.925,133.7
2000-06-01,172.2,181.1,73.754,74.754,133.8
2000-05-01,171.2,180.7,73.505,74.697,131.6
2000-04-01,170.9,180.3,73.444,74.617,130.7
2000-03-01,171.0,180.0,73.505,74.568,130.8
2000-02-01,170.0,179.4,73.191,74.415,129.8
2000-01-01,169.3,179.3,72.961,74.306,128.3
1999-12-01,168.8,178.7,72.763,74.128,127.8
1999-11-01,168.4,178.4,72.594,74.034,128.3
1999-10-01,168.1,178.1,72.529,73.963,127.7
1999-09-01,167.8,177.8,72.407,73.837,128.0
1999-08-01,167.1,177.3,72.148,73.642,126.9
1999-07-01,166.7,177.1,72.017,73.606,125.7
1999-06-01,166.0,176.6,71.826,73.474,125.2
1999-05-01,166.0,176.5,71.804,73.435,124.7
1999-04-01,165.9,176.3,71.757,73.365,123.6
1999-03-01,164.8,175.7,71.412,73.177,122.6
1999-02-01,164.7,175.6,71.358,73.155,122.3
1999-01-01,164.7,175.6,71.398,73.18,122.9
1998-12-01,164.4,175.4,71.298,73.076,122.8
1998-11-01,164.1,174.8,71.226,72.95,123.6
1998-10-01,163.9,174.4,71.223,72.937,124.0
1998-09-01,163.5,174.2,71.067,72.795,123.8
1998-08-01,163.4,174.0,71.108,72.807,124.2
1998-07-01,163.2,173.5,71.01,72.665,124.9
1998-06-01,162.8,173.2,70.835,72.461,124.8
1998-05-01,162.6,172.9,70.895,72.552,125.1
1998-04-01,162.2,172.5,70.798,72.482,124.9
1998-03-01,162.0,172.2,70.71,72.349,124.7
1998-02-01,162.0,171.9,70.699,72.272,125.0
1998-01-01,162.0,171.6,70.736,72.21,125.4
1997-12-01,161.8,171.2,70.701,72.1,126.8
1997-11-01,161.7,170.8,70.716,72.058,127.9
1997-10-01,161.5,170.6,70.712,72.036,127.8
1997-09-01,161.2,170.2,70.62,71.927,127.5
1997-08-01,160.8,169.8,70.45,71.778,127.2
1997-07-01,160.4,169.7,70.394,71.807,126.9
1997-06-01,160.2,169.4,70.352,71.758,127.2
1997-05-01,159.9,169.2,70.262,71.652,127.4
1997-04-01,159.9,168.9,70.294,71.6,127.0
1997-03-01,159.8,168.4,70.225,71.46,127.3
1997-02-01,159.7,168.1,70.151,71.29,128.5
1997-01-01,159.4,167.8,70.005,71.144,129.7
1996-12-01,159.1,167.4,69.914,71.068,129.1
1996-11-01,158.7,167.2,69.833,71.041,128.2
1996-10-01,158.2,166.8,69.709,70.948,128.0
1996-09-01,157.7,166.5,69.499,70.78,128.2
1996-08-01,157.2,166.0,69.303,70.566,128.3
1996-07-01,157.0,165.7,69.237,70.505,128.0
1996-06-01,156.7,165.4,69.091,70.373,128.0
1996-05-01,156.4,165.0,69.092,70.319,128.1
1996-04-01,156.1,164.6,68.973,70.197,127.4
1996-03-01,155.5,164.4,68.767,70.102,126.4
1996-02-01,155.0,164.0,68.56,69.94,126.2
1996-01-01,154.7,163.7,68.452,69.849,126.3
1995-12-01,153.9,163.1,68.3,69.77,125.7
1995-11-01,153.7,163.0,68.169,69.672,125.4
1995-10-01,153.5,162.7,68.171,69.627,125.3
1995-09-01,153.1,162.2,67.995,69.458,125.2
1995-08-01,152.9,161.8,67.948,69.367,125.1
1995-07-01,152.6,161.4,67.802,69.201,125.3
1995-06-01,152.4,161.1,67.717,69.092,125.3
1995-05-01,152.1,160.7,67.651,69.032,124.9
1995-04-01,151.8,160.4,67.547,68.915,124.6
1995-03-01,151.2,159.9,67.37,68.755,123.9
1995-02-01,150.9,159.4,67.246,68.587,123.5
1995-01-01,150.5,159.0,67.127,68.475,122.9
1994-12-01,150.1,158.3,66.991,68.305,121.9
1994-11-01,149.8,158.2,66.948,68.282,121.5
1994-10-01,149.4,157.8,66.821,68.157,120.9
1994-09-01,149.3,157.5,66.708,67.997,121.0
1994-08-01,149.0,157.1,66.634,67.894,121.2
1994-07-01,148.4,156.7,66.481,67.818,120.7
1994-06-01,147.9,156.4,66.272,67.676,120.5
1994-05-01,147.5,155.9,66.111,67.526,119.9
1994-04-01,147.2,155.5,66.015,67.376,119.7
1994-03-01,147.1,155.3,65.937,67.275,119.7
1994-02-01,146.7,154.8,65.756,67.047,119.3
1994-01-01,146.3,154.5,65.604,66.902,119.1
1993-12-01,146.3,154.3,65.582,66.849,118.6
1993-11-01,146.0,153.9,65.567,66.819,119.0
1993-10-01,145.6,153.4,65.443,66.647,119.1
1993-09-01,145.0,152.9,65.238,66.538,118.7
1993-08-01,144.8,152.8,65.17,66.438,118.7
1993-07-01,144.5,152.3,65.059,66.314,119.2
1993-06-01,144.3,152.1,64.955,66.177,119.5
1993-05-01,144.2,151.8,64.933,66.114,119.7
1993-04-01,143.8,151.4,64.733,65.891,119.3
1993-03-01,143.3,150.8,64.561,65.7,118.7
1993-02-01,143.1,150.6,64.429,65.557,118.4
1993-01-01,142.8,150.1,64.332,65.432,118.0
1992-12-01,142.3,149.6,64.176,65.242,117.6
1992-11-01,142.1,149.2,64.064,65.121,117.8
1992-10-01,141.7,148.8,63.938,64.979,118.1
1992-09-01,141.1,148.1,63.713,64.73,118.0
1992-08-01,140.8,147.9,63.609,64.625,117.7
1992-07-01,140.5,147.6,63.524,64.566,117.9
1992-06-01,140.1,147.1,63.315,64.323,118.0
1992-05-01,139.7,146.8,63.203,64.273,117.2
1992-04-01,139.4,146.3,63.119,64.183,116.3
1992-03-01,139.1,145.9,62.949,63.973,116.1
1992-02-01,138.6,145.4,62.797,63.814,116.0
1992-01-01,138.3,145.1,62.638,63.641,115.6
1991-12-01,138.2,144.7,62.553,63.468,115.9
1991-11-01,137.8,144.2,62.397,63.312,116.4
1991-10-01,137.2,143.7,62.26,63.194,116.4
1991-09-01,137.0,143.4,62.144,63.055,116.1
1991-08-01,136.6,142.9,61.931,62.804,116.2
1991-07-01,136.2,142.3,61.787,62.632,116.1
1991-06-01,136.0,141.8,61.69,62.442,116.4
1991-05-01,135.6,141.3,61.586,62.307,116.5
1991-04-01,135.1,140.9,61.332,62.06,116.0
1991-03-01,134.8,140.5,61.221,61.936,116.2
1991-02-01,134.8,140.2,61.208,61.807,117.2
1991-01-01,134.7,139.5,61.177,61.637,119.0
1990-12-01,134.2,138.6,60.945,61.331,118.7
1990-11-01,133.7,138.0,60.888,61.246,120.1
1990-10-01,133.4,137.6,60.811,61.172,120.8
1990-09-01,132.5,137.1,60.465,60.965,118.4
1990-08-01,131.6,136.6,60.096,60.753,116.5
1990-07-01,130.5,135.8,59.699,60.501,114.5
1990-06-01,129.9,135.1,59.552,60.349,114.3
1990-05-01,129.1,134.4,59.29,60.115,114.6
1990-04-01,128.9,134.0,59.157,59.932,114.1
1990-03-01,128.6,133.5,59.033,59.754,114.2
1990-02-01,128.0,132.7,58.811,59.468,114.4
1990-01-01,127.5,132.1,58.553,59.181,114.9
1989-12-01,126.3,131.6,58.113,58.954,113.0
1989-11-01,125.9,131.1,57.945,58.787,112.7
1989-10-01,125.4,130.6,57.819,58.631,112.8
1989-09-01,124.8,129.9,57.594,58.419,112.4
1989-08-01,124.5,129.5,57.466,58.217,112.0
1989-07-01,124.5,129.2,57.459,58.136,112.8
1989-06-01,124.1,128.8,57.322,57.987,112.9
1989-05-01,123.7,128.3,57.197,57.833,113.2
1989-04-01,123.1,127.8,56.989,57.661,112.3
1989-03-01,122.2,127.4,56.612,57.468,111.5
1989-02-01,121.6,126.9,56.402,57.297,110.8
1989-01-01,121.2,126.5,56.215,57.152,110.5
1988-12-01,120.7,126.0,55.928,56.864,109.0
1988-11-01,120.3,125.6,55.754,56.676,108.3
1988-10-01,119.9,125.2,55.625,56.521,108.2
1988-09-01,119.5,124.7,55.444,56.307,108.1
1988-08-01,119.0,124.0,55.175,56.007,108.0
1988-07-01,118.5,123.6,55.012,55.868,107.9
1988-06-01,118.0,123.2,54.746,55.641,107.2
1988-05-01,117.5,122.7,54.514,55.407,106.5
1988-04-01,117.2,122.3,54.356,55.219,105.8
1988-03-01,116.5,121.7,54.093,54.952,104.9
1988-02-01,116.2,121.2,53.908,54.718,104.8
1988-01-01,116.0,120.9,53.828,54.606,104.6
1987-12-01,115.6,120.4,53.62,54.349,104.2
1987-11-01,115.4,120.1,53.521,54.235,104.2
1987-10-01,115.0,119.8,53.42,54.122,104.1
1987-09-01,114.7,119.2,53.251,53.892,103.7
1987-08-01,114.3,118.7,53.072,53.679,103.8
1987-07-01,113.8,118.3,52.863,53.498,103.5
1987-06-01,113.5,117.9,52.741,53.36,103.0
1987-05-01,113.0,117.7,52.542,53.214,102.6
1987-04-01,112.7,117.3,52.409,53.065,101.9
1987-03-01,112.2,116.6,52.214,52.841,101.2
1987-02-01,111.8,116.2,52.076,52.685,101.0
1987-01-01,111.4,115.9,51.894,52.578,100.5
1986-12-01,110.8,115.6,51.651,52.452,99.7
1986-11-01,110.4,115.3,51.58,52.384,99.8
1986-10-01,110.2,115.0,51.488,52.273,99.7
1986-09-01,110.0,114.6,51.396,52.096,99.4
1986-08-01,109.6,114.2,51.228,51.925,99.3
1986-07-01,109.5,113.8,51.164,51.819,99.4
1986-06-01,109.4,113.4,51.151,51.725,99.9
1986-05-01,109.0,113.1,50.961,51.57,100.0
1986-04-01,108.7,112.9,50.868,51.482,99.6
1986-03-01,109.1,112.5,50.972,51.389,100.3
1986-02-01,109.7,112.2,51.084,51.233,101.7
1986-01-01,109.9,111.9,51.084,51.101,103.2
1985-12-01,109.5,111.4,50.85,50.827,103.6
1985-11-01,109.0,111.1,50.68,50.689,103.4
1985-10-01,108.5,110.5,50.533,50.565,102.9
1985-09-01,108.1,110.0,50.449,50.484,102.1
1985-08-01,107.9,109.8,50.364,50.38,102.7
1985-07-01,107.7,109.4,50.198,50.134,103.2
1985-06-01,107.5,109.1,50.075,49.988,103.3
1985-05-01,107.2,108.8,49.939,49.823,103.5
1985-04-01,107.0,108.4,49.821,49.652,103.3
1985-03-01,106.8,108.1,49.749,49.593,103.1
1985-02-01,106.3,107.7,49.555,49.42,103.3
1985-01-01,105.7,107.1,49.326,49.165,103.4
1984-12-01,105.5,106.8,49.081,48.891,103.5
1984-11-01,105.3,106.4,48.943,48.698,103.7
1984-10-01,105.1,106.2,48.874,48.595,103.4
1984-09-01,104.7,105.8,48.759,48.486,103.4
1984-08-01,104.4,105.4,48.693,48.412,103.8
1984-07-01,104.1,105.0,48.544,48.253,104.2
1984-06-01,103.7,104.5,48.371,48.046,104.0
1984-05-01,103.5,104.1,48.285,47.933,104.1
1984-04-01,103.3,103.7,48.224,47.822,104.0
1984-03-01,102.9,103.2,48.041,47.598,103.9
1984-02-01,102.6,102.8,47.884,47.418,103.2
1984-01-01,102.1,102.5,47.564,47.121,102.9
1983-12-01,101.4,101.8,47.358,46.965,102.3
1983-11-01,101.1,101.5,47.332,46.93,102.1
1983-10-01,100.8,101.0,47.265,46.821,102.2
1983-09-01,100.4,100.5,47.185,46.738,102.0
1983-08-01,100.1,100.1,47.02,46.55,101.8
1983-07-01,99.8,99.8,46.82,46.311,101.3
1983-06-01,99.4,99.2,46.557,46.001,101.0
1983-05-01,99.2,98.9,46.384,45.787,100.8
1983-04-01,98.8,98.6,46.253,45.721,100.4
1983-03-01,98.1,98.2,46.043,45.583,100.4
1983-02-01,98.0,98.0,45.984,45.525,100.5
1983-01-01,97.9,97.6,45.906,45.357,100.2
1982-12-01,97.7,97.2,45.693,45.049,100.5
1982-11-01,98.0,97.3,45.624,44.906,100.3
1982-10-01,98.1,97.5,45.487,44.741,100.2
1982-09-01,97.7,97.2,45.233,44.459,100.0
1982-08-01,97.7,97.1,45.108,44.295,100.3
1982-07-01,97.5,96.7,44.969,44.092,100.4
1982-06-01,97.0,96.1,44.704,43.808,100.0
1982-05-01,95.9,95.4,44.382,43.589,99.8
1982-04-01,95.0,94.7,44.12,43.353,99.6
1982-03-01,94.7,93.9,44.098,43.182,99.6
1982-02-01,94.7,93.8,43.985,42.994,99.8
1982-01-01,94.4,93.3,43.853,42.829,99.7
1981-12-01,94.1,93.0,43.594,42.568,98.8
1981-11-01,93.8,92.5,43.46,42.411,98.8
1981-10-01,93.4,92.1,43.228,42.165,98.9
1981-09-01,93.1,91.8,43.033,41.915,98.8
1981-08-01,92.2,90.7,42.774,41.642,99.0
1981-07-01,91.5,89.8,42.508,41.365,99.0
1981-06-01,90.5,88.6,42.253,41.117,98.5
1981-05-01,89.7,87.8,42.085,40.913,98.3
1981-04-01,89.1,87.0,41.897,40.633,98.0
1981-03-01,88.6,86.4,41.715,40.375,97.0
1981-02-01,88.0,85.9,41.426,40.152,96.1
1981-01-01,87.2,85.4,41.011,39.861,95.2
1980-12-01,86.4,84.9,40.621,39.518,93.8
1980-11-01,85.6,83.9,40.359,39.282,93.2
1980-10-01,84.7,83.0,40.033,38.975,92.8
1980-09-01,83.9,82.1,39.715,38.657,91.7
1980-08-01,83.2,81.3,39.351,38.296,91.5
1980-07-01,82.6,80.8,39.026,38.021,90.3
1980-06-01,82.5,81.0,38.725,37.756,88.7
1980-05-01,81.7,80.1,38.482,37.507,88.3
1980-04-01,80.9,79.5,38.185,37.207,87.8
1980-03-01,80.1,78.6,37.987,37.017,87.5
1980-02-01,79.0,77.5,37.526,36.677,86.9
1980-01-01,78.0,76.7,37.124,36.315,85.2
1979-12-01,76.9,75.7,36.739,36.041,83.4
1979-11-01,76.0,74.8,36.433,35.784,82.6
1979-10-01,75.2,74.0,36.182,35.557,82.1
1979-09-01,74.4,73.3,35.889,35.299,80.9
1979-08-01,73.7,72.7,35.575,35.06,79.6
1979-07-01,73.0,71.9,35.305,34.829,79.2
1979-06-01,72.2,71.3,35.038,34.655,78.0
1979-05-01,71.4,70.8,34.751,34.462,77.5
1979-04-01,70.6,70.3,34.395,34.165,76.9
1979-03-01,69.9,69.8,34.04,33.852,75.8
1979-02-01,69.2,69.2,33.776,33.659,74.9
1979-01-01,68.5,68.5,33.597,33.549,73.8
1978-12-01,67.9,68.0,33.345,33.378,72.7
1978-11-01,67.5,67.6,33.19,33.249,72.1
1978-10-01,67.1,67.2,33.003,33.071,71.8
1978-09-01,66.5,66.7,32.742,32.83,71.0
1978-08-01,65.9,66.1,32.557,32.642,70.4
1978-07-01,65.5,65.6,32.393,32.468,70.4
1978-06-01,65.0,65.2,32.217,32.278,70.0
1978-05-01,64.5,64.7,32.008,32.099,69.5
1978-04-01,63.9,64.3,31.781,31.911,69.0
1978-03-01,63.4,63.8,31.542,31.706,68.1
1978-02-01,63.0,63.4,31.339,31.535,67.5
1978-01-01,62.7,63.1,31.194,31.414,66.8
1977-12-01,62.3,62.7,31.011,31.227,66.2
1977-11-01,62.0,62.3,30.861,31.067,65.8
1977-10-01,61.6,62.0,30.685,30.907,65.6
1977-09-01,61.3,61.8,30.543,30.758,65.3
1977-08-01,61.1,61.5,30.428,30.629,65.0
1977-07-01,60.8,61.2,30.287,30.479,65.1
1977-06-01,60.5,61.0,30.131,30.292,65.0
1977-05-01,60.2,60.6,29.963,30.112,65.2
1977-04-01,60.0,60.3,29.812,29.959,64.9
1977-03-01,59.6,60.0,29.64,29.812,64.1
1977-02-01,59.3,59.7,29.492,29.686,63.5
1977-01-01,58.7,59.3,29.263,29.505,62.8
1976-12-01,58.4,58.9,29.094,29.326,62.5
1976-11-01,58.1,58.7,28.932,29.168,62.0
1976-10-01,57.9,58.5,28.801,29.036,61.9
1976-09-01,57.6,58.2,28.651,28.894,61.8
1976-08-01,57.3,57.9,28.491,28.726,61.4
1976-07-01,57.0,57.6,28.335,28.561,61.6
1976-06-01,56.7,57.2,28.192,28.405,61.2
1976-05-01,56.4,57.0,28.069,28.29,60.8
1976-04-01,56.1,56.7,27.936,28.157,60.6
1976-03-01,56.0,56.5,27.873,28.047,60.0
1976-02-01,55.9,56.2,27.831,27.955,59.9
1976-01-01,55.8,55.9,27.795,27.844,59.9
1975-12-01,55.6,55.5,27.69,27.702,59.7
1975-11-01,55.3,55.2,27.538,27.535,59.5
1975-10-01,54.9,54.8,27.362,27.354,59.8
1975-09-01,54.6,54.5,27.204,27.218,59.4
1975-08-01,54.2,54.2,27.07,27.071,59.0
1975-07-01,54.0,54.0,26.953,26.978,58.7
1975-06-01,53.5,53.8,26.724,26.813,58.0
1975-05-01,53.1,53.5,26.558,26.683,57.9
1975-04-01,53.0,53.3,26.452,26.57,57.5
1975-03-01,52.8,53.0,26.363,26.441,56.9
1975-02-01,52.6,52.8,26.274,26.304,57.2
1975-01-01,52.3,52.3,26.132,26.119,57.4
1974-12-01,51.9,52.0,25.971,25.968,57.3
1974-11-01,51.5,51.6,25.767,25.786,57.4
1974-10-01,51.0,51.2,25.575,25.599,56.9
1974-09-01,50.6,50.7,25.393,25.4,55.9
1974-08-01,49.9,50.2,25.132,25.174,55.9
1974-07-01,49.3,49.5,24.872,24.934,54.0
1974-06-01,49.0,49.0,24.69,24.715,52.0
1974-05-01,48.6,48.5,24.482,24.464,51.8
1974-04-01,48.1,47.9,24.243,24.231,51.0
1974-03-01,47.8,47.6,24.073,24.051,50.6
1974-02-01,47.3,47.2,23.797,23.865,50.0
1974-01-01,46.8,46.9,23.523,23.714,49.0
1973-12-01,46.3,46.7,23.3,23.598,47.4
1973-11-01,45.9,46.5,23.11,23.468,46.5
1973-10-01,45.6,46.3,22.922,23.355,46.3
1973-09-01,45.2,46.0,22.793,23.265,46.7
1973-08-01,45.0,45.7,22.703,23.148,47.5
1973-07-01,44.2,45.5,22.444,23.041,44.9
1973-06-01,44.2,45.4,22.363,22.943,45.5
1973-05-01,43.9,45.3,22.236,22.844,44.5
1973-04-01,43.7,45.1,22.127,22.756,43.6
1973-03-01,43.4,45.0,21.964,22.625,43.4
1973-02-01,43.0,44.8,21.809,22.534,42.4
1973-01-01,42.7,44.6,21.695,22.463,41.6
1972-12-01,42.5,44.6,21.63,22.449,41.1
1972-11-01,42.4,44.4,21.561,22.382,40.3
1972-10-01,42.2,44.4,21.497,22.323,40.1
1972-09-01,42.1,44.3,21.473,22.31,40.2
1972-08-01,41.9,44.3,21.377,22.236,40.1
1972-07-01,41.8,44.1,21.315,22.189,40.0
1972-06-01,41.7,44.0,21.239,22.126,39.7
1972-05-01,41.6,43.9,21.207,22.081,39.5
1972-04-01,41.5,43.8,21.16,22.03,39.3
1972-03-01,41.4,43.6,21.128,21.979,39.2
1972-02-01,41.4,43.6,21.098,21.936,39.2
1972-01-01,41.2,43.5,21.015,21.877,38.8
1971-12-01,41.1,43.3,20.929,21.784,38.6
1971-11-01,41.0,43.2,20.847,21.716,38.3
1971-10-01,40.9,43.1,20.804,21.667,38.3
1971-09-01,40.8,43.0,20.772,21.633,38.3
1971-08-01,40.7,43.0,20.741,21.597,38.5
1971-07-01,40.6,42.9,20.681,21.567,38.3
1971-06-01,40.5,42.8,20.619,21.485,38.2
1971-05-01,40.3,42.6,20.528,21.4,38.1
1971-04-01,40.1,42.4,20.443,21.307,37.9
1971-03-01,40.0,42.2,20.363,21.228,37.8
1971-02-01,39.9,42.2,20.296,21.16,37.7
1971-01-01,39.9,42.1,20.237,21.08,37.3
1970-12-01,39.8,42.0,20.194,20.997,37.1
1970-11-01,39.6,41.8,20.105,20.892,37.1
1970-10-01,39.4,41.5,20.026,20.785,37.1
1970-09-01,39.2,41.3,19.927,20.683,37.1
1970-08-01,39.0,41.1,19.838,20.597,36.9
1970-07-01,38.9,40.9,19.786,20.526,37.1
1970-06-01,38.8,40.8,19.714,20.448,36.9
1970-05-01,38.6,40.5,19.663,20.375,36.8
1970-04-01,38.5,40.4,19.601,20.303,36.8
1970-03-01,38.3,40.1,19.502,20.223,36.7
1970-02-01,38.1,39.8,19.454,20.148,36.7
1970-01-01,37.9,39.6,19.377,20.071,36.5
1969-12-01,37.7,39.4,19.308,20.005,36.3
1969-11-01,37.5,39.2,19.22,19.931,36.1
1969-10-01,37.3,39.1,19.137,19.855,35.9
1969-09-01,37.1,38.9,19.072,19.77,35.8
1969-08-01,36.9,38.7,18.993,19.691,35.7
1969-07-01,36.8,38.5,18.941,19.636,35.8
1969-06-01,36.6,38.3,18.858,19.545,35.7
1969-05-01,36.4,38.1,18.767,19.478,35.5
1969-04-01,36.3,38.1,18.692,19.4,35.3
1969-03-01,36.1,37.8,18.61,19.326,35.2
1969-02-01,35.8,37.6,18.523,19.236,35.0
1969-01-01,35.7,37.3,18.476,19.17,34.8
1968-12-01,35.6,37.2,18.404,19.098,34.6
1968-11-01,35.4,37.1,18.366,19.041,34.5
1968-10-01,35.3,36.9,18.304,18.969,34.4
1968-09-01,35.1,36.7,18.224,18.892,34.4
1968-08-01,35.0,36.5,18.161,18.816,34.2
1968-07-01,34.9,36.4,18.087,18.743,34.3
1968-06-01,34.7,36.2,18.032,18.681,34.2
1968-05-01,34.5,36.0,17.974,18.608,34.2
1968-04-01,34.4,35.9,17.908,18.538,34.1
1968-03-01,34.3,35.8,17.852,18.47,34.1
1968-02-01,34.2,35.7,17.794,18.397,34.0
1968-01-01,34.1,35.5,17.722,18.318,33.8
1967-12-01,34.0,35.4,17.64,18.237,33.7
1967-11-01,33.9,35.2,17.612,18.192,33.4
1967-10-01,33.7,35.1,17.554,18.134,33.4
1967-09-01,33.6,35.0,17.505,18.067,33.4
1967-08-01,33.5,34.9,17.452,18.003,33.4
1967-07-01,33.4,34.7,17.398,17.948,33.5
1967-06-01,33.3,34.6,17.339,17.887,33.5
1967-05-01,33.1,34.5,17.284,17.842,33.3
1967-04-01,33.1,34.4,17.251,17.803,33.1
1967-03-01,33.0,34.3,17.222,17.754,33.3
1967-02-01,33.0,34.2,17.213,17.727,33.4
1967-01-01,32.9,34.2,17.193,17.695,33.4
1966-12-01,32.92,34.1,17.192,17.679,33.3
1966-11-01,32.88,34.0,17.156,17.625,33.3
1966-10-01,32.85,34.0,17.131,17.581,33.4
1966-09-01,32.75,33.8,17.086,17.524,33.6
1966-08-01,32.65,33.7,17.032,17.47,33.6
1966-07-01,32.45,33.6,16.967,17.438,33.5
1966-06-01,32.38,33.5,16.934,17.387,33.3
1966-05-01,32.35,33.4,16.892,17.331,33.2
1966-04-01,32.28,33.3,16.871,17.285,33.2
1966-03-01,32.18,33.1,16.813,17.223,33.2
1966-02-01,32.08,33.1,16.772,17.201,33.2
1966-01-01,31.88,33.0,16.703,17.159,32.9
1965-12-01,31.85,33.0,16.683,17.154,32.8
1965-11-01,31.75,32.9,16.623,17.102,32.6
1965-10-01,31.65,32.8,16.595,17.07,32.5
1965-09-01,31.62,32.8,16.59,17.076,32.4
1965-08-01,31.55,32.7,16.582,17.056,32.4
1965-07-01,31.58,32.7,16.578,17.024,32.4
1965-06-01,31.61,32.7,16.566,17.007,32.4
1965-05-01,31.48,32.7,16.518,17.011,32.1
1965-04-01,31.38,32.7,16.481,16.98,32.0
1965-03-01,31.31,32.6,16.455,16.96,31.9
1965-02-01,31.28,32.6,16.434,16.95,31.9
1965-01-01,31.28,32.6,16.427,16.93,31.8
1964-12-01,31.25,32.5,16.409,16.907,31.7
1964-11-01,31.21,32.5,16.385,16.883,31.7
1964-10-01,31.12,32.4,16.362,16.859,31.7
1964-09-01,31.08,32.3,16.352,16.852,31.7
1964-08-01,31.05,32.3,16.327,16.845,31.6
1964-07-01,31.02,32.3,16.315,16.823,31.6
1964-06-01,31.01,32.3,16.294,16.806,31.5
1964-05-01,30.98,32.2,16.271,16.794,31.5
1964-04-01,30.95,32.2,16.269,16.78,31.6
1964-03-01,30.94,32.2,16.257,16.765,31.6
1964-02-01,30.91,32.2,16.247,16.749,31.6
1964-01-01,30.94,32.2,16.224,16.717,31.8
1963-12-01,30.88,32.1,16.19,16.694,31.6
1963-11-01,30.78,32.0,16.166,16.67,31.7
1963-10-01,30.75,32.0,16.143,16.655,31.6
1963-09-01,30.72,31.9,16.112,16.618,31.6
1963-08-01,30.75,31.9,16.115,16.588,31.6
1963-07-01,30.69,31.8,16.093,16.573,31.7
1963-06-01,30.61,31.8,16.061,16.558,31.6
1963-05-01,30.51,31.7,16.026,16.53,31.5
1963-04-01,30.48,31.7,16.0,16.5,31.4
1963-03-01,30.51,31.7,16.001,16.48,31.5
1963-02-01,30.48,31.6,16.014,16.47,31.5
1963-01-01,30.44,31.5,15.997,16.451,31.6
1962-12-01,30.38,31.6,15.958,16.42,31.6
1962-11-01,30.38,31.5,15.964,16.415,31.7
1962-10-01,30.38,31.5,15.953,16.403,31.7
1962-09-01,30.42,31.5,15.969,16.404,31.9
1962-08-01,30.28,31.5,15.891,16.372,31.6
1962-07-01,30.22,31.4,15.868,16.37,31.6
1962-06-01,30.21,31.4,15.877,16.356,31.5
1962-05-01,30.24,31.4,15.867,16.326,31.5
1962-04-01,30.21,31.3,15.857,16.303,31.6
1962-03-01,30.17,31.3,15.839,16.3,31.7
1962-02-01,30.11,31.2,15.818,16.262,31.7
1962-01-01,30.04,31.2,15.776,16.235,31.7
1961-12-01,30.01,31.2,15.746,16.216,31.6
1961-11-01,29.98,31.2,15.742,16.202,31.5
1961-10-01,29.98,31.1,15.741,16.199,31.5
1961-09-01,29.98,31.1,15.742,16.194,31.5
1961-08-01,29.94,31.1,15.724,16.162,31.5
1961-07-01,29.92,31.0,15.711,16.145,31.5
1961-06-01,29.84,31.0,15.677,16.12,31.3
1961-05-01,29.84,30.9,15.67,16.096,31.5
1961-04-01,29.81,30.9,15.661,16.075,31.6
1961-03-01,29.84,30.9,15.67,16.053,31.8
1961-02-01,29.84,30.8,15.679,16.048,31.8
1961-01-01,29.84,30.8,15.665,16.032,31.8
1960-12-01,29.81,30.7,15.662,16.028,31.7
1960-11-01,29.78,30.8,15.659,16.033,31.7
1960-10-01,29.75,30.8,15.606,15.99,31.7
1960-09-01,29.61,30.6,15.588,15.981,31.6
1960-08-01,29.61,30.6,15.579,15.968,31.6
1960-07-01,29.55,30.6,15.553,15.945,31.7
1960-06-01,29.61,30.7,15.525,15.917,31.7
1960-05-01,29.57,30.6,15.518,15.908,31.7
1960-04-01,29.54,30.6,15.502,15.882,31.8
1960-03-01,29.41,30.6,15.446,15.853,31.8
1960-02-01,29.41,30.6,15.437,15.852,31.6
1960-01-01,29.37,30.5,15.421,15.822,31.6
1959-12-01,29.41,30.5,15.43,15.818,31.5
1959-11-01,29.35,30.4,15.412,15.794,31.5
1959-10-01,29.35,30.4,15.402,15.765,31.6
1959-09-01,29.25,30.3,15.365,15.738,31.7
1959-08-01,29.18,30.2,15.325,15.697,31.6
1959-07-01,29.15,30.2,15.303,15.672,31.7
1959-06-01,29.11,30.2,15.271,15.635,31.7
1959-05-01,29.04,30.1,15.227,15.589,31.8
1959-04-01,28.98,30.0,15.219,15.57,31.8
1959-03-01,28.97,30.0,15.189,15.531,31.7
1959-02-01,29.0,29.9,15.179,15.513,31.7
1959-01-01,29.01,29.9,15.164,15.501,31.7
1958-12-01,28.97,29.9,,,31.6
1958-11-01,28.95,29.8,,,31.6
1958-10-01,28.91,29.7,,,31.5
1958-09-01,28.91,29.7,,,31.6
1958-08-01,28.94,29.6,,,31.6
1958-07-01,28.89,29.6,,,31.6
1958-06-01,28.91,29.6,,,31.6
1958-05-01,28.94,29.5,,,31.7
1958-04-01,28.94,29.5,,,31.6
1958-03-01,28.87,29.5,,,31.7
1958-02-01,28.7,29.4,,,31.5
1958-01-01,28.64,29.3,,,31.5
1957-12-01,28.47,29.3,,,31.4
1957-11-01,28.41,29.3,,,31.3
1957-10-01,28.32,29.2,,,31.2
1957-09-01,28.32,29.1,,,31.3
1957-08-01,28.28,29.0,,,31.4
1957-07-01,28.19,29.0,,,31.3
1957-06-01,28.11,28.9,,,31.1
1957-05-01,28.0,28.8,,,31.0
1957-04-01,27.93,28.8,,,31.1
1957-03-01,27.86,28.7,,,31.0
1957-02-01,27.8,28.6,,,31.0
1957-01-01,27.67,28.5,,,31.0
1956-12-01,27.63,,,,30.8
1956-11-01,27.51,,,,30.7
1956-10-01,27.51,,,,30.6
1956-09-01,27.35,,,,30.6
1956-08-01,27.31,,,,30.4
1956-07-01,27.29,,,,30.2
1956-06-01,27.15,,,,30.3
1956-05-01,27.03,,,,30.3
1956-04-01,26.93,,,,30.1
1956-03-01,26.89,,,,29.9
1956-02-01,26.86,,,,29.8
1956-01-01,26.83,,,,29.7
1955-12-01,26.87,,,,29.5
1955-11-01,26.88,,,,29.5
1955-10-01,26.82,,,,29.6
1955-09-01,26.85,,,,29.6
1955-08-01,26.72,,,,29.4
1955-07-01,26.76,,,,29.3
1955-06-01,26.71,,,,29.3
1955-05-01,26.77,,,,29.1
1955-04-01,26.79,,,,29.3
1955-03-01,26.79,,,,29.2
1955-02-01,26.82,,,,29.3
1955-01-01,26.77,,,,29.2
1954-12-01,26.77,,,,29.0
1954-11-01,26.78,,,,29.2
1954-10-01,26.72,,,,29.1
1954-09-01,26.81,,,,29.2
1954-08-01,26.85,,,,29.3
1954-07-01,26.86,,,,29.3
1954-06-01,26.94,,,,29.2
1954-05-01,26.93,,,,29.4
1954-04-01,26.86,,,,29.4
1954-03-01,26.93,,,,29.3
1954-02-01,26.99,,,,29.3
1954-01-01,26.94,,,,29.4
1953-12-01,26.87,,,,29.2
1953-11-01,26.85,,,,29.1
1953-10-01,26.95,,,,29.2
1953-09-01,26.89,,,,29.4
1953-08-01,26.85,,,,29.3
1953-07-01,26.79,,,,29.4
1953-06-01,26.77,,,,29.0
1953-05-01,26.7,,,,29.1
1953-04-01,26.69,,,,29.0
1953-03-01,26.63,,,,29.2
1953-02-01,26.59,,,,29.1
1953-01-01,26.64,,,,29.1
1952-12-01,26.71,,,,29.1
1952-11-01,26.69,,,,29.3
1952-10-01,26.69,,,,29.5
1952-09-01,26.63,,,,29.6
1952-08-01,26.69,,,,29.8
1952-07-01,26.68,,,,29.6
1952-06-01,26.53,,,,29.5
1952-05-01,26.47,,,,29.6
1952-04-01,26.46,,,,29.6
1952-03-01,26.39,,,,29.8
1952-02-01,26.41,,,,29.8
1952-01-01,26.45,,,,30.0
1951-12-01,26.47,,,,30.1
1951-11-01,26.32,,,,30.1
1951-10-01,26.16,,,,30.1
1951-09-01,26.03,,,,30.1
1951-08-01,25.86,,,,30.1
1951-07-01,25.91,,,,30.3
1951-06-01,25.93,,,,30.5
1951-05-01,25.99,,,,30.7
1951-04-01,25.92,,,,30.8
1951-03-01,25.88,,,,30.9
1951-02-01,25.83,,,,30.9
1951-01-01,25.38,,,,30.5
1950-12-01,24.98,,,,29.7
1950-11-01,24.6,,,,29.0
1950-10-01,24.5,,,,28.6
1950-09-01,24.34,,,,28.4
1950-08-01,24.2,,,,27.9
1950-07-01,24.07,,,,27.3
1950-06-01,23.88,,,,26.6
1950-05-01,23.77,,,,26.4
1950-04-01,23.65,,,,26.1
1950-03-01,23.64,,,,26.1
1950-02-01,23.61,,,,26.1
1950-01-01,23.51,,,,25.9
1949-12-01,23.61,,,,25.9
1949-11-01,23.7,,,,26.0
1949-10-01,23.67,,,,26.0
1949-09-01,23.75,,,,26.1
1949-08-01,23.7,,,,26.0
1949-07-01,23.7,,,,26.0
1949-06-01,23.92,,,,26.0
1949-05-01,23.91,,,,26.3
1949-04-01,23.92,,,,26.5
1949-03-01,23.91,,,,26.8
1949-02-01,23.91,,,,26.8
1949-01-01,24.01,,,,27.3
1948-12-01,24.05,,,,27.6
1948-11-01,24.16,,,,27.8
1948-10-01,24.31,,,,27.8
1948-09-01,24.36,,,,28.1
1948-08-01,24.43,,,,28.2
1948-07-01,24.4,,,,28.0
1948-06-01,24.15,,,,27.7
1948-05-01,24.01,,,,27.5
1948-04-01,23.82,,,,27.4
1948-03-01,23.5,,,,27.2
1948-02-01,23.67,,,,27.2
1948-01-01,23.68,,,,27.7
1947-12-01,23.41,,,,27.2
1947-11-01,23.06,,,,26.7
1947-10-01,22.91,,,,26.4
1947-09-01,22.84,,,,26.1
1947-08-01,22.4,,,,25.6
1947-07-01,22.23,,,,25.3
1947-06-01,22.08,,,,25.0
1947-05-01,21.95,,,,25.0
1947-04-01,22.0,,,,25.1
1947-03-01,22.0,,,,25.3
1947-02-01,21.62,,,,24.7
1947-01-01,21.48,,,,24.5
1946-12-01,,,,,24.3
1946-11-01,,,,,24.1
1946-10-01,,,,,23.1
1946-09-01,,,,,21.4
1946-08-01,,,,,22.2
1946-07-01,,,,,21.5
1946-06-01,,,,,19.4
1946-05-01,,,,,19.1
1946-04-01,,,,,19.0
1946-03-01,,,,,18.8
1946-02-01,,,,,18.5
1946-01-01,,,,,18.4
1945-12-01,,,,,18.4
1945-11-01,,,,,18.4
1945-10-01,,,,,18.2
1945-09-01,,,,,18.1
1945-08-01,,,,,18.2
1945-07-01,,,,,18.3
1945-06-01,,,,,18.3
1945-05-01,,,,,18.3
1945-04-01,,,,,18.2
1945-03-01,,,,,18.1
1945-02-01,,,,,18.1
1945-01-01,,,,,18.1
1944-12-01,,,,,18.0
1944-11-01,,,,,18.0
1944-10-01,,,,,17.9
1944-09-01,,,,,17.9
1944-08-01,,,,,17.9
1944-07-01,,,,,17.9
1944-06-01,,,,,18.0
1944-05-01,,,,,17.9
1944-04-01,,,,,17.9
1944-03-01,,,,,17.9
1944-02-01,,,,,17.8
1944-01-01,,,,,17.8
1943-12-01,,,,,17.8
1943-11-01,,,,,17.7
1943-10-01,,,,,17.8
1943-09-01,,,,,17.8
1943-08-01,,,,,17.8
1943-07-01,,,,,17.8
1943-06-01,,,,,17.9
1943-05-01,,,,,17.9
1943-04-01,,,,,17.9
1943-03-01,,,,,17.8
1943-02-01,,,,,17.7
1943-01-01,,,,,17.5
1942-12-01,,,,,17.4
1942-11-01,,,,,17.3
1942-10-01,,,,,17.2
1942-09-01,,,,,17.2
1942-08-01,,,,,17.1
1942-07-01,,,,,17.0
1942-06-01,,,,,17.0
1942-05-01,,,,,17.0
1942-04-01,,,,,17.0
1942-03-01,,,,,16.8
1942-02-01,,,,,16.7
1942-01-01,,,,,16.5
1941-12-01,,,,,16.2
1941-11-01,,,,,15.9
1941-10-01,,,,,15.9
1941-09-01,,,,,15.8
1941-08-01,,,,,15.6
1941-07-01,,,,,15.3
1941-06-01,,,,,15.0
1941-05-01,,,,,14.6
1941-04-01,,,,,14.4
1941-03-01,,,,,14.0
1941-02-01,,,,,13.9
1941-01-01,,,,,13.9
1940-12-01,,,,,13.8
1940-11-01,,,,,13.7
1940-10-01,,,,,13.6
1940-09-01,,,,,13.4
1940-08-01,,,,,13.4
1940-07-01,,,,,13.4
1940-06-01,,,,,13.4
1940-05-01,,,,,13.5
1940-04-01,,,,,13.5
1940-03-01,,,,,13.5
1940-02-01,,,,,13.6
1940-01-01,,,,,13.7
1939-12-01,,,,,13.7
1939-11-01,,,,,13.6
1939-10-01,,,,,13.7
1939-09-01,,,,,13.6
1939-08-01,,,,,12.9
1939-07-01,,,,,13.0
1939-06-01,,,,,13.0
1939-05-01,,,,,13.1
1939-04-01,,,,,13.1
1939-03-01,,,,,13.2
1939-02-01,,,,,13.3
1939-01-01,,,,,13.3
1938-12-01,,,,,13.3
1938-11-01,,,,,13.4
1938-10-01,,,,,13.4
1938-09-01,,,,,13.5
1938-08-01,,,,,13.4
1938-07-01,,,,,13.6
1938-06-01,,,,,13.5
1938-05-01,,,,,13.5
1938-04-01,,,,,13.5
1938-03-01,,,,,13.7
1938-02-01,,,,,13.8
1938-01-01,,,,,14.0
1937-12-01,,,,,14.1
1937-11-01,,,,,14.4
1937-10-01,,,,,14.7
1937-09-01,,,,,15.1
1937-08-01,,,,,15.1
1937-07-01,,,,,15.2
1937-06-01,,,,,15.0
1937-05-01,,,,,15.1
1937-04-01,,,,,15.2
1937-03-01,,,,,15.1
1937-02-01,,,,,14.9
1937-01-01,,,,,14.8
1936-12-01,,,,,14.5
1936-11-01,,,,,14.2
1936-10-01,,,,,14.0
1936-09-01,,,,,14.0
1936-08-01,,,,,14.0
1936-07-01,,,,,13.9
1936-06-01,,,,,13.7
1936-05-01,,,,,13.5
1936-04-01,,,,,13.7
1936-03-01,,,,,13.7
1936-02-01,,,,,13.9
1936-01-01,,,,,13.9
1935-12-01,,,,,14.0
1935-11-01,,,,,13.9
1935-10-01,,,,,13.9
1935-09-01,,,,,13.9
1935-08-01,,,,,13.9
1935-07-01,,,,,13.7
1935-06-01,,,,,13.8
1935-05-01,,,,,13.8
1935-04-01,,,,,13.8
1935-03-01,,,,,13.7
1935-02-01,,,,,13.7
1935-01-01,,,,,13.6
1934-12-01,,,,,13.3
1934-11-01,,,,,13.2
1934-10-01,,,,,13.2
1934-09-01,,,,,13.4
1934-08-01,,,,,13.2
1934-07-01,,,,,12.9
1934-06-01,,,,,12.9
1934-05-01,,,,,12.7
1934-04-01,,,,,12.7
1934-03-01,,,,,12.7
1934-02-01,,,,,12.7
1934-01-01,,,,,12.4
1933-12-01,,,,,12.2
1933-11-01,,,,,12.3
1933-10-01,,,,,12.3
1933-09-01,,,,,12.2
1933-08-01,,,,,12.0
1933-07-01,,,,,11.9
1933-06-01,,,,,11.2
1933-05-01,,,,,10.8
1933-04-01,,,,,10.4
1933-03-01,,,,,10.4
1933-02-01,,,,,10.3
1933-01-01,,,,,10.5
1932-12-01,,,,,10.8
1932-11-01,,,,,11.0
1932-10-01,,,,,11.1
1932-09-01,,,,,11.3
1932-08-01,,,,,11.2
1932-07-01,,,,,11.1
1932-06-01,,,,,11.0
1932-05-01,,,,,11.1
1932-04-01,,,,,11.3
1932-03-01,,,,,11.4
1932-02-01,,,,,11.4
1932-01-01,,,,,11.6
1931-12-01,,,,,11.8
1931-11-01,,,,,12.1
1931-10-01,,,,,12.1
1931-09-01,,,,,12.3
1931-08-01,,,,,12.4
1931-07-01,,,,,12.4
1931-06-01,,,,,12.4
1931-05-01,,,,,12.6
1931-04-01,,,,,12.9
1931-03-01,,,,,13.1
1931-02-01,,,,,13.2
1931-01-01,,,,,13.5
1930-12-01,,,,,13.7
1930-11-01,,,,,14.0
1930-10-01,,,,,14.3
1930-09-01,,,,,14.5
1930-08-01,,,,,14.5
1930-07-01,,,,,14.5
1930-06-01,,,,,15.0
1930-05-01,,,,,15.3
1930-04-01,,,,,15.5
1930-03-01,,,,,15.5
1930-02-01,,,,,15.7
1930-01-01,,,,,15.9
1929-12-01,,,,,16.1
1929-11-01,,,,,16.1
1929-10-01,,,,,16.4
1929-09-01,,,,,16.6
1929-08-01,,,,,16.6
1929-07-01,,,,,16.6
1929-06-01,,,,,16.4
1929-05-01,,,,,16.3
1929-04-01,,,,,16.5
1929-03-01,,,,,16.6
1929-02-01,,,,,16.4
1929-01-01,,,,,16.5
1928-12-01,,,,,16.5
1928-11-01,,,,,16.5
1928-10-01,,,,,16.7
1928-09-01,,,,,17.0
1928-08-01,,,,,16.8
1928-07-01,,,,,16.8
1928-06-01,,,,,16.7
1928-05-01,,,,,16.8
1928-04-01,,,,,16.7
1928-03-01,,,,,16.5
1928-02-01,,,,,16.5
1928-01-01,,,,,16.6
1927-12-01,,,,,16.6
1927-11-01,,,,,16.6
1927-10-01,,,,,16.7
1927-09-01,,,,,16.6
1927-08-01,,,,,16.4
1927-07-01,,,,,16.2
1927-06-01,,,,,16.2
1927-05-01,,,,,16.2
1927-04-01,,,,,16.3
1927-03-01,,,,,16.5
1927-02-01,,,,,16.6
1927-01-01,,,,,16.4
1926-12-01,,,,,16.9
1926-11-01,,,,,17.0
1926-10-01,,,,,17.1
1926-09-01,,,,,17.2
1926-08-01,,,,,17.1
1926-07-01,,,,,17.1
1926-06-01,,,,,17.3
1926-05-01,,,,,17.3
1926-04-01,,,,,17.3
1926-03-01,,,,,17.3
1926-02-01,,,,,17.6
1926-01-01,,,,,17.8
1925-12-01,,,,,17.8
1925-11-01,,,,,18.0
1925-10-01,,,,,17.8
1925-09-01,,,,,17.8
1925-08-01,,,,,17.9
1925-07-01,,,,,18.0
1925-06-01,,,,,17.7
1925-05-01,,,,,17.5
1925-04-01,,,,,17.5
1925-03-01,,,,,17.9
1925-02-01,,,,,17.9
1925-01-01,,,,,17.7
1924-12-01,,,,,17.5
1924-11-01,,,,,17.1
1924-10-01,,,,,16.9
1924-09-01,,,,,16.7
1924-08-01,,,,,16.7
1924-07-01,,,,,16.5
1924-06-01,,,,,16.4
1924-05-01,,,,,16.5
1924-04-01,,,,,16.7
1924-03-01,,,,,17.0
1924-02-01,,,,,17.2
1924-01-01,,,,,17.2
1923-12-01,,,,,16.9
1923-11-01,,,,,17.0
1923-10-01,,,,,17.1
1923-09-01,,,,,17.2
1923-08-01,,,,,16.9
1923-07-01,,,,,17.0
1923-06-01,,,,,17.3
1923-05-01,,,,,17.5
1923-04-01,,,,,17.9
1923-03-01,,,,,18.0
1923-02-01,,,,,17.8
1923-01-01,,,,,17.6
1922-12-01,,,,,17.3
1922-11-01,,,,,17.3
1922-10-01,,,,,17.2
1922-09-01,,,,,17.1
1922-08-01,,,,,17.0
1922-07-01,,,,,17.1
1922-06-01,,,,,16.6
1922-05-01,,,,,16.6
1922-04-01,,,,,16.1
1922-03-01,,,,,16.0
1922-02-01,,,,,16.0
1922-01-01,,,,,15.7
1921-12-01,,,,,16.0
1921-11-01,,,,,16.2
1921-10-01,,,,,16.2
1921-09-01,,,,,16.1
1921-08-01,,,,,16.1
1921-07-01,,,,,16.1
1921-06-01,,,,,16.1
1921-05-01,,,,,16.6
1921-04-01,,,,,17.0
1921-03-01,,,,,17.7
1921-02-01,,,,,18.1
1921-01-01,,,,,19.6
1920-12-01,,,,,20.8
1920-11-01,,,,,23.0
1920-10-01,,,,,24.9
1920-09-01,,,,,26.8
1920-08-01,,,,,27.8
1920-07-01,,,,,28.6
1920-06-01,,,,,28.7
1920-05-01,,,,,28.8
1920-04-01,,,,,28.5
1920-03-01,,,,,27.3
1920-02-01,,,,,27.1
1920-01-01,,,,,27.2
1919-12-01,,,,,26.0
1919-11-01,,,,,24.9
1919-10-01,,,,,24.4
1919-09-01,,,,,24.3
1919-08-01,,,,,24.9
1919-07-01,,,,,24.3
1919-06-01,,,,,23.4
1919-05-01,,,,,23.3
1919-04-01,,,,,22.9
1919-03-01,,,,,22.6
1919-02-01,,,,,22.4
1919-01-01,,,,,23.2
1918-12-01,,,,,23.5
1918-11-01,,,,,23.5
1918-10-01,,,,,23.5
1918-09-01,,,,,23.7
1918-08-01,,,,,23.2
1918-07-01,,,,,22.7
1918-06-01,,,,,22.2
1918-05-01,,,,,22.1
1918-04-01,,,,,22.1
1918-03-01,,,,,21.8
1918-02-01,,,,,21.1
1918-01-01,,,,,21.6
1917-12-01,,,,,21.2
1917-11-01,,,,,21.2
1917-10-01,,,,,21.1
1917-09-01,,,,,21.3
1917-08-01,,,,,21.5
1917-07-01,,,,,21.2
1917-06-01,,,,,21.0
1917-05-01,,,,,20.8
1917-04-01,,,,,19.7
1917-03-01,,,,,18.5
1917-02-01,,,,,18.0
1917-01-01,,,,,17.6
1916-12-01,,,,,17.1
1916-11-01,,,,,16.8
1916-10-01,,,,,15.7
1916-09-01,,,,,15.0
1916-08-01,,,,,14.7
1916-07-01,,,,,14.4
1916-06-01,,,,,14.3
1916-05-01,,,,,14.2
1916-04-01,,,,,14.1
1916-03-01,,,,,13.9
1916-02-01,,,,,13.5
1916-01-01,,,,,13.3
1915-12-01,,,,,12.8
1915-11-01,,,,,12.3
1915-10-01,,,,,12.1
1915-09-01,,,,,11.8
1915-08-01,,,,,11.8
1915-07-01,,,,,11.9
1915-06-01,,,,,11.8
1915-05-01,,,,,11.9
1915-04-01,,,,,11.8
1915-03-01,,,,,11.8
1915-02-01,,,,,11.8
1915-01-01,,,,,11.8
1914-12-01,,,,,11.6
1914-11-01,,,,,11.7
1914-10-01,,,,,11.7
1914-09-01,,,,,12.1
1914-08-01,,,,,12.0
1914-07-01,,,,,11.6
1914-06-01,,,,,11.6
1914-05-01,,,,,11.6
1914-04-01,,,,,11.7
1914-03-01,,,,,11.7
1914-02-01,,,,,11.8
1914-01-01,,,,,11.8
1913-12-01,,,,,11.9
1913-11-01,,,,,12.1
1913-10-01,,,,,12.2
1913-09-01,,,,,12.2
1913-08-01,,,,,12.0
1913-07-01,,,,,12.0
1913-06-01,,,,,11.9
1913-05-01,,,,,11.9
1913-04-01,,,,,12.0
1913-03-01,,,,,12.0
1913-02-01,,,,,12.0
1913-01-01,,,,,12.1
