Date,AUS,AUT,BEL,BGR,CAN,CHE,CHL,COL,CRI,CZE,DEU,DNK,EA20,ESP,EST,EU27_2020,FIN,FRA,G7,GBR,GRC,HRV,HUN,IRL,ISL,ISR,ITA,JPN,KOR,LTU,LUX,LVA,MEX,NLD,NOR,NZL,OECD,POL,PRT,ROU,RUS,SVK,SVN,SWE,TUR,USA,ZAF
2025-04-01,13849.59,,,,19875.47,,8774.981,22425.43,2083.22,,,,,,,,,,,32566.0,,,,,,4162.901,,58840.0,24662.54,,,,55884.91,,,2664.572,,,,,,,,,31370.28,151897.5,16806.5
2025-01-01,13786.35,4401.589,5026.373,2824.875,19869.17,4676.342,8762.325,22230.4,2123.349,5072.521,41061.45,2917.276,157044.3,21606.38,637.5,201640.0,2495.019,28682.29,356123.9,32383.0,4176.111,1655.913,4571.262,2690.288,214.0988,4151.623,23454.19,58740.0,24675.68,1396.92,325.9549,817.2646,56014.77,9421.798,2770.183,2665.773,625336.2,16678.68,4975.005,7600.622,,2556.496,978.0,5035.057,31361.91,151933.8,16787.27
2024-10-01,13723.53,4390.071,5016.143,2816.207,19754.53,4679.456,8683.968,21781.05,2137.456,5002.954,41067.82,2916.546,156311.9,21484.03,649.5,201250.5,2492.794,28428.93,353905.9,32298.0,4171.571,1651.152,4568.644,2653.842,213.5596,4107.197,23162.99,58810.0,24689.86,1393.281,320.7491,813.3342,55821.91,9411.511,2771.885,2672.359,622072.3,16722.77,4904.95,7635.381,,2563.532,983.1,5002.369,31422.45,150383.7,17077.84
2024-07-01,13662.71,4390.114,4981.433,2813.728,19666.03,4667.381,8736.249,21848.7,2147.362,4998.755,40871.8,2919.968,156014.0,21322.3,654.7,200903.7,2501.031,28443.32,353218.8,32224.0,4130.859,1658.247,4574.89,2657.428,222.4064,4134.527,23271.07,58533.33,24744.79,1383.053,319.0171,825.4883,55923.25,9408.55,2770.773,2683.975,621525.0,16764.3,4893.804,7686.642,,2560.733,972.6,5012.639,31492.43,150209.3,16946.17
2024-04-01,13537.37,4394.417,4977.238,2828.586,19637.17,4669.806,8817.681,21835.9,2057.135,4988.483,40891.28,2931.63,155827.0,21239.41,661.3,200562.3,2506.657,28342.52,352315.3,31998.0,4150.827,1654.948,4575.48,2626.847,216.8478,4107.102,23090.3,58356.67,24778.32,1388.768,320.8293,828.7167,55840.02,9419.669,2767.792,2699.276,620380.8,16782.2,4870.798,7843.969,,2563.69,979.8,5040.212,31491.27,149999.3,16652.33
2024-01-01,13487.12,4405.698,4949.786,2824.679,19532.03,4659.358,8704.933,21367.0,2068.639,5051.607,40863.11,2912.755,155278.3,21154.55,650.3,200283.0,2517.119,28239.73,351897.5,31885.0,4130.543,1647.254,4576.286,2607.083,213.7862,4092.441,23075.73,58336.67,24865.5,1373.599,319.7045,830.8609,56069.86,9411.67,2759.251,2696.99,619514.4,16815.94,4859.147,7919.708,,2562.445,986.1,5040.979,31475.85,149965.2,16744.75
2023-10-01,13456.53,4401.457,4980.391,2808.791,19449.97,4665.332,8605.536,21350.87,1996.247,4888.934,40814.73,2897.931,154839.2,21050.98,649.7,199700.9,2523.542,28076.31,352319.6,31958.0,4093.42,1615.771,4585.015,2590.971,209.3032,4048.28,23007.31,58460.0,24889.96,1378.582,314.0404,826.4512,55683.47,9411.838,2759.775,2709.0,618486.7,16852.57,4852.534,7603.86,,2564.487,976.6,5053.026,30900.36,150553.2,16723.2
2023-07-01,13388.95,4395.024,4965.462,2812.847,19362.93,4649.296,8535.309,21792.73,2007.529,4888.883,40765.14,2880.124,154266.8,20968.0,652.3,199149.3,2527.479,27975.97,351691.7,31893.0,4070.66,1585.136,4578.604,2566.152,209.0202,4095.102,22805.7,58406.67,24906.72,1379.567,318.9804,835.9601,55566.07,9396.748,2761.909,2697.51,617646.8,16867.26,4833.212,7633.029,,2557.664,971.4,5055.86,30635.57,150482.3,16744.78
2023-04-01,13307.24,4393.185,4914.527,2815.536,19255.03,4645.316,8556.372,21795.84,2039.372,4901.241,40858.51,2868.836,154373.3,20843.76,654.4,198794.5,2541.121,28006.37,351198.3,31944.0,4074.102,1586.547,4576.388,2567.189,207.8477,4068.244,22780.76,58363.33,24936.9,1370.968,320.9727,837.3284,55133.89,9378.094,2751.572,2693.605,616270.9,16869.06,4822.236,7570.901,,2559.948,977.2,5068.165,30397.78,149990.3,16346.19
2023-01-01,13191.96,4387.734,4956.22,2849.526,19152.5,4634.155,8446.377,21239.73,2024.625,4882.242,40824.62,2878.309,153740.1,20543.06,654.3,198407.8,2535.957,27989.24,350088.4,31894.0,4074.818,1569.647,4569.193,2558.588,204.1288,4048.107,22746.03,58073.33,24832.05,1342.684,316.9065,833.6602,55596.55,9361.021,2738.344,2668.284,614295.3,16871.51,4784.217,7646.311,,2557.401,956.6,5058.949,30459.29,149408.6,16192.28
2022-10-01,13089.4,4371.134,4948.268,2871.847,18952.43,4591.342,8407.608,20863.75,2095.032,5012.99,40629.34,2879.691,152930.8,20311.56,640.5,197828.3,2543.787,27941.49,348184.4,31746.0,4047.369,1586.693,4561.691,2513.363,203.3171,3957.813,22562.95,58066.67,24820.64,1350.321,309.5221,843.0558,54865.91,9315.177,2730.859,2639.901,610676.7,16824.35,4752.719,7708.632,,2558.862,962.4,5020.679,30459.28,148285.6,15934.49
2022-07-01,12995.95,4357.353,4945.928,2852.174,18812.63,4587.014,8408.119,21003.65,2109.25,5024.035,40456.32,2879.197,152359.0,20287.68,637.1,197170.3,2520.757,27897.94,347455.7,31585.0,4028.11,1574.348,4563.077,2487.053,198.7559,3976.818,22377.65,58140.0,24866.04,1369.993,307.8913,848.8478,54242.38,9247.872,2728.911,2629.721,608589.2,16775.32,4746.76,7717.222,,2562.208,976.2,5017.259,29804.2,148186.2,15765.4
2022-04-01,12856.42,4356.37,4889.801,2830.353,18784.57,4565.79,8390.826,21196.58,2068.935,5021.598,40469.46,2864.956,152103.0,20224.9,633.0,196742.8,2523.615,27743.31,346789.6,31555.0,4012.423,1577.578,4558.663,2489.629,197.4709,3922.744,22419.0,58220.0,24868.3,1366.104,310.3929,840.0241,54284.72,9223.167,2735.016,2594.589,607526.3,16830.47,4696.472,7749.684,,2566.651,965.9,5001.916,29679.26,147598.3,15561.86
2022-01-01,12714.21,4344.043,4899.503,2808.426,18587.3,4566.653,8306.347,20491.4,2014.299,5026.176,40052.88,2832.956,151095.4,20114.56,635.3,196038.8,2516.041,27679.35,344875.8,31513.0,4032.798,1578.082,4559.769,2473.554,195.6561,3903.258,22290.4,57966.67,24740.65,1330.982,307.1937,828.1722,53526.45,9149.284,2722.313,2596.489,602777.4,16813.66,4712.25,7737.761,,2551.878,962.0,4945.446,29088.26,146786.2,14914.21
2021-10-01,12423.45,4300.311,4859.454,2779.422,18537.7,4556.033,8153.045,19731.71,2005.062,5088.942,39815.82,2839.181,150149.8,19939.84,626.0,194636.0,2497.191,27531.37,342281.7,31434.0,3972.216,1580.428,4545.47,2441.514,191.6586,3826.644,22215.91,57816.67,24494.33,1324.111,302.897,822.9565,53355.53,9081.445,2698.388,2603.952,597690.0,16838.65,4660.729,7692.648,70743.95,2544.825,963.4,4900.861,28818.48,144930.3,14544.13
2021-07-01,12329.13,4275.415,4864.148,2788.009,18233.17,4525.984,7966.281,19570.65,2003.81,5087.593,39797.18,2810.6,149298.8,19677.93,621.7,193732.5,2477.475,27417.64,340316.0,31370.0,3920.477,1573.879,4520.51,2394.119,190.418,3755.374,22113.09,58096.67,24368.63,1315.215,306.0464,830.7608,52818.35,9012.23,2680.876,2605.607,593381.6,16818.54,4625.413,7677.905,70428.8,2539.642,979.3,4859.957,28313.4,143288.3,14282.01
2021-04-01,12385.88,4180.303,4780.909,2788.881,17855.73,4499.978,7677.146,19294.54,1891.582,5044.107,39380.06,2796.737,147728.4,19373.95,605.4,191669.5,2464.552,27169.15,336970.6,31189.0,3765.468,1556.193,4503.99,2277.284,182.5931,3680.945,21736.06,58043.33,24265.29,1301.924,303.8311,818.347,52298.0,8917.029,2647.813,2564.914,586558.9,16707.05,4595.032,7689.56,70128.85,2521.652,960.7,4830.353,27451.07,141597.2,14941.57
2021-01-01,12254.11,4170.872,4674.39,2785.288,17745.9,4514.205,7703.683,19050.96,1918.266,5044.058,39018.94,2730.583,145469.5,19193.27,611.1,190246.2,2438.881,26977.14,334584.7,31035.0,3633.34,1523.9,4474.729,2187.184,177.7303,3638.438,21331.84,58166.67,23993.32,1297.651,298.2255,816.2357,50703.19,8889.695,2604.423,2544.028,580573.6,16607.55,4505.026,7610.287,69166.6,2480.681,913.8,4776.229,27143.05,140309.2,14995.34
2020-10-01,12132.95,4195.886,4694.083,2792.135,17784.57,4522.047,7566.264,19774.35,1873.979,5053.805,39042.46,2759.234,146180.7,19039.07,621.0,190207.4,2424.805,26998.41,334498.3,30968.0,3627.072,1528.353,4352.865,2180.641,175.9792,3643.993,21681.26,58070.0,24014.34,1295.571,294.4423,846.01,50107.85,8855.308,2636.377,2526.663,579321.4,16446.81,4546.997,7602.227,68789.45,2545.007,958.0,4821.786,26289.92,139953.6,15023.55
2020-07-01,11923.83,4197.184,4721.487,2794.912,17357.3,4500.475,7036.94,18497.99,1768.692,5075.985,38972.67,2742.404,145802.6,18790.2,618.0,189196.3,2414.019,26720.22,330042.8,31060.0,3709.55,1553.601,4349.958,2148.619,190.0788,3653.047,21563.6,57786.67,24028.56,1280.996,289.4934,847.1603,48167.82,8812.28,2619.111,2517.424,570382.1,16333.81,4472.639,7570.273,68976.4,2551.976,953.0,4773.675,26352.89,136582.4,14690.87
2020-04-01,11683.5,4068.589,4686.929,2775.046,15866.87,4483.106,6827.751,17034.9,1671.904,5086.611,39085.4,2733.839,144934.8,18322.3,606.0,187664.2,2377.395,26474.76,320749.7,31381.0,3347.37,1536.43,4291.666,2055.608,182.1343,3669.201,21297.17,57863.33,23971.26,1292.058,287.9624,849.0746,42301.22,8788.254,2614.42,2538.606,550367.8,16186.67,4436.805,7506.533,69396.71,2565.5,945.0,4756.768,24955.79,128781.1,14148.22
2020-01-01,12341.72,4278.342,4778.501,2839.906,17922.23,4568.373,8384.746,20454.07,2097.941,5130.998,39344.47,2775.624,148598.9,19678.43,628.0,193987.2,2461.781,27133.6,343577.5,31583.0,3743.008,1544.616,4392.01,2276.133,190.8077,3758.425,22340.97,58586.67,24507.18,1320.375,288.4018,858.7551,52318.67,8941.159,2668.093,2556.807,595109.4,16474.71,4616.56,7688.967,70448.49,2591.517,960.0,4877.772,26612.91,146666.6,16382.55
2019-10-01,12297.33,4298.658,4763.755,2875.032,18239.57,4539.533,8452.637,20920.43,2077.125,5137.098,40341.8,2790.002,149602.5,19713.2,642.0,194433.0,2462.049,27126.74,346549.2,31762.0,3822.987,1560.262,4407.761,2260.358,190.0148,3737.171,22456.77,58733.33,24652.38,1323.988,286.5631,870.9968,51969.69,8890.765,2657.413,2526.006,599148.0,16513.1,4630.203,7700.786,70570.45,2604.14,961.0,4908.257,27292.22,147889.0,16420.27
2019-07-01,12283.4,4268.439,4797.405,2908.586,18219.5,4518.785,8491.101,20900.2,2061.974,5147.164,40007.72,2789.749,149341.0,19521.76,638.0,193440.8,2456.056,26849.87,345264.2,31598.0,3790.189,1574.542,4407.553,2224.184,189.0824,3732.128,22435.01,58666.67,24595.69,1320.636,287.6184,874.1086,51740.31,8873.878,2665.078,2521.693,597104.6,16444.83,4630.826,7687.477,70330.17,2615.735,962.0,4889.305,27201.45,147487.5,16375.01
2019-04-01,12208.83,4273.18,4800.32,2955.85,18180.03,4533.685,8415.41,21302.64,2090.362,5157.775,39905.82,2780.956,149751.0,19536.33,626.0,193621.9,2442.434,26942.32,344578.6,31618.0,3805.053,1548.389,4420.787,2219.367,191.631,3730.812,22463.79,58583.33,24556.86,1323.085,288.8931,866.0856,51548.77,8845.614,2630.573,2514.478,596314.6,16363.6,4610.75,7705.873,70410.06,2625.471,970.0,4885.975,27170.21,146885.3,16312.71
2019-01-01,12167.19,4279.723,4721.52,2910.531,18051.5,4517.998,8307.795,20848.13,2076.89,5161.763,39977.66,2755.693,149014.4,19500.7,624.0,193678.3,2458.461,26938.07,343848.3,31515.0,3779.77,1562.207,4440.9,2235.091,191.2718,3735.055,22414.43,58423.33,24534.54,1328.291,285.9254,867.809,51182.52,8818.743,2630.936,2503.723,594392.4,16236.48,4617.222,7668.864,70707.53,2626.655,956.0,4897.463,27255.82,146528.3,16291.44
2018-10-01,12089.55,4254.059,4742.038,3010.109,18046.67,4506.57,8321.047,20678.79,2080.445,5161.572,39745.24,2746.18,148332.2,19338.67,636.0,192281.8,2446.325,26954.59,343563.5,31400.0,3751.319,1550.388,4401.521,2195.056,190.042,3696.295,22322.73,58383.33,24501.25,1330.062,282.8755,868.9821,50567.12,8781.355,2630.338,2477.952,592880.6,16025.99,4604.742,7646.116,71151.99,2620.165,962.0,4884.505,27544.29,146711.0,16528.7
2018-07-01,12021.72,4241.478,4728.709,3021.619,17956.07,4498.157,8237.491,21063.72,2046.004,5147.074,39802.68,2748.946,148159.3,19199.72,626.0,192040.9,2439.329,26919.75,342756.3,31263.0,3726.009,1570.504,4402.532,2180.823,188.9058,3683.783,22354.99,58256.67,24453.83,1338.854,277.3372,880.1147,50527.85,8740.749,2618.507,2505.371,592287.8,15982.39,4589.086,7658.392,71150.52,2613.012,962.0,4870.68,27991.3,146203.1,16380.07
2018-04-01,11944.28,4241.223,4654.965,3039.853,17823.9,4488.671,8278.975,21165.17,2068.981,5149.864,39589.85,2744.553,147690.7,19100.52,628.0,191560.3,2433.273,26844.87,342003.2,31243.0,3725.037,1556.299,4403.993,2171.759,184.4065,3672.799,22396.74,58290.0,24515.22,1315.196,275.7922,872.0739,50313.99,8684.701,2613.514,2484.304,590988.0,15929.25,4575.573,7611.303,71383.98,2598.786,956.0,4859.309,27934.62,145814.8,16287.8
2018-01-01,11911.45,4228.239,4670.288,3043.419,17773.9,4464.602,8215.556,20555.65,1925.402,5128.79,39697.23,2717.821,147239.9,18907.09,619.0,191171.0,2413.073,26827.78,341165.0,31232.0,3693.635,1530.009,4397.355,2154.362,185.6456,3664.922,22256.54,57973.33,24573.9,1311.888,277.3951,867.8292,49835.25,8638.193,2605.641,2470.874,588486.3,15883.36,4562.599,7624.188,71391.03,2591.037,937.0,4856.505,28056.89,145404.3,16377.52
2017-10-01,11850.13,4208.404,4648.57,3051.165,17741.03,4461.765,8184.87,20539.37,1919.567,5115.871,39665.45,2710.983,146725.0,18798.02,634.0,190588.2,2401.123,26834.88,339747.5,31055.0,3676.34,1547.616,4387.011,2144.743,185.3853,3643.514,22234.03,57556.67,24567.62,1306.159,271.4092,865.9713,49262.22,8598.236,2589.158,2458.336,585824.7,15909.83,4537.333,7614.138,71064.6,2580.885,948.0,4818.191,27854.23,144660.4,16171.03
2017-07-01,11783.47,4180.844,4594.116,3046.679,17631.0,4462.23,8154.244,20600.58,1992.571,5113.053,39848.04,2706.391,146367.2,18736.27,628.0,190048.5,2370.156,26646.88,339355.6,30969.0,3675.839,1572.712,4383.369,2122.111,181.8399,3624.84,22203.06,57490.0,24585.38,1298.229,271.1826,865.1561,49016.86,8564.11,2577.924,2437.421,584562.5,15891.86,4487.864,7612.436,71002.51,2577.231,950.0,4797.74,27576.02,144567.6,16191.67
2017-04-01,11682.34,4189.224,4575.619,3044.76,17554.97,4461.487,8066.288,20881.58,2004.362,5079.845,39546.97,2694.294,145844.2,18584.87,618.0,189374.0,2361.016,26683.37,338167.0,30992.0,3660.805,1544.682,4368.507,2113.149,183.738,3612.016,22092.37,57333.33,24567.63,1309.734,269.4386,857.1094,48837.69,8524.831,2580.544,2396.939,582495.3,15862.42,4447.261,7636.37,71245.66,2572.655,933.0,4777.007,27254.87,143964.0,16099.71
2017-01-01,11582.38,4162.528,4531.695,2984.396,17476.83,4432.518,7973.259,20447.77,1994.201,5066.831,39472.53,2680.633,145264.6,18473.85,618.0,188527.3,2356.706,26455.87,336798.0,30832.0,3637.017,1498.09,4354.714,2109.997,183.0368,3599.696,22115.54,57113.33,24516.06,1307.877,267.6695,853.7632,48926.59,8490.822,2576.373,2401.503,579702.9,15821.89,4396.542,7521.057,71323.52,2565.229,912.0,4777.062,26886.68,143331.9,16212.25
2016-10-01,11526.03,4157.886,4611.565,2908.057,17345.33,4444.076,7952.929,20375.48,1995.498,5055.426,39540.62,2674.398,144714.0,18322.56,609.0,187901.7,2350.075,26423.42,336294.4,30728.0,3588.892,1514.631,4353.436,2089.673,182.0,3568.243,21982.14,57146.67,24432.8,1313.148,263.4428,857.9337,49269.86,8448.508,2571.049,2374.787,578464.2,15739.24,4345.872,7469.891,71641.42,2560.474,906.0,4726.802,26502.71,143128.2,16068.61
2016-07-01,11510.58,4158.652,4521.393,2896.795,17251.5,4425.338,7951.958,20299.11,1920.186,5019.93,39463.5,2675.472,144465.3,18241.9,621.0,187184.8,2353.123,26478.49,335631.8,30658.0,3596.951,1536.915,4320.676,2080.151,180.4463,3546.863,21963.36,57133.33,24396.95,1314.315,257.4018,857.145,49258.73,8417.401,2573.121,2344.781,576943.2,15644.46,4330.42,7406.086,71466.22,2549.826,901.0,4695.24,26346.9,142683.6,15833.2
2016-04-01,11493.57,4136.24,4528.403,2925.69,17226.0,4414.506,7895.556,20475.49,1891.823,5003.948,39242.29,2674.361,143978.3,18092.92,623.0,186610.7,2350.855,26432.77,334534.0,30617.0,3588.165,1539.032,4299.069,2058.567,178.4332,3540.949,21991.11,56870.0,24277.54,1322.186,257.9993,861.0963,48761.55,8376.228,2570.552,2327.179,575189.4,15626.59,4304.231,7343.256,71301.27,2539.763,901.0,4691.667,26591.88,142154.9,15545.45
2016-01-01,11482.59,4117.222,4501.639,2931.458,17171.53,4407.08,7859.68,20211.34,1933.175,4984.096,39303.59,2645.869,143473.4,18074.62,594.0,186051.8,2343.947,26435.32,334100.5,30462.0,3590.991,1506.522,4264.319,2031.609,177.1204,3510.845,21813.39,56886.67,24258.64,1320.351,258.7562,863.825,48563.93,8322.864,2576.278,2276.553,573617.1,15571.71,4261.477,7379.767,71170.32,2519.937,876.0,4670.29,26445.81,142028.0,15674.51
2015-10-01,11435.16,4094.306,4492.907,2960.077,17157.83,4391.218,7898.15,20356.58,1951.492,4951.447,38722.53,2634.498,142497.4,17909.91,612.0,185127.0,2330.377,26366.02,332266.5,30413.0,3589.43,1517.865,4219.665,2016.48,175.3448,3505.936,21739.6,56790.0,24290.46,1305.98,253.3358,871.9489,48696.0,8291.95,2566.985,2249.178,571364.1,15573.35,4260.16,7391.177,71621.87,2500.02,893.0,4658.475,26121.91,141077.5,16018.07
2015-07-01,11342.51,4077.143,4508.279,2942.779,17191.3,4362.613,7897.243,20255.89,1987.266,4940.661,38412.34,2621.446,141970.2,17781.92,628.0,184337.1,2337.54,26392.81,331147.3,30236.0,3556.898,1544.225,4195.565,2001.367,173.1889,3486.747,21708.95,56700.0,24223.17,1299.343,253.1392,869.1427,48026.52,8291.175,2562.301,2216.951,568844.6,15516.41,4236.263,7365.687,71684.95,2480.643,910.0,4634.98,26022.99,140506.0,15828.44
2015-04-01,11300.97,4049.063,4477.271,2913.739,17156.17,4363.04,7828.841,20249.68,2014.21,4933.216,38372.7,2623.563,141539.2,17679.52,611.0,183561.4,2327.288,26314.3,330385.1,30036.0,3531.547,1533.798,4163.231,1985.926,174.4332,3469.517,21545.66,56636.67,24126.89,1300.651,258.1794,869.1255,47714.34,8285.739,2569.511,2229.609,566952.9,15434.39,4253.421,7358.361,71244.17,2463.707,899.0,4596.39,25784.55,140323.6,15657.0
2015-01-01,11245.55,4050.488,4518.544,2918.405,17157.93,4365.129,7793.381,20006.61,1987.313,4911.876,38413.44,2610.992,141142.3,17499.64,596.0,183097.5,2340.795,26320.87,329842.2,30023.0,3496.125,1513.011,4124.838,1970.227,173.0331,3435.967,21543.79,56696.67,24129.22,1297.026,255.9456,859.783,47601.27,8264.136,2564.203,2227.362,565283.0,15391.85,4194.155,7293.775,71227.55,2448.63,874.0,4594.155,25612.55,139686.5,15459.42
2014-10-01,11150.38,4043.789,4508.043,2895.853,17136.67,4351.512,7761.135,19862.49,1985.08,4911.866,38322.79,2605.008,140757.9,17413.49,612.0,182660.8,2346.811,26297.04,329354.0,29891.0,3490.622,1493.403,4100.777,1962.411,169.9796,3422.867,21525.94,56823.33,24027.82,1289.703,247.0744,855.9069,47175.29,8228.334,2559.849,2213.27,563391.6,15325.59,4181.812,7276.156,70857.67,2438.605,883.0,4576.198,25336.96,139357.2,15319.61
2014-07-01,11130.86,4032.202,4492.302,2899.651,17077.5,4313.929,7739.021,19865.66,2002.124,4891.314,38346.13,2591.892,140515.2,17252.86,611.0,182281.5,2362.538,26277.79,328416.1,29790.0,3472.236,1558.78,4082.85,1940.721,170.0252,3398.483,21475.81,56870.0,24013.02,1298.29,239.0228,853.1809,46934.77,8201.921,2555.46,2182.398,561634.9,15277.3,4192.754,7285.039,70593.52,2422.609,893.0,4592.649,25212.43,138578.9,15116.57
2014-04-01,11103.45,4040.981,4509.327,2884.436,17032.7,4294.134,7762.49,19801.22,1981.727,4867.265,38272.71,2575.436,140301.7,17181.29,608.0,181674.1,2361.267,26348.2,327755.9,29671.0,3442.618,1517.038,4049.386,1913.97,168.7195,3394.619,21410.19,56950.0,23878.52,1283.098,244.4653,859.0869,46851.13,8176.646,2563.635,2165.542,560307.7,15185.15,4150.758,7232.153,70633.98,2408.023,895.0,4543.91,25290.9,138071.1,15094.24
2014-01-01,11082.9,4021.029,4480.328,2870.06,17016.93,4266.425,7723.162,19583.01,2019.976,4863.255,38136.36,2542.564,139945.2,16993.36,591.0,181241.6,2365.384,26382.96,326716.6,29495.0,3457.524,1482.979,4046.886,1910.899,166.2758,3380.631,21421.06,56920.0,23854.78,1280.91,240.6375,858.8253,47049.99,8180.099,2545.055,2155.79,558570.6,15099.96,4106.676,7245.651,70779.27,2393.763,871.0,4533.244,25188.71,137344.3,15054.79
2013-10-01,11053.78,4021.256,4457.39,2837.995,17021.07,4269.788,7698.219,19519.86,2020.153,4853.33,38110.37,2548.328,139634.9,16992.09,601.0,180723.7,2366.681,26330.74,325760.8,29281.0,3422.862,1482.942,3915.223,1910.18,168.3865,3326.813,21424.08,56996.67,23665.25,1269.357,237.5483,867.8746,47347.29,8236.739,2554.719,2134.296,557051.6,15011.27,4085.721,7185.617,70545.95,2387.353,881.0,4540.052,24927.04,136596.8,15176.75
2013-07-01,11064.91,4040.746,4511.371,2852.683,17027.83,4247.708,7664.654,19536.27,1956.471,4844.664,38075.43,2564.65,139581.1,16983.48,605.0,180407.4,2369.68,26356.74,325407.0,29116.0,3417.781,1492.08,3877.227,1895.478,167.0219,3318.657,21362.19,56876.67,23518.94,1261.968,234.1796,872.1017,46833.07,8254.903,2544.567,2109.938,555742.1,14944.36,4036.028,7156.068,70375.84,2381.094,897.0,4532.474,24848.81,136592.1,15035.84
2013-04-01,11061.99,4043.062,4512.041,2858.282,17048.47,4235.53,7657.98,19368.17,1926.206,4852.084,38164.18,2563.772,139638.8,16980.19,611.0,180416.6,2385.777,26291.4,324883.2,28965.0,3443.633,1483.755,3858.05,1874.209,163.1863,3288.304,21369.73,56900.0,23406.35,1268.55,236.3945,859.1537,46939.54,8287.102,2528.889,2087.443,554829.8,14871.1,3999.306,7163.052,70445.52,2379.528,881.0,4503.031,24874.02,136144.4,14691.54
2013-01-01,11063.97,4014.936,4458.198,2847.039,17035.37,4230.974,7606.136,19133.46,1906.672,4833.423,37872.03,2553.25,139613.1,17050.24,594.0,180258.2,2378.862,26265.13,324121.0,28888.0,3466.725,1449.124,3789.4,1858.133,162.4053,3275.659,21524.0,56816.67,23203.97,1259.125,236.3776,856.87,46405.31,8307.255,2529.825,2077.923,552685.9,14808.27,3987.945,7132.263,70986.22,2384.025,866.0,4493.443,24772.03,135719.9,14558.38
2012-10-01,11010.93,4016.537,4476.373,2859.469,16984.97,4215.978,7529.997,19060.85,1920.803,4820.731,37890.19,2560.236,139979.0,17176.92,602.0,180790.5,2395.352,26359.37,324534.6,28965.0,3522.225,1462.566,3813.76,1838.256,161.9319,3248.761,21764.66,56690.0,23232.47,1241.895,236.6686,864.8557,46307.94,8331.517,2535.692,2043.415,553157.2,14934.48,4008.041,7183.684,70848.61,2378.437,898.0,4480.676,24756.83,135880.4,14523.85
2012-07-01,10984.87,4016.624,4490.682,2862.77,16901.33,4234.185,7560.279,19067.04,1913.781,4819.42,37925.49,2565.798,140456.2,17389.48,608.0,181222.0,2403.378,26339.75,324012.9,28840.0,3547.513,1553.637,3822.485,1830.363,161.2645,3254.764,21879.46,56826.67,23256.45,1249.848,235.7064,864.1218,46869.13,8347.99,2525.736,2065.193,553087.8,14905.21,4088.927,7192.705,70871.23,2385.806,903.0,4480.278,24227.56,135300.2,14561.62
2012-04-01,10960.74,4018.275,4486.944,2839.432,16829.9,4210.435,7495.997,19136.06,1900.021,4803.635,37752.28,2573.272,140759.8,17565.59,597.0,181394.5,2396.381,26332.55,323614.5,28742.0,3626.85,1533.903,3779.737,1826.922,161.332,3217.019,21947.76,56926.67,23257.61,1246.967,233.3822,840.2131,46651.27,8342.733,2521.004,2078.082,552404.1,14916.33,4147.793,7177.909,70936.3,2382.303,896.0,4475.166,24044.54,135083.4,14330.02
2012-01-01,10931.99,4002.564,4462.0,2853.329,16739.2,4197.403,7475.34,19048.01,1924.5,4797.314,37578.05,2560.495,141060.0,17775.01,587.0,181720.0,2400.889,26309.32,322731.8,28568.0,3738.412,1514.895,3755.019,1827.459,159.4716,3192.789,21970.11,56913.33,23141.6,1238.29,228.9428,827.8094,45804.65,8347.76,2514.568,2084.009,550221.6,14888.98,4176.239,7157.703,70371.15,2381.454,901.0,4463.88,23654.88,134653.8,14284.08
2011-10-01,10888.65,3982.741,4487.496,2880.644,16709.43,4185.922,7392.076,18913.59,1857.063,4792.225,37815.4,2564.01,141362.3,17983.89,594.0,181965.8,2401.969,26310.62,322204.7,28471.0,3811.364,1571.422,3742.056,1835.849,157.5715,2946.989,21962.55,57153.33,23070.61,1227.479,221.8326,853.849,45849.43,8339.967,2507.729,2083.271,549507.4,14863.57,4236.33,7118.081,70303.25,2367.361,905.0,4474.702,23764.14,133782.3,14336.41
2011-07-01,10882.31,3999.707,4445.744,2881.197,16729.73,4181.376,7374.235,18519.39,1791.375,4794.017,37666.72,2598.858,141691.3,18217.99,602.0,182179.4,2396.935,26319.67,321498.6,28429.0,3918.392,1594.161,3727.357,1828.889,159.3197,2918.08,22010.35,57053.33,22937.09,1222.002,222.5778,846.1221,45031.53,8310.738,2493.996,2081.179,547569.3,14843.42,4298.854,7088.96,70189.05,2369.2,915.0,4474.424,23668.59,133289.8,14118.38
2011-04-01,10857.69,3979.64,4518.94,2873.166,16677.07,4162.649,7380.757,18245.81,1714.803,4796.809,37513.64,2605.22,142038.0,18448.57,579.0,182510.7,2394.899,26351.58,321418.8,28559.0,4016.815,1564.589,3719.576,1849.059,160.4355,2924.13,22066.5,57256.67,22940.74,1229.988,220.5147,832.2358,44613.04,8306.191,2481.194,2082.413,546621.2,14825.88,4332.116,7092.912,69870.88,2369.755,909.0,4462.357,23242.16,132994.4,13921.81
2011-01-01,10860.53,3965.911,4429.82,2905.993,16679.87,4147.052,7260.976,18170.15,1750.041,4802.549,37177.24,2582.412,141844.5,18433.55,566.0,182484.1,2381.197,26325.13,321140.4,28552.0,4105.429,1604.928,3707.911,1844.202,158.6733,2906.401,22108.6,57423.33,22733.23,1222.532,224.7749,817.7932,44192.15,8323.104,2472.08,2080.737,545273.6,14804.13,4363.7,7169.047,69842.79,2365.683,898.0,4437.517,23125.01,132874.2,13903.59
2010-10-01,10816.5,3974.863,4504.427,2949.151,16589.47,4103.279,7185.378,17953.88,1830.654,4814.929,37023.62,2585.775,141750.4,18505.71,576.0,182093.6,2380.055,26334.74,320568.4,28444.0,4193.1,1646.133,3705.54,1846.635,158.4944,2905.808,22021.65,57283.33,22616.46,1242.52,220.4803,838.825,43587.29,8327.396,2460.707,2066.005,543210.2,14777.83,4356.606,7167.244,69502.79,2382.19,930.0,4400.462,22394.03,132871.6,13898.15
2010-07-01,10733.11,3951.276,4443.035,2974.269,16542.93,4106.683,7110.984,17956.19,1823.774,4814.26,36906.25,2607.605,141599.4,18545.1,565.0,182177.6,2375.678,26384.64,320560.7,28526.0,4256.868,1641.58,3709.706,1874.448,157.4425,2860.935,21898.28,57380.0,22534.5,1230.758,219.2492,838.1023,44144.21,8314.952,2446.284,2070.411,543089.9,14766.5,4350.544,7179.938,69359.65,2371.246,931.0,4388.046,22031.27,132922.6,13647.78
2010-04-01,10647.1,3926.78,4415.675,3012.199,16479.73,4083.855,6959.544,17641.57,,4805.533,36770.63,2613.936,141533.0,18582.88,540.0,182164.0,2374.333,26329.56,319930.7,28367.0,4321.375,1634.155,3694.221,1888.806,158.5473,2837.594,21967.27,57136.67,22479.97,1211.588,217.8212,813.2188,44314.38,8310.921,2447.308,2058.971,541739.5,14724.91,4361.482,7228.248,69070.45,2368.757,936.0,4354.034,21939.69,132879.8,13808.72
2010-01-01,10621.51,3922.081,4438.863,3029.381,16379.23,4056.182,6862.966,17573.26,,4803.778,36678.5,2587.183,141712.3,18661.31,535.0,182264.8,2367.934,26303.05,319326.7,28231.0,4382.657,1672.932,3695.933,1902.111,158.5158,2788.563,21959.8,57323.33,22290.24,1213.134,216.7493,807.854,43698.82,8297.73,2439.701,2061.212,539789.7,14645.77,4390.368,7179.57,68600.27,2366.807,933.0,4320.458,21645.32,132451.8,13797.25
2009-10-01,10555.55,3912.804,4402.833,3070.771,16332.7,,6357.719,17442.37,,4825.161,37664.5,2602.289,142483.1,18715.97,563.0,183201.6,2373.443,26192.39,320073.6,28331.0,4419.903,1694.691,3702.586,1923.551,158.6987,2785.467,21986.84,57260.0,22211.21,1252.294,215.2117,838.7227,43950.39,8305.289,2439.692,2055.583,540408.3,15088.94,4386.003,7282.886,68580.34,2382.873,950.0,4328.792,21270.4,132306.2,13973.04
2009-07-01,10493.11,3904.7,4370.115,3115.816,16260.53,,6295.191,17115.35,,4829.556,37071.34,2661.898,142622.7,18823.24,576.0,183883.2,2380.915,26244.0,320678.0,28312.0,4454.081,1716.844,3703.837,1949.057,160.1936,2763.639,22121.1,57390.0,22146.49,1296.972,215.7928,851.0031,43507.83,8366.356,2441.263,2051.517,539987.3,15064.5,4383.158,7409.305,,2409.681,960.0,4329.6,20886.23,133279.0,13829.8
2009-04-01,10493.91,3904.631,4385.567,3192.403,16284.4,4140.0,6255.517,17211.71,,4853.73,37207.04,2675.968,143457.5,18996.45,580.0,184962.2,2385.499,26331.81,322131.4,28360.0,4471.484,1724.764,3725.367,1980.9,158.7346,2741.052,22198.91,57423.33,22092.16,1298.064,217.079,876.0862,42859.33,8418.444,2460.281,2073.569,540786.0,15037.1,4450.244,7470.263,,2433.333,948.0,4360.447,20391.96,134325.9,14356.96
2009-01-01,10507.86,3916.866,4399.486,3246.01,16377.5,,6291.169,16724.09,,4920.453,37295.12,2693.745,144237.6,19294.33,590.0,186285.0,2436.143,26385.81,324415.5,28658.0,4491.531,1696.401,3737.409,2024.493,160.373,2748.843,22280.16,57933.33,22089.74,1312.67,211.5166,925.188,42887.37,8463.911,2470.764,2072.031,543268.5,15044.45,4486.595,7575.547,,2460.114,935.0,4397.16,20241.71,135485.5,14615.5
2008-10-01,10527.27,3932.102,4412.225,3301.668,16592.73,,6383.641,16110.5,,4939.911,38012.73,2746.266,143974.1,19911.49,627.2361,189245.1,2501.406,26589.66,328973.5,28821.0,4522.69,1719.659,3802.579,2102.431,168.8647,2720.9,22635.2,58396.67,22223.45,1383.827,197.4744,970.7599,42600.6,8265.145,2461.24,2107.132,549415.8,15660.59,4767.471,8904.017,,2443.703,980.0328,4470.241,20611.01,137925.5,14768.7
2008-07-01,10498.4,3924.085,4427.834,3311.808,16581.73,,6378.218,16354.87,,4938.069,38098.54,2752.82,144693.5,20287.47,631.608,190070.8,2493.4,26554.49,330441.8,28888.0,4520.531,1747.616,3823.1,2144.331,171.026,2706.033,22745.35,58476.67,22259.29,1398.711,203.2381,1005.657,42838.33,8258.615,2465.293,2103.577,552004.5,15602.1,4784.49,8870.234,,2448.422,985.4082,4502.129,20765.65,139097.0,14548.51
2008-04-01,10456.92,3939.595,4397.012,3305.91,16572.27,4111.6,6342.602,16322.59,,4936.865,37683.84,2762.438,144453.2,20455.88,634.0875,190071.2,2501.677,26550.45,331219.3,29029.0,4534.03,1728.954,3814.485,2175.137,172.3945,2699.743,22741.86,58723.33,22285.1,1401.895,205.9459,1027.69,43119.37,8243.551,2457.437,2105.784,553007.9,15502.78,4804.877,8883.079,,2405.202,968.1789,4504.39,20721.44,139918.5,14584.5
2008-01-01,10389.45,3918.717,4417.529,3305.514,16576.4,,6328.439,16388.57,,4919.155,37814.19,2745.476,144554.5,20611.06,635.8683,190159.9,2492.317,26525.41,331552.4,29001.0,4514.149,1703.671,3831.937,2187.401,170.0148,2685.324,22672.09,58643.33,22239.39,1403.166,200.7417,1031.193,42918.98,8197.589,2445.63,2072.208,552733.9,15464.23,4785.862,8871.471,,2396.373,967.0801,4498.439,20435.2,140320.0,14437.74
2007-10-01,10302.38,3882.156,4405.697,3258.94,16515.87,,6233.708,16279.1,,4884.34,37653.52,2740.974,143923.3,20584.55,628.467,188921.8,2477.395,26430.51,331581.8,28918.0,4500.437,1707.13,3841.542,2190.352,170.8126,2641.492,22614.86,58880.0,22183.09,1410.98,200.3936,1032.655,42960.59,8115.965,2428.014,2108.251,551531.5,15209.93,4777.634,8864.604,,2380.482,959.6785,4482.941,20141.77,140569.0,
2007-07-01,10230.33,3885.209,4355.823,3216.579,16460.97,,6163.333,16078.72,,4867.016,37515.71,2749.427,143573.5,20501.25,637.2084,188203.3,2465.661,26268.57,330925.6,28771.0,4484.932,1704.948,3866.402,2185.819,169.7909,2642.439,22622.83,58830.0,22089.98,1432.909,205.6743,1017.642,41986.62,8088.99,2390.274,2094.497,549182.6,15022.49,4771.652,8846.761,,2351.281,963.264,4474.527,20289.84,140456.5,13608.0
2007-04-01,10167.94,3850.518,4326.213,3188.392,16352.43,4015.5,6173.358,15936.06,,4846.835,37327.0,2766.237,142779.9,20411.52,635.6129,187411.4,2456.038,26138.56,330306.1,28696.0,4464.801,1690.617,3884.212,2175.806,169.051,2606.281,22460.42,59106.67,22041.57,1429.705,198.4576,1012.235,42035.63,8041.25,2367.362,2097.53,547833.9,14949.45,4735.672,8843.295,,2339.097,961.4086,4439.952,20214.53,140225.0,
2007-01-01,10080.72,3836.717,4304.466,3171.089,16306.83,,6168.391,15689.93,,4825.409,37092.38,2778.163,141926.5,20250.08,628.0116,186394.1,2435.006,26007.35,329567.1,28566.0,4454.63,1672.305,3897.944,2156.323,168.5454,2570.288,22371.39,58760.0,22003.16,1416.406,205.8745,999.669,41833.04,7983.395,2347.75,2089.823,545947.4,14804.03,4739.641,8815.24,,2331.041,943.6489,4415.779,20228.36,140463.2,13325.0
2006-10-01,10020.98,3809.001,4298.114,3131.98,16182.7,,6103.991,,,4790.931,36962.61,2779.063,141223.6,20070.92,629.8388,185318.0,2431.702,25975.02,328944.7,28576.0,4455.358,1553.432,3907.178,2034.498,164.9608,2537.644,22405.59,58753.33,21890.51,1401.469,,1005.024,41726.21,7907.727,2334.052,2068.761,544699.8,14600.44,4742.067,8813.602,,2315.925,935.497,4393.368,20292.9,140089.5,
2006-07-01,9975.626,3804.897,4241.915,3086.546,16129.67,,6031.371,,,4769.942,36717.24,2775.954,140552.6,19844.65,622.1045,184405.4,2421.479,25857.38,327829.6,28548.0,4457.813,1536.383,3894.801,2014.447,162.8115,2518.789,22344.03,58793.33,21826.98,1400.061,,1000.713,41544.04,7848.838,2317.036,2072.44,542306.7,14461.71,4761.002,8886.667,,2301.678,937.1944,4375.032,19986.82,139440.0,13601.0
2006-04-01,9874.377,3775.16,4206.11,3063.613,16098.57,3953.9,5787.164,,,4765.228,36567.23,2743.364,140026.7,19700.3,631.8801,183338.7,2401.383,25695.77,326861.3,28488.0,4426.335,1502.334,3911.038,1991.338,161.6525,2501.296,22450.37,58826.67,21803.05,1407.541,,991.5517,41165.85,7803.855,2293.608,2077.634,539747.6,14241.98,4757.777,8837.101,,2294.784,940.813,4329.594,19794.86,138734.7,
2006-01-01,9795.568,3740.842,4185.461,3005.06,15983.9,,5727.255,,,4751.6,36285.12,2748.219,139301.0,19553.33,620.7767,182284.0,2409.837,25642.83,325618.4,28441.0,4421.793,1511.451,3902.983,1978.117,158.6753,2465.771,22353.11,58786.67,21747.12,1411.229,,969.012,40972.27,7789.88,2286.003,2061.266,537188.2,14049.67,4741.353,8813.131,,2268.113,933.2955,4309.405,19464.02,138125.8,13237.0
2005-10-01,9748.803,3732.532,4206.614,2976.939,15913.63,,5612.023,,,4735.178,36071.72,2739.014,138323.1,19375.41,603.0555,181327.6,2397.653,25597.83,324046.2,28281.0,4391.741,1511.59,3882.347,1946.8,156.2254,2467.211,22139.45,58536.67,21626.99,1423.425,,961.0828,40645.86,7762.889,2257.123,2050.93,535187.8,13993.32,4729.11,8749.829,,2237.183,930.9811,4299.928,,137505.9,
2005-07-01,9728.001,3728.531,4197.935,2973.063,15842.73,,5596.353,,,4729.351,35919.15,2701.962,137772.2,19199.58,587.6644,180381.7,2372.933,25604.25,323623.0,28356.0,4350.792,1499.808,3886.596,1929.856,152.994,2426.331,21972.12,58793.33,21535.22,1411.666,,937.0704,40222.25,7737.655,2247.97,2042.048,533260.9,13875.64,4721.193,8428.311,,2212.137,925.2576,4269.726,,137135.5,13035.0
2005-04-01,9675.943,3697.992,4195.138,2928.058,15768.37,3887.1,5584.208,,,4698.503,35731.06,2688.405,137374.6,18994.63,596.0767,179693.4,2371.407,25632.56,322341.9,28225.0,4355.195,1511.822,3871.177,1903.737,153.9897,2413.151,22059.16,58626.67,21520.1,1409.952,,943.0879,39708.54,7715.129,2231.924,2012.607,530652.3,13748.72,4721.784,8686.038,,2195.156,920.8038,4256.712,,136299.0,
2005-01-01,9591.114,3686.044,4197.212,2909.94,15752.63,,5571.975,,,4676.969,35656.77,2695.819,137014.4,18702.38,587.9034,179089.7,2368.207,25568.36,321380.2,28220.0,4344.972,1522.579,3874.38,1880.107,152.1909,2395.207,22070.88,58526.67,21498.39,1409.857,,928.459,39810.81,7689.828,2234.583,2006.215,528841.9,13718.91,4719.714,8740.922,,2183.823,922.2575,4226.233,,135584.9,12503.0
2004-10-01,9501.431,3675.161,4137.1,2904.885,15712.53,,,,,4660.251,,2688.749,,18394.68,576.8799,,2353.866,25487.25,,28129.0,4333.38,1500.17,3869.667,1859.509,150.7109,2363.112,22133.34,58500.0,21509.73,,,936.9548,,8007.16,2232.137,2011.48,,13638.64,4746.031,8707.188,,2175.849,915.8127,4220.543,,135221.0,
2004-07-01,9389.991,3662.858,4106.245,2884.995,15663.57,,,,,4644.432,,2708.538,,18100.04,575.9872,,2353.233,25469.62,,27987.0,4309.804,1487.808,3861.525,1836.033,148.6175,2346.582,22077.68,58523.33,21416.96,,,935.517,,8031.509,2231.379,1978.481,,13518.53,4735.503,8599.07,,2171.709,927.7297,4222.378,,134661.9,12265.0
2004-04-01,9361.048,3645.271,4121.386,2875.099,15627.73,3865.0,,,,4630.506,,2700.642,,17874.46,583.3879,,2336.245,25394.06,,27924.0,4310.928,1513.17,3872.521,1815.957,148.5909,2329.328,21992.82,58443.33,21418.33,,,932.9169,,8004.021,2225.456,1953.15,,13452.1,4742.355,8645.266,,2150.268,921.1321,4216.111,,134128.1,
2004-01-01,9311.251,3621.109,4089.568,2842.621,15544.2,,,,,4618.911,,2675.571,,17758.92,582.345,,2335.756,25319.07,,27929.0,4286.288,1519.652,3894.787,1809.301,148.4806,2317.479,21875.67,58496.67,21465.19,,,936.7113,,8012.61,2217.228,1943.989,,13404.83,4746.31,8588.476,,2142.575,905.1255,4222.267,,133683.7,11823.0
2003-10-01,9289.07,3771.647,4093.305,2822.845,15496.7,,,,,4626.263,,2663.407,,17645.85,589.7281,,2331.366,25290.29,,27773.0,4278.022,1495.994,3912.489,1794.765,147.4962,2303.984,21746.55,58536.67,21173.39,,,932.8156,,8000.294,2215.125,1929.688,,13337.87,4754.364,8567.978,,2150.738,895.2321,4226.711,,133577.6,
2003-07-01,9232.64,3760.658,4035.292,2801.339,15389.13,,,,,4635.216,,2670.803,,17463.22,587.9562,,2344.675,25318.47,,27725.0,4267.819,1480.599,3906.144,1776.959,151.1339,2274.475,21775.63,58396.67,21095.31,,,941.0281,,8034.204,2217.324,1926.328,,13309.64,4758.449,8634.583,,2160.528,871.6353,4235.204,,132994.0,11959.0
2003-04-01,9204.714,3764.648,4031.501,2768.202,15324.87,3856.6,,,,4651.302,,2660.569,,17282.18,577.5578,,2349.146,25283.1,,27711.0,4253.92,1471.696,3902.145,1771.01,149.1037,2257.231,21696.02,58316.67,21050.94,,,938.0265,,8051.566,2216.7,1896.327,,13365.85,4762.92,8615.834,,2164.291,873.7938,4254.734,,133068.9,
2003-01-01,9216.524,3756.846,4026.501,2747.813,15316.5,,,,,4675.719,,2667.421,,17077.04,573.2579,,2354.713,25355.14,,27591.0,4237.139,1480.311,3868.323,1760.666,148.3662,2246.91,21621.61,58333.33,21071.96,,,939.7298,,8080.136,2223.651,1885.357,,13282.94,4784.067,8588.906,,2142.343,874.8387,4250.751,,132897.2,11666.0
2002-10-01,9130.633,3699.445,4052.644,2732.452,15219.83,,,,,4690.514,,2673.9,,16906.78,568.1289,,2351.972,,,27618.0,4222.699,1494.731,3857.037,1751.359,,2247.529,21541.79,58470.0,21142.4,,,945.1664,,8107.81,2226.005,1878.909,,13363.75,4778.24,8826.478,,2131.594,876.6453,4251.088,,132382.1,
2002-07-01,9054.776,3675.418,4064.667,2703.659,15144.77,,,,,4688.66,,2674.134,,16743.31,570.0662,,2354.199,,,27459.0,4194.978,1482.902,3846.136,1744.63,,2225.375,21510.4,58486.67,21154.56,,,932.444,,8094.651,2241.816,1862.971,,13420.82,4823.151,8822.419,,2114.953,882.488,4247.912,,132344.0,11935.0
2002-04-01,8982.953,3678.614,4031.314,2704.401,14987.53,3864.9,,,,4678.976,,2694.956,,16633.75,572.6666,,2357.464,,,27457.0,4174.495,1470.391,3850.292,1740.594,,2218.4,21425.28,58423.33,21103.16,,,933.4291,,8091.347,2249.28,1856.551,,13494.65,4827.553,8831.464,,2111.436,896.7724,4249.472,,131963.3,
2002-01-01,8951.27,3673.723,4040.475,2693.589,14830.97,,,,,4649.651,,2694.61,,16460.75,570.8384,,2353.465,,,27324.0,4109.828,1479.175,3848.135,1730.117,,2211.896,21434.23,58776.67,20950.44,,,910.7604,,8062.392,2241.7,1853.169,,13602.09,4832.655,8851.34,,2114.318,899.7943,4260.428,,131974.4,11994.0
2001-10-01,8909.479,3702.226,4009.999,2663.421,14751.1,,,,,4630.184,,2726.756,,16253.86,577.1488,,2361.138,,,27325.0,4096.165,,3835.067,1726.262,,2195.777,21283.64,58993.33,20774.55,,,,,8035.23,2231.86,1831.188,,13672.49,4833.061,9470.395,,2118.175,892.1024,4251.298,,132015.4,
2001-07-01,8886.647,3688.51,4052.177,2688.213,14731.63,,,,,4622.793,,2706.817,,16118.62,580.4407,,2346.246,,,27258.0,4122.404,,3854.803,1721.224,,2221.815,21218.51,59103.33,20678.74,,,,,8007.351,2228.943,1808.305,,13838.21,4812.694,9542.403,,2118.333,901.0312,4248.099,,132417.8,11659.0
2001-04-01,8872.018,3694.899,4011.982,2665.668,14726.93,3836.8,,,,4627.529,,2675.4,,15939.89,567.4836,,2354.919,,,27274.0,4112.729,,3847.729,1704.539,,2212.285,21076.26,59446.67,20591.55,,,,,7995.292,2232.732,1799.357,,13910.42,4795.559,9517.619,,2118.331,887.9306,4248.292,,132843.4,
2001-01-01,8812.93,3697.466,4057.542,2669.698,14694.8,,,,,4641.894,,2690.328,,15844.53,563.0269,,2337.297,,,27212.0,4124.802,,3861.601,1695.376,,2204.723,21098.49,59740.0,20158.96,,,,,7980.827,2225.364,1791.851,,14044.49,4796.186,9584.483,,2106.862,890.0358,4246.912,,133404.2,12493.0
2000-10-01,8793.948,3686.517,4056.135,2771.435,14670.27,,,,,4628.464,,2704.779,,15691.9,567.0417,,2334.121,,,27114.0,4041.045,,3837.59,1682.529,,2192.493,21027.67,59733.33,20349.6,,,,,7906.542,2225.998,1789.252,,14128.22,4779.28,9652.542,,2103.954,885.9488,,,133105.4,
2000-07-01,8844.283,3675.05,4097.14,2759.189,14566.77,,,,,4630.769,,2683.208,,15502.92,572.3475,,2332.893,,,27113.0,4008.9,,3813.209,1668.359,,2185.214,20842.26,59616.67,20314.61,,,,,7849.473,2229.173,1774.496,,14146.42,4759.421,9550.215,,2097.051,884.8318,,,132565.5,12336.0
2000-04-01,8748.89,3679.43,4086.05,2775.537,14523.07,3775.8,,,,4621.179,,2691.534,,15306.59,570.4598,,2321.312,,,27013.0,3985.412,,3790.122,1653.883,,2172.57,20657.78,59696.67,20109.86,,,,,7805.982,2229.864,1748.584,,14166.85,4722.532,9573.305,,2087.255,870.8052,,,132789.2,
2000-01-01,8647.11,3680.203,4030.576,2767.04,14466.27,,,,,4618.889,,2695.08,,15095.88,555.551,,2285.374,,,26895.0,3948.943,,3782.079,1633.83,,2135.622,20482.19,59496.67,19927.7,,,,,7713.803,2216.565,1754.268,,14177.3,4705.267,9582.639,,2095.639,867.9142,,,132381.2,
1999-10-01,8619.349,3656.854,3994.673,,14350.23,,,,,4635.137,,2655.899,,14870.29,,,2289.818,,,26858.0,3935.919,,3781.971,1615.487,,2129.495,20459.15,59746.67,19895.03,,,,,,,1757.17,,,4671.058,9540.542,,2097.565,864.7514,,,130332.1,
1999-07-01,8555.374,3663.46,4007.262,,14235.33,,,,,4639.057,,2682.5,,14674.45,,,2283.907,,,26760.0,3928.264,,3772.684,1596.869,,2089.048,20392.83,59800.0,19582.67,,,,,,,1737.565,,,4658.914,9613.089,,2114.083,858.3279,,,129715.7,
1999-04-01,8504.829,3659.752,3955.509,,14140.63,3760.5,,,,4657.088,,2689.465,,14491.98,,,2293.718,,,26636.0,3930.511,,3768.139,1570.986,,2066.904,20320.75,59746.67,,,,,,,,1725.275,,,4636.161,9632.797,,2130.553,860.2546,,,129337.5,
1999-01-01,8472.071,3674.534,3962.556,,14059.9,,,,,4679.217,,2694.064,,14295.98,,,2255.357,,,26589.0,3954.105,,3753.706,,,2054.153,20256.57,59873.33,,,,,,,,1723.49,,,4620.767,9606.272,,2159.298,858.5661,,,129116.7,
1998-10-01,8448.534,,,,13968.9,,,,,4717.297,,,,,,,2223.402,,,26524.0,3947.078,,,,,2040.237,20179.69,60103.33,,,,,,,,1708.275,,,4606.72,9664.719,,,,,,128451.4,
1998-07-01,8404.066,,,,13874.63,,,,,4741.229,,,,,,,2206.612,,,26407.0,3934.387,,,,,2027.924,20143.15,60310.0,,,,,,,,1713.658,,,4576.872,9702.53,,,,,,127921.5,
1998-04-01,8362.582,,,,13774.63,3734.6,,,,4774.831,,,,,,,2145.197,,,26270.0,3908.121,,,,,1995.745,20073.58,60406.67,,,,,,,,1711.174,,,4578.224,9751.518,,,,,,127548.4,
1998-01-01,8315.893,,,,13700.13,,,,,4802.044,,,,,,,2175.388,,,26244.0,3877.115,,,,,2011.094,19966.28,60706.67,,,,,,,,1721.892,,,4539.985,,,,,,,127060.5,
1997-10-01,8283.18,,,,13644.93,,,,,,,,,,,,,,,26192.0,,,,,,1995.298,,60773.33,,,,,,,,1726.314,,,,,,,,,,126715.3,
1997-07-01,8224.954,,,,13564.5,,,,,,,,,,,,,,,26122.0,,,,,,1987.733,,60913.33,,,,,,,,1728.983,,,,,,,,,,126269.3,
1997-04-01,8211.49,,,,13424.83,,,,,,,,,,,,,,,26078.0,,,,,,1995.376,,60950.0,,,,,,,,1725.665,,,,,,,,,,125490.0,
1997-01-01,8215.302,,,,13347.57,,,,,,,,,,,,,,,25960.0,,,,,,1979.392,,60890.0,,,,,,,,1718.438,,,,,,,,,,124723.2,
1996-10-01,8189.944,,,,13253.5,,,,,,,,,,,,,,,25781.0,,,,,,1966.128,,60450.0,,,,,,,,1715.67,,,,,,,,,,124148.9,
1996-07-01,8180.286,,,,13242.87,,,,,,,,,,,,,,,25640.0,,,,,,1967.699,,60553.33,,,,,,,,1728.228,,,,,,,,,,123497.7,
1996-04-01,8177.973,,,,13216.23,,,,,,,,,,,,,,,25589.0,,,,,,1964.255,,60323.33,,,,,,,,1714.153,,,,,,,,,,122593.1,
1996-01-01,8168.917,,,,13175.57,,,,,,,,,,,,,,,25555.0,,,,,,1935.618,,60180.0,,,,,,,,1695.549,,,,,,,,,,121852.3,
1995-10-01,8146.733,,,,13153.03,,,,,,,,,,,,,,,25549.0,,,,,,1921.992,,60146.67,,,,,,,,1682.892,,,,,,,,,,121605.1,
1995-07-01,8106.261,,,,13109.4,,,,,,,,,,,,,,,25414.0,,,,,,1917.901,,60216.67,,,,,,,,1674.219,,,,,,,,,,121326.0,
1995-04-01,8057.135,,,,13082.67,,,,,,,,,,,,,,,25317.0,,,,,,1895.135,,60186.67,,,,,,,,1657.683,,,,,,,,,,121040.6,
1995-01-01,7969.112,,,,13072.63,,,,,,,,,,,,,,,25221.0,,,,,,1891.271,,60213.33,,,,,,,,1636.406,,,,,,,,,,121004.5,
1994-10-01,7889.857,,,,13038.57,,,,,,,,,,,,,,,25149.0,,,,,,,,60180.0,,,,,,,,1616.969,,,,,,,,,,120667.2,
1994-07-01,7845.089,,,,12931.63,,,,,,,,,,,,,,,25128.0,,,,,,,,60196.67,,,,,,,,1597.36,,,,,,,,,,119654.6,
1994-04-01,7737.437,,,,12798.63,,,,,,,,,,,,,,,25028.0,,,,,,,,60406.67,,,,,,,,1579.578,,,,,,,,,,118990.5,
1994-01-01,7682.488,,,,12687.2,,,,,,,,,,,,,,,24997.0,,,,,,,,60236.67,,,,,,,,1557.393,,,,,,,,,,118294.9,
1993-10-01,7630.539,,,,12666.43,,,,,,,,,,,,,,,24898.0,,,,,,,,60480.0,,,,,,,,1543.547,,,,,,,,,,117751.5,
1993-07-01,7552.712,,,,12621.6,,,,,,,,,,,,,,,24893.0,,,,,,,,60403.33,,,,,,,,1531.221,,,,,,,,,,117200.7,
1993-04-01,7525.27,,,,12582.37,,,,,,,,,,,,,,,24872.0,,,,,,,,60333.33,,,,,,,,1517.775,,,,,,,,,,116674.0,
1993-01-01,7532.41,,,,12591.4,,,,,,,,,,,,,,,24847.0,,,,,,,,60276.67,,,,,,,,1505.858,,,,,,,,,,115999.5,
1992-10-01,7510.059,,,,12547.77,,,,,,,,,,,,,,,24904.0,,,,,,,,60566.67,,,,,,,,1498.989,,,,,,,,,,115509.3,
1992-07-01,7548.915,,,,12506.83,,,,,,,,,,,,,,,25051.0,,,,,,,,60240.0,,,,,,,,1489.878,,,,,,,,,,115447.3,
1992-04-01,7523.056,,,,12536.03,,,,,,,,,,,,,,,25121.0,,,,,,,,60140.0,,,,,,,,1499.366,,,,,,,,,,115088.4,
1992-01-01,7533.357,,,,12570.8,,,,,,,,,,,,,,,25244.0,,,,,,,,60300.0,,,,,,,,1485.767,,,,,,,,,,114582.9,
1991-10-01,7513.647,,,,12644.87,,,,,,,,,,,,,,,25370.0,,,,,,,,60093.33,,,,,,,,1478.609,,,,,,,,,,114412.4,
1991-07-01,7536.4,,,,12671.63,,,,,,,,,,,,,,,25572.0,,,,,,,,59953.33,,,,,,,,1482.253,,,,,,,,,,114412.8,
1991-04-01,7584.268,,,,12679.37,,,,,,,,,,,,,,,25803.0,,,,,,,,59730.0,,,,,,,,1492.172,,,,,,,,,,114432.5,
1991-01-01,7632.705,,,,12657.07,,,,,,,,,,,,,,,26056.0,,,,,,,,59556.67,,,,,,,,1495.467,,,,,,,,,,114441.4,
1990-10-01,7716.019,,,,12804.23,,,,,,,,,,,,,,,26263.0,,,,,,,,59260.0,,,,,,,,1505.976,,,,,,,,,,115059.7,
1990-07-01,7773.035,,,,12922.27,,,,,,,,,,,,,,,26405.0,,,,,,,,59006.67,,,,,,,,1510.228,,,,,,,,,,115389.8,
1990-04-01,7786.06,,,,12929.63,,,,,,,,,,,,,,,26447.0,,,,,,,,58816.67,,,,,,,,1520.663,,,,,,,,,,115594.8,
1990-01-01,7756.591,,,,12914.23,,,,,,,,,,,,,,,26411.0,,,,,,,,58626.67,,,,,,,,1510.333,,,,,,,,,,115504.7,
1989-10-01,7726.46,,,,12877.93,,,,,,,,,,,,,,,26390.0,,,,,,,,58276.67,,,,,,,,1502.41,,,,,,,,,,114612.2,
1989-07-01,7671.257,,,,12840.97,,,,,,,,,,,,,,,26309.0,,,,,,,,58080.0,,,,,,,,1495.603,,,,,,,,,,114220.5,
1989-04-01,7595.875,,,,12774.57,,,,,,,,,,,,,,,26248.0,,,,,,,,57870.0,,,,,,,,1493.262,,,,,,,,,,113704.9,
1989-01-01,7502.948,,,,12751.77,,,,,,,,,,,,,,,26116.0,,,,,,,,57470.0,,,,,,,,1509.625,,,,,,,,,,113426.9,
1988-10-01,7395.172,,,,12629.23,,,,,,,,,,,,,,,25896.0,,,,,,,,57163.33,,,,,,,,1530.102,,,,,,,,,,112743.5,
1988-07-01,7321.99,,,,12550.53,,,,,,,,,,,,,,,25722.0,,,,,,,,56966.67,,,,,,,,1531.486,,,,,,,,,,112062.0,
1988-04-01,7258.792,,,,12512.7,,,,,,,,,,,,,,,25541.0,,,,,,,,56880.0,,,,,,,,1556.711,,,,,,,,,,111381.7,
1988-01-01,7203.329,,,,12456.6,,,,,,,,,,,,,,,25368.0,,,,,,,,56526.67,,,,,,,,1570.3,,,,,,,,,,110914.1,
1987-10-01,7091.766,,,,12355.7,,,,,,,,,,,,,,,25157.0,,,,,,,,56426.67,,,,,,,,1591.786,,,,,,,,,,110452.2,
1987-07-01,7063.34,,,,12200.3,,,,,,,,,,,,,,,24936.0,,,,,,,,56176.67,,,,,,,,1598.566,,,,,,,,,,109769.2,
1987-04-01,7011.32,,,,12113.0,,,,,,,,,,,,,,,24695.0,,,,,,,,55836.67,,,,,,,,1597.026,,,,,,,,,,109145.3,
1987-01-01,6961.518,,,,11977.27,,,,,,,,,,,,,,,24516.0,,,,,,,,55650.0,,,,,,,,1597.322,,,,,,,,,,108208.0,
1986-10-01,6935.229,,,,11905.43,,,,,,,,,,,,,,,24447.0,,,,,,,,55670.0,,,,,,,,1582.194,,,,,,,,,,107612.2,
1986-07-01,6902.33,,,,11861.57,,,,,,,,,,,,,,,24369.0,,,,,,,,55683.33,,,,,,,,1589.127,,,,,,,,,,107054.2,
1986-04-01,6894.548,,,,11840.77,,,,,,,,,,,,,,,24291.0,,,,,,,,55386.67,,,,,,,,1591.278,,,,,,,,,,106268.4,
1986-01-01,6803.279,,,,11749.4,,,,,,,,,,,,,,,24262.0,,,,,,,,55506.67,,,,,,,,1594.2,,,,,,,,,,105763.8,
1985-10-01,6729.935,,,,11632.47,,,,,,,,,,,,,,,24242.0,,,,,,,,55156.67,,,,,,,,,,,,,,,,,,105174.4,
1985-07-01,6647.495,,,,11531.1,,,,,,,,,,,,,,,24202.0,,,,,,,,55136.67,,,,,,,,,,,,,,,,,,104467.5,
1985-04-01,6559.542,,,,11436.53,,,,,,,,,,,,,,,24147.0,,,,,,,,55093.33,,,,,,,,,,,,,,,,,,104010.7,
1985-01-01,6516.425,,,,11340.5,,,,,,,,,,,,,,,24085.0,,,,,,,,55076.67,,,,,,,,,,,,,,,,,,103745.3,
1984-10-01,6465.695,,,,11239.97,,,,,,,,,,,,,,,24007.0,,,,,,,,55086.67,,,,,,,,,,,,,,,,,,103090.1,
1984-07-01,6438.353,,,,11187.23,,,,,,,,,,,,,,,23902.0,,,,,,,,54913.33,,,,,,,,,,,,,,,,,,102556.1,
1984-04-01,6399.288,,,,11080.37,,,,,,,,,,,,,,,23815.0,,,,,,,,54663.33,,,,,,,,,,,,,,,,,,102169.9,
1984-01-01,6326.788,,,,11026.67,,,,,,,,,,,,,,,23693.0,,,,,,,,54376.67,,,,,,,,,,,,,,,,,,100755.5,
1983-10-01,6273.369,,,,11014.5,,,,,,,,,,,,,,,23558.0,,,,,,,,54513.33,,,,,,,,,,,,,,,,,,99620.07,
1983-07-01,6216.223,,,,10957.7,,,,,,,,,,,,,,,23376.0,,,,,,,,54493.33,,,,,,,,,,,,,,,,,,98662.08,
1983-04-01,6178.328,,,,10796.87,,,,,,,,,,,,,,,23212.0,,,,,,,,54370.0,,,,,,,,,,,,,,,,,,97057.95,
1983-01-01,6200.251,,,,10673.53,,,,,,,,,,,,,,,23205.0,,,,,,,,54273.33,,,,,,,,,,,,,,,,,,96332.78,
1982-10-01,6263.988,,,,10617.67,,,,,,,,,,,,,,,23294.0,,,,,,,,53900.0,,,,,,,,,,,,,,,,,,96253.03,
1982-07-01,6329.25,,,,10661.37,,,,,,,,,,,,,,,23430.0,,,,,,,,53430.0,,,,,,,,,,,,,,,,,,96625.47,
1982-04-01,6359.602,,,,10838.13,,,,,,,,,,,,,,,23547.0,,,,,,,,53453.33,,,,,,,,,,,,,,,,,,96684.34,
1982-01-01,6374.509,,,,11002.23,,,,,,,,,,,,,,,23624.0,,,,,,,,53413.33,,,,,,,,,,,,,,,,,,96820.45,
1981-10-01,6345.264,,,,11106.7,,,,,,,,,,,,,,,23713.0,,,,,,,,53166.67,,,,,,,,,,,,,,,,,,97197.91,
1981-07-01,6348.578,,,,11187.17,,,,,,,,,,,,,,,23842.0,,,,,,,,53030.0,,,,,,,,,,,,,,,,,,97513.2,
1981-04-01,6323.706,,,,11176.13,,,,,,,,,,,,,,,23972.0,,,,,,,,52916.67,,,,,,,,,,,,,,,,,,97688.83,
1981-01-01,6279.557,,,,11078.6,,,,,,,,,,,,,,,24135.0,,,,,,,,52850.0,,,,,,,,,,,,,,,,,,97204.5,
1980-10-01,6239.746,,,,10946.47,,,,,,,,,,,,,,,24316.0,,,,,,,,52783.33,,,,,,,,,,,,,,,,,,96596.13,
1980-07-01,6221.246,,,,10825.6,,,,,,,,,,,,,,,24518.0,,,,,,,,52850.0,,,,,,,,,,,,,,,,,,96130.63,
1980-04-01,6175.923,,,,10754.67,,,,,,,,,,,,,,,24660.0,,,,,,,,52513.33,,,,,,,,,,,,,,,,,,96102.5,
1980-01-01,6131.832,,,,10720.2,,,,,,,,,,,,,,,24730.0,,,,,,,,52320.0,,,,,,,,,,,,,,,,,,96686.27,
1979-10-01,6084.97,,,,10662.37,,,,,,,,,,,,,,,24760.0,,,,,,,,52343.33,,,,,,,,,,,,,,,,,,96589.66,
1979-07-01,6023.793,,,,10571.17,,,,,,,,,,,,,,,24726.0,,,,,,,,52193.33,,,,,,,,,,,,,,,,,,96075.83,
1979-04-01,5995.327,,,,10439.27,,,,,,,,,,,,,,,24673.0,,,,,,,,52063.33,,,,,,,,,,,,,,,,,,95388.68,
1979-01-01,5973.533,,,,10337.97,,,,,,,,,,,,,,,24636.0,,,,,,,,51903.33,,,,,,,,,,,,,,,,,,95168.63,
1978-10-01,5952.82,,,,10231.13,,,,,,,,,,,,,,,24586.0,,,,,,,,51693.33,,,,,,,,,,,,,,,,,,94447.0,
1978-07-01,5945.849,,,,10121.17,,,,,,,,,,,,,,,24488.0,,,,,,,,51426.67,,,,,,,,,,,,,,,,,,93481.88,
1978-04-01,5940.653,,,,9999.333,,,,,,,,,,,,,,,24444.0,,,,,,,,51576.67,,,,,,,,,,,,,,,,,,92798.38,
1978-01-01,,,,,9903.233,,,,,,,,,,,,,,,24418.0,,,,,,,,51216.67,,,,,,,,,,,,,,,,,,91659.77,
1977-10-01,,,,,9822.033,,,,,,,,,,,,,,,24384.0,,,,,,,,51146.67,,,,,,,,,,,,,,,,,,90738.84,
1977-07-01,,,,,9759.6,,,,,,,,,,,,,,,24381.0,,,,,,,,50993.33,,,,,,,,,,,,,,,,,,89622.42,
1977-04-01,,,,,9742.733,,,,,,,,,,,,,,,24374.0,,,,,,,,50826.67,,,,,,,,,,,,,,,,,,88839.91,
1977-01-01,,,,,9714.134,,,,,,,,,,,,,,,24378.0,,,,,,,,50660.0,,,,,,,,,,,,,,,,,,87657.53,
1976-10-01,,,,,9660.0,,,,,,,,,,,,,,,24366.0,,,,,,,,50450.0,,,,,,,,,,,,,,,,,,86896.52,
1976-07-01,,,,,9608.3,,,,,,,,,,,,,,,24355.0,,,,,,,,50416.67,,,,,,,,,,,,,,,,,,86395.16,
1976-04-01,,,,,9572.6,,,,,,,,,,,,,,,24364.0,,,,,,,,49996.67,,,,,,,,,,,,,,,,,,85791.17,
1976-01-01,,,,,9497.0,,,,,,,,,,,,,,,24395.0,,,,,,,,50193.33,,,,,,,,,,,,,,,,,,84840.86,
1975-10-01,,,,,,,,,,,,,,,,,,,,24445.0,,,,,,,,49976.67,,,,,,,,,,,,,,,,,,83809.8,
1975-07-01,,,,,,,,,,,,,,,,,,,,24496.0,,,,,,,,49956.67,,,,,,,,,,,,,,,,,,83337.61,
1975-04-01,,,,,,,,,,,,,,,,,,,,24534.0,,,,,,,,49766.67,,,,,,,,,,,,,,,,,,82605.73,
1975-01-01,,,,,,,,,,,,,,,,,,,,24576.0,,,,,,,,49516.67,,,,,,,,,,,,,,,,,,82654.31,
1974-10-01,,,,,,,,,,,,,,,,,,,,24634.0,,,,,,,,49753.33,,,,,,,,,,,,,,,,,,83664.96,
1974-07-01,,,,,,,,,,,,,,,,,,,,24637.0,,,,,,,,49783.33,,,,,,,,,,,,,,,,,,84096.79,
1974-04-01,,,,,,,,,,,,,,,,,,,,24575.0,,,,,,,,50180.0,,,,,,,,,,,,,,,,,,83977.24,
1974-01-01,,,,,,,,,,,,,,,,,,,,24563.0,,,,,,,,50100.0,,,,,,,,,,,,,,,,,,83827.02,
1973-10-01,,,,,,,,,,,,,,,,,,,,24580.0,,,,,,,,50393.33,,,,,,,,,,,,,,,,,,83356.96,
1973-07-01,,,,,,,,,,,,,,,,,,,,24554.0,,,,,,,,50120.0,,,,,,,,,,,,,,,,,,82441.94,
1973-04-01,,,,,,,,,,,,,,,,,,,,24564.0,,,,,,,,49926.67,,,,,,,,,,,,,,,,,,81851.8,
1973-01-01,,,,,,,,,,,,,,,,,,,,24488.0,,,,,,,,50246.67,,,,,,,,,,,,,,,,,,80976.25,
1972-10-01,,,,,,,,,,,,,,,,,,,,24288.0,,,,,,,,49690.0,,,,,,,,,,,,,,,,,,80081.17,
1972-07-01,,,,,,,,,,,,,,,,,,,,24192.0,,,,,,,,49356.67,,,,,,,,,,,,,,,,,,79402.59,
1972-04-01,,,,,,,,,,,,,,,,,,,,24155.0,,,,,,,,48750.0,,,,,,,,,,,,,,,,,,78796.36,
1972-01-01,,,,,,,,,,,,,,,,,,,,24115.0,,,,,,,,48836.67,,,,,,,,,,,,,,,,,,78221.23,
1971-10-01,,,,,,,,,,,,,,,,,,,,24017.0,,,,,,,,48930.0,,,,,,,,,,,,,,,,,,77239.71,
1971-07-01,,,,,,,,,,,,,,,,,,,,24085.0,,,,,,,,48906.67,,,,,,,,,,,,,,,,,,76429.86,
1971-04-01,,,,,,,,,,,,,,,,,,,,24168.0,,,,,,,,49030.0,,,,,,,,,,,,,,,,,,75849.06,
1971-01-01,,,,,,,,,,,,,,,,,,,,24220.0,,,,,,,,49020.0,,,,,,,,,,,,,,,,,,75775.3,
1970-10-01,,,,,,,,,,,,,,,,,,,,,,,,,,,,48690.0,,,,,,,,,,,,,,,,,,75565.73,
1970-07-01,,,,,,,,,,,,,,,,,,,,,,,,,,,,48783.33,,,,,,,,,,,,,,,,,,75515.84,
1970-04-01,,,,,,,,,,,,,,,,,,,,,,,,,,,,48700.0,,,,,,,,,,,,,,,,,,75463.45,
1970-01-01,,,,,,,,,,,,,,,,,,,,,,,,,,,,48383.33,,,,,,,,,,,,,,,,,,75670.4,
1969-10-01,,,,,,,,,,,,,,,,,,,,,,,,,,,,48286.67,,,,,,,,,,,,,,,,,,,
1969-07-01,,,,,,,,,,,,,,,,,,,,,,,,,,,,48273.33,,,,,,,,,,,,,,,,,,,
1969-04-01,,,,,,,,,,,,,,,,,,,,,,,,,,,,48073.33,,,,,,,,,,,,,,,,,,,
1969-01-01,,,,,,,,,,,,,,,,,,,,,,,,,,,,47730.0,,,,,,,,,,,,,,,,,,,
1968-10-01,,,,,,,,,,,,,,,,,,,,,,,,,,,,47986.67,,,,,,,,,,,,,,,,,,,
1968-07-01,,,,,,,,,,,,,,,,,,,,,,,,,,,,47953.33,,,,,,,,,,,,,,,,,,,
1968-04-01,,,,,,,,,,,,,,,,,,,,,,,,,,,,47803.33,,,,,,,,,,,,,,,,,,,
1968-01-01,,,,,,,,,,,,,,,,,,,,,,,,,,,,47156.67,,,,,,,,,,,,,,,,,,,
