Date,ARG,AUS,AUT,BEL,BGR,BRA,CAN,CHE,CHL,COL,CRI,CZE,DEU,DNK,EA20,ESP,EST,EU27_2020,FIN,FRA,GBR,GRC,HRV,HUN,IDN,IND,IRL,ISL,ISR,ITA,JPN,KOR,LTU,LUX,LVA,MEX,NLD,NOR,NZL,POL,PRT,ROU,RUS,SVK,SVN,SWE,TUR,USA,ZAF
2025-04-01,,,123704.3,,,,,,,,12781057.9,,1113285.0,,,416561.0,,,,743634.3,,,,,,,,,,,,,20722.9,,,,292872.0,,,,,,,,,,,7582779.3,
2025-01-01,198107192.9,699617.0,122022.7,156357.1,52202.4,3109084.9,793566.0,209668.2,81904806.7,452132016.8,12656981.2,2085486.0,1104372.0,749040.1,3885988.5,411404.0,10036.8,4610927.5,69916.0,739480.6,738159.0,60827.4,22073.5,21304898.0,5760214408.3,85834792.3,161268.1,1211238.1,513755.0,554823.4,156330300.0,647226700.0,20524.2,22171.5,10193.3,8832970.9,289435.6,1373412.0,110403.0,944654.7,73409.1,447669.0,,33357.1,17142.4,1619752.0,13088736.3,7490511.8,1859588.0
2024-10-01,178248315.8,690122.0,122255.9,155311.6,51922.5,3033650.9,784164.0,207924.2,80424033.1,445607923.9,12509243.1,2051363.0,1094780.0,768374.3,3852702.0,406716.0,10090.0,4564778.4,69532.0,735453.7,727199.0,60560.1,21933.2,20867710.0,5673728103.6,83728877.2,153523.7,1169825.0,510138.0,552327.3,154951450.0,650046500.0,20132.7,21891.3,10499.2,8679034.4,286343.9,1313547.0,108239.0,936961.1,72947.7,451822.2,,33175.8,17107.5,1622365.0,12291915.8,7430966.0,1865867.5
2024-07-01,161016025.8,679674.0,121171.8,154448.2,50857.5,2965775.7,773197.0,207239.8,78464551.7,429775489.1,12311021.3,2026620.0,1083897.0,735898.5,3807519.3,399212.0,9929.5,4508458.6,69421.0,736068.8,719085.0,59423.1,21548.9,20542641.0,5580456975.1,81417344.4,141576.7,1167031.0,504463.0,547892.3,153218500.0,635086800.0,19776.5,21382.1,9931.1,8608216.1,282010.9,1292973.0,106377.0,915655.8,71814.2,444686.8,,32797.1,16684.5,1604206.0,11324579.1,7343728.5,1841357.0
2024-04-01,133899307.5,676483.0,120685.2,152844.2,50326.5,2910717.5,763813.0,205926.5,76476503.7,421222642.0,12284935.4,2001416.0,1078214.0,716519.3,3772407.3,394455.0,9805.1,4461523.6,68686.0,725276.8,706477.0,59053.0,21214.5,20332976.0,5503547435.1,79700439.7,137942.5,1151337.0,493356.0,545306.2,152416075.0,638175400.0,19453.5,21296.4,9974.2,8390904.7,278624.0,1320762.0,105918.0,899717.1,70575.1,438418.4,,32645.5,16561.8,1581935.0,10257607.4,7254178.5,1834603.3
2024-01-01,110745966.3,674490.0,119827.7,151380.0,49565.4,2834564.9,751172.0,204525.1,75994152.3,409841130.3,12023126.1,1975877.0,1074528.0,706085.7,3743206.5,391244.0,9635.8,4422950.5,68321.0,724404.9,698228.0,57807.0,20840.3,19915109.0,5381231486.2,78064825.1,130024.4,1110206.0,484862.0,543570.8,148802050.0,633548700.0,19050.2,20879.1,9755.9,8256769.3,275461.0,1273360.0,106016.0,881838.5,69843.6,425191.0,,32366.7,16496.8,1584678.0,9536411.5,7156017.3,1810621.8
2023-10-01,71106770.0,665765.0,118601.8,149884.1,48007.6,2822453.6,751983.0,201942.4,72190753.0,400311968.4,11925068.7,1945893.0,1071317.0,695335.1,3708097.0,384830.0,9632.2,4372315.1,67884.0,720581.0,683669.0,57294.4,20164.5,19739242.0,5300195466.2,76318153.6,130114.4,1102071.0,467855.0,538716.3,148704525.0,617093500.0,18728.0,20567.7,10214.3,8197074.0,266521.1,1287357.0,104142.0,868056.7,68190.7,419705.8,,31998.0,16504.3,1546936.0,8192985.7,7074241.8,1795197.3
2023-07-01,51691702.9,656822.0,118527.1,149400.1,45952.8,2745905.5,742112.0,201012.6,70842493.0,396105193.2,11848887.3,1918563.0,1060216.0,687104.6,3667954.5,374050.0,9522.9,4317338.8,68277.0,711511.9,683791.0,56168.2,19759.9,19307581.0,5235048218.8,74555782.9,131288.1,1095274.0,478737.0,535534.7,148441150.0,605422300.0,18621.1,20454.8,9659.0,8069623.5,264497.0,1243270.0,104791.0,856817.1,67479.0,403020.3,,31480.3,16035.2,1556405.0,7414164.3,6991924.3,1768429.5
2023-04-01,38048883.2,647971.0,118578.5,148496.3,45384.2,2719103.4,730806.0,200239.8,69714027.7,393428223.7,11651184.0,1918072.0,1050287.0,693834.4,3640364.5,370217.0,9510.4,4287482.3,68720.0,706886.5,677760.0,56112.0,19351.5,18675821.0,5196885159.8,72290797.7,133072.8,1098036.0,469845.0,532882.5,148604775.0,596883200.0,18393.0,20397.9,9710.1,7903961.4,261264.6,1262924.0,103258.0,849459.4,66477.4,392794.7,,30580.6,16018.4,1525422.0,5821246.9,6863453.8,1747023.0
2023-01-01,31560891.9,650175.0,118120.0,148422.0,45805.2,2655881.5,725833.0,200770.9,69461739.5,394716614.8,11644279.5,1885387.0,1038961.0,711655.8,3592827.8,369227.0,9491.5,4229617.6,67993.0,691224.5,665965.0,54835.6,18702.3,17969428.0,5160219655.2,69809053.7,130155.5,1076325.0,464521.0,525548.8,145540000.0,589288400.0,18061.4,20004.2,9772.0,7758491.6,257797.7,1306405.0,100674.0,837619.5,65776.1,389033.2,,29774.2,15597.8,1516399.0,5117324.8,6791089.8,1727024.8
2022-10-01,26208779.5,638306.0,115636.4,145651.1,45006.7,2605339.6,719465.0,199955.8,68592440.6,380434662.8,11533360.6,1822650.0,1020051.0,712462.3,3527265.2,358462.0,9375.7,4143942.5,67696.0,680654.0,654062.0,53076.2,17791.6,17359417.0,5108167250.8,67898281.9,135011.1,1042303.0,455538.0,510570.7,141695125.0,582525500.0,17458.0,19525.1,9183.4,7602257.2,255856.4,1361744.0,99799.0,813267.2,63488.5,359923.5,,28528.3,14770.2,1481108.0,4573092.4,6683569.3,1685733.0
2022-07-01,22003537.5,630020.0,114696.8,143125.3,42880.5,2579180.0,720235.0,199176.9,66565061.4,380815080.0,11390796.1,1792944.0,1001691.0,724006.0,3460664.0,344745.0,9307.6,4071681.2,67195.0,668123.0,636553.0,51869.4,17136.0,16802184.0,5000993816.4,66312622.5,134472.4,1012695.0,443508.0,501980.2,139383925.0,581884400.0,17256.7,19441.0,9252.7,7476422.1,252058.4,1634466.0,97805.0,791479.1,61605.8,352833.1,,27816.5,14591.4,1465262.0,4088909.4,6568002.8,1696358.0
2022-04-01,18809841.0,621645.0,111596.4,139657.1,40780.7,2513506.3,725671.0,198133.1,64222612.2,364450227.3,11092297.5,1735613.0,989273.0,708146.1,3399650.3,338571.0,8965.3,4000355.9,66207.0,655233.8,625467.0,51527.3,16613.0,16231889.0,4879456066.7,64884767.7,129342.8,968035.0,437781.0,499066.2,140227050.0,582672300.0,16683.7,19099.3,8839.7,7338702.0,245839.6,1408373.0,95167.0,759750.5,60176.9,345668.5,,27173.9,14022.8,1447905.0,3551841.9,6451447.8,1663410.0
2022-01-01,15787887.4,593084.0,106244.7,135277.0,38957.6,2381650.1,696039.0,193834.5,63733001.7,345379029.8,10774405.1,1697213.0,971767.0,686655.2,3326877.7,331851.0,8733.7,3910806.3,65037.0,648787.6,610346.0,50550.0,16013.3,15617952.0,4599842766.0,63878278.0,122024.2,926793.0,429080.0,485722.4,139117450.0,576699300.0,16049.4,18897.9,8781.0,7101986.0,239750.5,1335627.0,92685.0,731133.5,58685.9,331024.8,,26527.7,13496.3,1408706.0,2797932.2,6303872.8,1621079.8
2021-10-01,13647399.4,567956.0,107236.0,131614.3,36696.7,2324318.7,665141.0,190993.8,63956946.2,325983558.5,10494717.7,1631525.0,944825.0,678141.5,3263307.2,325087.0,8306.5,3831351.1,64286.0,643470.3,597082.0,48588.9,15333.3,14838665.0,4497552113.5,62372766.4,116737.6,890547.0,419157.0,476789.8,139094825.0,571201200.0,15047.3,19194.5,8539.4,6839493.2,230234.8,1250342.0,91205.0,697934.8,56704.3,312724.9,,26255.8,13593.6,1401593.0,2207987.7,6194259.5,1579197.8
2021-07-01,11891910.8,549902.0,104640.0,127979.7,35759.3,2276927.4,640826.0,189531.3,61275333.4,305250885.5,10269250.4,1606647.0,930352.0,642785.9,3199613.7,310566.0,7957.8,3748514.5,62892.0,637255.3,581805.0,46414.2,14721.8,13948162.0,4256003824.8,57965537.2,115969.8,865254.0,402801.0,468407.0,137808725.0,562050800.0,14425.1,18387.3,8231.8,6698452.4,227884.7,1100480.0,86623.0,674135.4,55311.9,303503.0,32706202.0,25724.3,13151.1,1349803.0,1856125.5,5980497.8,1549136.5
2021-04-01,11072248.4,551947.0,99680.9,124492.2,33656.7,2203829.7,622004.0,184969.6,57893701.7,281291140.2,9876891.9,1558166.0,909204.0,624509.2,3105816.9,301107.0,7684.8,3641255.3,61661.0,617212.8,568521.0,45027.4,14095.2,13644047.0,4159755722.5,51757403.7,109717.0,808263.0,386336.0,454094.5,138550450.0,550886200.0,13959.4,17801.9,7854.0,6640832.2,221859.5,993658.0,88460.0,652829.1,53184.4,291284.2,31639795.0,25205.6,12745.8,1334871.0,1646055.8,5842215.3,1565629.5
2021-01-01,9607524.8,532781.0,94500.4,121961.0,33024.2,2207066.2,607847.0,179032.6,56290505.8,280108415.8,9658971.6,1509702.0,888814.0,607823.8,3028618.7,298714.0,7448.1,3549673.9,59925.0,606947.9,537992.0,43831.6,14195.1,13069281.0,4063439739.3,56836008.2,106410.7,767472.0,373318.0,439887.4,137761200.0,537774800.0,13236.3,17511.9,7576.7,6512544.9,211193.1,942443.0,86606.0,635701.1,51293.1,284772.7,29960405.0,24747.8,12344.1,1316953.0,1545972.7,5664198.3,1512878.3
2020-10-01,8088483.2,511430.0,96554.0,119579.4,31229.6,2027511.2,582919.0,177661.2,54053437.9,266049225.5,9357812.9,1515632.0,883442.0,597644.8,2992554.9,292671.0,7170.9,3500055.4,59679.0,600994.6,537629.0,42310.1,13312.8,12765898.0,3933883975.1,54301678.3,98928.2,781779.0,368163.0,433400.7,137233775.0,525913600.0,12891.1,16798.4,7522.8,6370464.3,208892.0,883944.0,84407.0,612691.3,51830.4,285398.1,28450011.0,24464.4,12005.6,1277332.0,1443614.2,5517191.8,1489498.5
2020-07-01,6875078.4,488769.0,97681.0,119016.7,30655.1,1913767.9,561621.0,176654.3,49430448.9,245489824.8,8873643.0,1478132.0,868891.0,590513.8,2958641.8,287632.0,7018.9,3454604.7,59196.0,596135.3,533806.0,41227.1,12113.7,12243172.0,3821013721.5,48693185.0,100199.9,751068.0,356614.0,431480.9,135046325.0,518844700.0,12762.7,16220.8,7391.3,6108381.0,206245.7,854520.0,83902.0,594916.3,51359.2,270029.6,26599606.0,24165.5,11926.3,1252420.0,1344801.4,5421137.8,1407307.5
2020-04-01,5723972.3,468676.0,87250.7,105828.8,28905.0,1756144.5,503983.0,164711.5,46688083.9,219471112.7,8583740.1,1363035.0,809941.0,551652.4,2678027.5,247347.0,6582.6,3133437.9,56854.0,533194.6,476160.0,38983.3,11801.6,11093054.0,3673186728.9,38710088.5,89329.0,706793.0,328823.0,378510.4,128492850.0,503976500.0,12042.4,15653.5,6845.0,5197028.9,192583.0,811847.0,73618.0,554583.6,45407.1,241907.7,24293980.0,21900.3,10718.5,1188374.0,1077108.2,4983861.0,1211985.8
2020-01-01,6522280.2,504765.0,97970.6,119326.1,30174.8,1912173.4,572004.0,177035.5,50638146.5,267460836.9,9614320.0,1473205.0,881557.0,586779.9,2976824.8,301564.0,7071.1,3481927.4,60658.0,586969.6,555891.0,45428.0,13804.1,12630008.0,4015268774.5,51374915.1,94593.4,744331.0,356659.0,425463.2,138619700.0,509731800.0,12556.3,15799.5,7471.0,6385679.0,208869.3,899197.0,81837.0,598828.3,52436.1,272294.0,27623862.0,23790.3,11794.6,1292545.0,1183044.2,5431914.3,1453968.5
2019-10-01,6328182.5,502848.0,99566.5,122110.3,30447.9,1891566.7,587546.0,180368.8,48844777.2,271172976.8,9567870.0,1504611.0,893910.0,583150.3,3065243.2,317621.0,7210.6,3571444.6,60066.0,610106.7,565758.0,45923.3,13934.9,12320350.0,4024898556.3,50622155.2,94949.5,794663.0,362754.0,452594.1,137527825.0,516064400.0,12646.1,15735.8,7426.4,6316772.2,209895.0,913364.0,81765.0,592387.4,54553.9,277101.3,27452842.0,23983.1,12378.6,1281278.0,1137800.5,5483304.3,1436087.0
2019-07-01,5584396.9,503900.0,99594.0,120762.4,29504.1,1867381.0,580619.0,179460.1,49660268.7,268329975.5,9528217.7,1484451.0,890615.0,579397.0,3048126.5,312955.0,7118.9,3544717.9,59819.0,611351.7,562999.0,46056.3,13807.8,12070411.0,3986700461.2,49716832.3,92143.5,768338.0,359844.0,451992.8,140360700.0,511130600.0,12340.0,15694.9,7462.5,6332864.8,208478.3,893254.0,80398.0,578837.7,53898.8,270628.5,27265442.0,23693.2,12179.6,1259349.0,1096948.5,5429292.8,1420513.3
2019-04-01,5073787.4,497139.0,98494.3,119006.3,30339.4,1831044.9,578170.0,179104.7,48885264.5,263649092.0,9431860.3,1460826.0,881579.0,573835.7,3027676.2,311955.0,7104.4,3522497.7,59588.0,609479.8,556104.0,46585.1,13651.1,11908448.0,3947908513.2,49322026.0,89568.8,763626.0,353574.0,450974.0,140230125.0,510024900.0,12300.8,15521.4,7358.9,6271229.9,206782.8,898175.0,79387.0,576832.8,53135.1,264739.1,27285029.0,23524.2,11832.2,1255201.0,1059896.8,5349484.5,1400830.8
2019-01-01,4572077.3,489544.0,98080.9,117566.0,29602.6,1799138.3,567228.0,178405.6,48235155.0,256915955.7,9246612.3,1441590.0,877381.0,567253.6,3006591.6,311179.0,7002.0,3493581.2,59045.0,604308.0,549060.0,46001.6,13490.7,11746480.0,3873149669.4,48062938.5,87190.8,736788.0,355189.0,448943.9,139700200.0,503374400.0,11955.6,15231.9,7305.3,6204987.2,204579.4,902410.0,78354.0,563275.9,52902.1,254119.7,27238224.0,23346.9,11908.6,1230711.0,1023164.0,5277900.0,1367775.8
2018-10-01,4223632.7,482380.0,97428.3,117139.9,27919.4,1786568.3,559153.0,178486.6,48313163.1,251761669.7,8975387.8,1400747.0,870795.0,567921.8,2975567.8,307852.0,6832.4,3455356.0,58578.0,597125.7,545261.0,45467.8,13204.3,11311997.0,3812251293.9,47998693.4,84752.5,741490.0,347297.0,446383.6,138365325.0,505602900.0,11898.8,15141.5,7243.8,6170981.4,199591.7,916871.0,76880.0,552643.4,52137.3,249296.0,26927020.0,22972.0,11730.7,1219441.0,972813.1,5229466.8,1373825.8
2018-07-01,3822815.0,477632.0,96204.2,115057.3,28162.0,1759062.6,564738.0,177939.8,47252516.9,250208404.3,8961521.5,1378482.0,859359.0,564956.3,2943875.9,304323.0,6625.0,3415231.2,58083.0,591536.6,540205.0,45134.3,13182.8,11080420.0,3762326691.2,47075429.4,84798.1,725075.0,340091.0,444543.5,138842175.0,506010200.0,11556.7,15078.6,7096.1,6098690.1,197832.3,918788.0,75883.0,541015.6,51600.7,244203.5,26377282.0,22829.1,11538.1,1197699.0,988943.6,5199682.5,1357915.8
2018-04-01,3444209.0,470250.0,95057.6,114466.8,27312.3,1738279.1,560017.0,178200.6,47343714.5,245160600.3,9048897.4,1357974.0,859286.0,557875.0,2926887.4,301749.0,6544.1,3393051.6,57690.0,585256.3,535707.0,45002.8,13066.5,10726419.0,3672393244.2,45859623.2,82795.0,717254.0,333683.0,444157.5,139723175.0,499840000.0,11375.2,15085.6,7022.4,5983436.8,195466.2,889406.0,75334.0,530090.1,50917.2,237394.5,25740420.0,22443.8,11234.4,1188595.0,917127.9,5145228.0,1325349.0
2018-01-01,3254154.0,463997.0,94518.7,112827.8,26160.0,1720231.0,551767.0,175187.4,46793500.1,240660325.6,9033298.9,1344178.0,849366.0,552789.2,2904817.7,298352.0,6396.4,3371204.5,57554.0,583015.3,531131.0,44927.7,12708.7,10533104.0,3591784770.6,44927128.0,82794.9,705375.0,330864.0,443310.7,139606875.0,495521400.0,11123.5,14895.7,6747.4,5921542.9,194533.1,865858.0,74466.0,521952.3,50342.4,228766.3,24816928.0,22031.0,11133.8,1176531.0,882281.0,5082138.3,1306100.0
2017-10-01,2944508.1,455183.0,93080.7,111922.3,26454.2,1686181.8,545711.0,173599.8,46460415.5,235227803.1,8772211.6,1329954.0,850792.0,551812.5,2889953.3,297558.0,6258.6,3348941.3,57129.0,580558.6,529755.0,44395.3,12626.5,10243426.0,3507450523.3,43184941.5,80685.0,695804.0,328461.0,441976.4,139199075.0,488213200.0,10867.5,14838.4,6639.6,5764215.2,190796.2,847638.0,73878.0,510108.8,49792.8,220907.2,23592310.0,21723.2,11086.9,1158518.0,852691.9,5009272.0,1300676.0
2017-07-01,2781280.7,452601.0,92636.1,110816.5,25838.9,1643021.6,535438.0,171799.4,45672668.0,232069265.1,8660306.6,1311766.0,839457.0,546795.2,2856989.9,293175.0,6069.3,3311854.5,56343.0,575997.0,521257.0,44658.5,12553.1,9914353.0,3427380433.8,42049583.7,78338.0,686156.0,324919.0,437076.8,139283550.0,492808700.0,10660.1,14640.4,6520.2,5633367.0,188763.0,831820.0,72136.0,503030.5,49182.4,218024.5,22998559.0,21354.3,10728.0,1145302.0,797966.5,4923148.8,1282712.0
2017-04-01,2519593.6,446706.0,91707.6,110720.9,25332.5,1634977.5,532505.0,169808.9,44284983.2,227958510.4,8574464.4,1291490.0,828333.0,549764.2,2830341.2,291535.0,6074.1,3278134.7,55947.0,571735.7,517656.0,44161.2,12374.1,9761218.0,3354915544.5,40738765.1,74719.3,653777.0,321039.0,435937.8,137638875.0,478531800.0,10463.7,14525.5,6447.9,5606085.7,186838.5,826551.0,70496.0,494894.2,48587.4,208145.2,22619507.0,21071.6,10549.9,1140491.0,756765.4,4859660.8,1257624.8
2017-01-01,2414846.0,446713.0,90276.2,109947.4,24853.1,1621298.1,526987.0,169638.6,43097482.3,225215421.3,8390146.6,1252209.0,818689.0,541217.3,2798808.7,287756.0,5884.8,3238553.0,55287.0,566000.4,513814.0,44036.0,12125.1,9477650.0,3300079198.4,39999984.7,74086.2,641671.0,316706.0,432680.3,136919275.0,474680300.0,10287.5,14323.1,6390.2,5539345.8,184696.2,819208.0,70086.0,488395.6,47946.5,204543.7,22632777.0,20811.3,10385.6,1131196.0,726280.4,4820021.0,1237177.3
2016-10-01,2253071.8,438897.0,89258.5,108437.3,24465.1,1598533.1,516537.0,169675.5,43093482.1,221759622.5,8426831.5,1227234.0,805769.0,535514.5,2766228.6,284119.0,5678.1,3192604.7,54400.0,560683.9,507451.0,43866.2,12040.5,9216019.0,3211252073.7,38889782.4,72674.9,664543.0,314314.0,430063.4,136135700.0,464986500.0,9972.7,14411.6,6253.3,5411260.7,182868.5,799448.0,68109.0,476585.8,47538.1,194122.6,22048673.0,20596.5,10196.1,1119514.0,715318.5,4772344.8,1208238.8
2016-07-01,2135100.8,424715.0,89071.2,107699.9,23954.1,1572321.7,508855.0,170269.0,42420674.2,217080171.0,8084760.2,1214983.0,799143.0,526174.1,2743732.2,282308.0,5542.1,3166797.5,54257.0,557085.6,500801.0,43614.7,11903.4,9098550.0,3129248739.2,37991391.9,68660.7,652059.0,312148.0,428270.5,135905200.0,458234600.0,9726.3,14238.4,6107.8,5251504.4,180867.7,776389.0,67185.0,467605.7,46831.1,188574.5,21525394.0,20396.6,10044.4,1101398.0,635092.1,4723159.8,1199361.3
2016-04-01,2008547.4,419266.0,88533.0,107231.7,23379.6,1563766.8,500538.0,169449.2,41437986.3,214416868.5,7848316.5,1201172.0,794808.0,523204.1,2723874.1,279123.0,5467.2,3144369.4,53546.0,555579.8,493710.0,43687.4,11781.5,9023423.0,3063729142.8,37035531.1,66314.6,630320.0,308009.0,424648.7,135837600.0,458376000.0,9637.6,13818.3,6083.0,5090400.9,179084.2,771748.0,66294.0,464398.1,46139.4,187711.2,21201916.0,20354.6,9892.6,1085129.0,647310.7,4677925.5,1188126.5
2016-01-01,1831439.6,414494.0,88703.1,105098.2,23397.4,1534705.3,499605.0,168329.4,41538525.2,210525337.9,7706945.1,1197704.0,790265.0,516627.5,2713399.4,277417.0,5495.7,3128279.0,53514.0,557282.2,489683.0,43455.3,11834.1,8916043.0,2997498544.3,35898270.0,67018.5,600234.0,301003.0,423584.2,136316550.0,451429500.0,9478.0,13692.5,6029.0,4985381.5,177500.1,758691.0,65322.0,457989.3,45872.2,181720.9,20840101.0,20274.0,9750.9,1075443.0,628838.4,4631483.3,1163828.0
2015-10-01,1646873.2,412118.0,86984.0,104896.1,22748.9,1516826.5,497920.0,167624.1,40393856.9,206604630.1,7603721.1,1181840.0,780655.0,511469.4,2693078.6,275270.0,5332.2,3111684.3,52999.0,554676.5,485256.0,44217.3,11529.9,9005799.0,2961283233.0,34820992.8,71028.3,597858.0,299995.0,418109.8,134828925.0,441340300.0,9493.1,13510.3,5973.7,4907920.7,176717.4,768789.0,63744.0,464307.7,45327.4,183142.3,21164168.0,20373.6,9680.6,1077279.0,618801.0,4608784.3,1132385.8
2015-07-01,1557168.9,411885.0,85913.9,104228.8,22299.8,1502723.5,500216.0,167133.8,39603017.7,205087042.8,7618620.6,1173854.0,775003.0,508358.0,2676462.7,273121.0,5309.1,3089068.9,52732.0,552382.8,479924.0,43239.4,11549.5,8785071.0,2915831899.2,33908123.4,69253.7,584955.0,294239.0,416759.9,134984950.0,438155400.0,9414.5,13570.9,6004.1,4878966.0,176409.2,791750.0,63568.0,452999.4,45010.6,180384.2,21054506.0,20220.3,9633.7,1061087.0,598147.5,4600406.5,1110919.8
2015-04-01,1419589.6,407281.0,85104.3,103522.7,22610.3,1485188.6,496230.0,166490.4,39468177.5,197431845.3,7540757.5,1157182.0,768647.0,506154.8,2656297.5,270627.0,5243.3,3068619.8,52668.0,548827.2,476591.0,43814.6,11458.6,8619389.0,2858808384.8,33091352.6,66592.4,585149.0,293995.0,415337.6,134545525.0,432478700.0,9352.0,13691.3,5911.9,4783873.3,174143.7,790216.0,62965.0,447523.1,44677.5,173272.8,20474110.0,19994.2,9576.2,1059390.0,578339.9,4569946.0,1096521.3
2015-01-01,1330879.2,408232.0,83861.1,102890.4,21786.2,1491048.4,496075.0,166484.3,39126991.3,195568481.9,7404075.7,1140984.0,760053.0,504223.6,2633190.3,268094.0,5119.5,3035827.6,51793.0,546880.0,474680.0,44017.5,11407.1,8533164.0,2790409283.1,32140686.2,65989.9,567063.0,293157.0,412781.6,133671000.0,428801500.0,9183.6,13465.4,5830.6,4664917.0,171943.0,779428.0,61702.0,441667.7,44377.1,175749.3,20394576.0,19788.1,9521.8,1031214.0,555652.9,4515882.3,1080965.8
2014-10-01,1259835.0,405269.0,83884.4,102197.3,21586.2,1473894.4,503486.0,167249.6,38242574.2,194158040.9,7226553.5,1118403.0,757610.0,502377.6,2601353.5,262623.0,5219.6,2996860.2,51718.0,542123.5,472658.0,44074.2,11276.1,8326784.0,2723303248.6,31532510.5,51123.0,557375.0,289559.0,410823.1,130530300.0,415313300.0,9141.9,13344.2,5788.1,4636142.9,171727.5,789649.0,60852.0,429837.7,43522.9,170472.0,20404529.0,19393.2,9307.5,1009427.0,534196.4,4478019.8,1056914.3
2014-07-01,1173247.6,402725.0,83073.9,101783.9,21508.6,1455840.8,503448.0,166861.1,37067194.2,192122931.7,7091477.6,1103411.0,748844.0,496525.5,2583966.3,260038.0,5092.7,2978469.4,51686.0,541733.9,470624.0,44372.6,11206.5,8318744.0,2675623454.3,30934210.2,50843.1,543960.0,281351.0,409350.8,129570850.0,409878000.0,9163.7,13054.9,5717.0,4563468.5,169311.4,793114.0,60352.0,431595.5,43439.1,168594.8,19888296.0,19233.2,9397.6,999881.0,521326.7,4451057.0,1042089.5
2014-04-01,1121893.6,402751.0,82367.7,100596.3,20564.8,1427657.4,497101.0,166284.7,36704160.8,188827143.9,6922208.1,1085897.0,743248.0,490914.9,2567438.8,258585.0,5056.6,2958860.2,51348.0,537517.5,461549.0,43783.7,11227.7,8159412.0,2611420785.8,30072184.4,50175.1,510270.0,279024.0,409318.6,129482050.0,407901800.0,9097.7,12649.8,5624.9,4527193.4,168439.2,793401.0,60009.0,425598.2,43116.0,166278.6,19694491.0,19036.0,9364.7,987583.0,498950.3,4379627.0,1022396.0
2014-01-01,1024110.3,403254.0,80852.9,100380.8,20207.8,1421560.5,490863.0,165344.3,35934300.6,187794883.5,6774911.0,1069293.0,739433.0,490443.2,2555648.7,257703.0,4987.0,2944225.5,51103.0,535092.3,457683.0,43949.0,11154.9,8022638.0,2559357811.4,29406384.4,48353.4,496301.0,277859.0,408369.3,129141825.0,405391600.0,9010.0,12666.4,5641.5,4413893.8,169217.7,785611.0,59868.0,422628.3,43108.6,163559.6,19042724.0,18899.8,9231.3,975507.0,500424.3,4299434.5,1012473.3
2013-10-01,925367.8,400060.0,80988.3,99630.4,20866.3,1380172.2,483281.0,164847.4,35302788.0,182593818.5,6542772.2,1066852.0,726679.0,488956.4,2532555.3,255853.0,4803.5,2920731.7,51253.0,532886.5,452183.0,43964.6,11202.1,7736646.0,2504580012.3,28662158.4,45811.0,507193.0,274764.0,407685.6,128133975.0,399405500.0,8846.8,12402.5,5626.4,4309428.6,167314.1,787199.0,59602.0,417405.8,43285.7,162707.7,18659656.0,18783.0,9131.2,971135.0,474232.1,4298004.8,995028.3
2013-07-01,860372.0,393956.0,80668.6,98908.2,20253.1,1347370.0,478107.0,164395.9,34586163.0,181384709.9,6446542.6,1042887.0,722709.0,486396.5,2525338.4,256110.0,4844.3,2909325.0,51128.0,530588.4,448800.0,44345.9,11213.1,7664052.0,2424793439.0,27586924.2,46958.5,495686.0,272144.0,407149.5,128217225.0,395650500.0,8781.9,12326.0,5535.1,4253818.3,166695.7,782113.0,57573.0,409704.7,42911.0,159757.4,18414814.0,18683.5,9051.5,954367.0,467358.7,4238459.5,975527.0
2013-04-01,807726.2,389853.0,79982.9,98529.8,20345.6,1327154.6,471648.0,163599.4,33914599.0,178659474.6,6315482.8,1032885.0,715570.0,481842.4,2514883.0,256492.0,4769.7,2898240.7,50816.0,532504.3,442095.0,44826.9,11327.8,7578570.0,2335020479.3,26679751.5,45327.6,492915.0,268159.0,405170.5,126881875.0,390551300.0,8688.6,12196.9,5418.9,4183653.8,166207.0,762155.0,55757.0,407447.1,42433.8,156375.0,18031246.0,18624.4,9015.5,943068.0,452952.4,4182171.8,958989.3
2013-01-01,754842.5,385589.0,79321.0,97547.8,20703.4,1276922.1,469211.0,162261.3,33581297.6,171454997.0,6182785.4,1025522.0,706273.0,478359.9,2492629.1,257197.0,4746.7,2874917.7,50300.0,527085.8,438283.0,45018.9,11338.5,7429294.0,2281740069.4,26025984.1,44351.2,488923.0,262511.0,401970.1,125735300.0,385330900.0,8559.0,11960.6,5341.6,4209237.0,165408.9,758867.0,55246.0,402813.0,42045.1,152793.9,17879984.0,18551.7,8941.7,940303.0,428884.2,4162047.3,939085.8
2012-10-01,716395.8,381834.0,79704.9,97362.3,20705.6,1240308.5,461016.0,161784.3,33475705.5,170021701.4,6153228.6,1029743.0,704449.0,477114.7,2486918.0,254396.0,4625.8,2870456.8,50191.0,523506.0,433272.0,45434.7,11232.6,7325762.0,2200459512.1,25150109.4,43298.9,480644.0,259360.0,405831.7,124325325.0,380402400.0,8425.6,11884.8,5382.5,4177374.2,165169.8,745500.0,54164.0,404878.6,41752.5,158751.0,17518392.0,18518.3,8858.1,937403.0,415118.2,4105104.8,911774.0
2012-07-01,676888.5,380340.0,79535.0,97107.1,20737.5,1222974.0,457659.0,161296.0,32622605.0,165713344.5,5956886.1,1028667.0,703673.0,475337.4,2492942.6,258818.0,4585.3,2878137.7,50052.0,523607.4,430964.0,46131.7,11235.1,7295755.0,2162789745.8,24500851.6,44297.8,470928.0,257400.0,407760.1,124381550.0,376166800.0,8323.2,11612.8,5281.8,4158698.2,164136.5,737441.0,54017.0,407412.3,41942.0,156156.8,17187286.0,18506.2,8965.7,935999.0,399992.3,4079885.3,897958.0
2012-04-01,631763.3,379478.0,79002.0,96798.0,20773.6,1187020.7,454746.0,160562.2,32210208.6,166213700.9,5858028.6,1029091.0,697672.0,472945.3,2485902.6,260020.0,4499.2,2860454.8,49936.0,520530.8,424939.0,46784.7,11155.5,7181068.0,2151754661.0,23763185.9,44575.2,459959.0,252890.0,408769.3,125040300.0,374345700.0,8275.8,11474.6,5229.0,4118695.4,164670.5,747197.0,54513.0,406215.0,42011.6,155831.6,16887176.0,18390.2,9004.4,932304.0,390484.2,4051778.8,887270.0
2012-01-01,612866.2,374227.0,78274.7,96667.6,20235.4,1164456.9,453780.0,160097.2,31833349.7,164558253.2,5798394.2,1029621.0,694811.0,467540.6,2487869.0,262730.0,4374.3,2860344.9,50199.0,520454.9,424540.0,47882.4,11157.1,7175188.0,2100700581.0,22859669.0,43920.7,457677.0,245097.0,411386.4,126868225.0,373759200.0,8217.2,11371.5,5182.6,4059519.4,163894.2,752944.0,53663.0,402660.9,42832.6,150475.3,16510595.0,18313.0,9089.8,923353.0,375884.5,4017201.3,869383.0
2011-10-01,588352.7,373207.0,77064.2,95560.9,19587.0,1129341.5,453175.0,158971.7,31243926.6,161673352.1,5621053.3,1031077.0,692457.0,464968.4,2484428.7,263793.0,4290.2,2847830.7,49835.0,519313.4,419305.0,48827.0,11291.6,7281567.0,2044860198.9,22121871.1,42887.9,463189.0,245879.0,413232.8,125075525.0,371034100.0,7946.7,11159.6,4967.8,3997934.4,164105.4,719297.0,53664.0,401717.0,43221.0,148852.2,15874857.0,18206.1,9174.6,916898.0,372223.8,3960564.8,858363.3
2011-07-01,563544.7,372327.0,77566.8,95030.2,20468.3,1104734.8,446437.0,158834.5,30182420.6,156570433.8,5478852.2,1026121.0,689503.0,458384.1,2485131.3,266730.0,4251.2,2856999.5,49599.0,515532.3,416115.0,50679.6,11348.0,7125450.0,1995758942.4,21432975.0,43384.3,454906.0,241882.0,415060.5,125259800.0,363290800.0,7934.7,11112.9,4872.7,3848498.6,164403.2,708540.0,53357.0,393193.1,44054.0,148421.5,15292048.0,17958.0,9167.4,935572.0,358355.7,3911920.0,842036.3
2011-04-01,533322.3,365838.0,76730.9,94429.8,20585.1,1091333.7,439963.0,159436.1,29944191.7,152693045.5,5352821.1,1021090.0,682474.0,463220.8,2476883.7,268986.0,4146.4,2853045.9,49273.0,513743.0,412364.0,51777.4,11341.4,7042721.0,1918826468.4,20948773.0,43552.9,441131.0,237321.0,414812.1,122667575.0,358455700.0,7691.6,11044.4,4734.4,3747907.2,163885.0,698524.0,52560.0,385903.2,44256.1,144771.1,14813476.0,17862.4,9200.7,924817.0,343861.1,3889384.8,822754.5
2011-01-01,493804.5,356842.0,76857.1,93724.5,20549.1,1050972.0,434488.0,158476.0,29969016.3,148086168.6,5185447.9,1013255.0,678714.0,461957.8,2472013.3,269181.0,4054.4,2846347.0,48948.0,512416.7,414806.0,52741.2,11163.8,6981616.0,1872280390.3,20324211.3,43171.7,425771.0,235131.0,415959.9,124670400.0,355795000.0,7469.0,11106.4,4494.0,3671764.3,163298.6,683568.0,51701.0,380146.1,44786.8,145190.2,14133619.0,17603.0,9256.4,920502.0,330487.0,3837862.0,803893.0
2010-10-01,460168.9,351072.0,74734.9,92326.8,19818.3,1025841.4,425387.0,157780.0,29491900.8,141136219.7,5096332.6,1012308.0,666054.0,458126.1,2439403.6,270512.0,3873.2,2801645.0,48445.0,503303.8,406789.0,54328.3,11114.0,6929655.0,1795075213.4,19608642.3,41913.8,439658.0,229165.0,409327.5,126332850.0,353874000.0,7118.0,10771.1,4529.1,3589085.3,162208.6,673104.0,51268.0,368568.0,45174.3,139776.9,13413547.0,17506.6,9038.9,912986.0,311085.2,3827368.5,786090.5
2010-07-01,428981.4,344957.0,73843.4,91388.8,18741.3,990689.1,416343.0,156313.8,28622214.4,136567617.8,5001223.6,1015944.0,659036.0,457997.7,2420921.3,269037.0,3753.2,2775857.5,47036.0,501461.5,404365.0,54978.0,11192.8,6912982.0,1730198605.9,18692420.6,42111.1,421056.0,226700.0,404787.6,127731550.0,347423400.0,6957.4,10670.6,4431.7,3517812.1,161355.1,644725.0,50569.0,363652.2,45182.5,137393.0,12565918.0,17379.3,9003.4,896272.0,296687.3,3785401.8,769252.5
2010-04-01,401792.7,340020.0,73334.0,90639.0,18380.0,950056.2,413310.0,155672.7,26844917.4,134550071.7,4898727.6,1010088.0,647996.0,451394.1,2401510.8,268461.0,3594.0,2748193.8,47037.0,496896.2,401223.0,56505.5,11025.4,6791525.0,1696218422.9,17857551.7,41516.5,427310.0,222408.0,403607.2,126236375.0,343685500.0,6804.0,10528.6,4364.4,3468246.2,161295.5,644702.0,50258.0,358042.1,44732.9,134613.7,12095935.0,17048.3,8978.4,877039.0,285897.4,3745048.3,763365.3
2010-01-01,370778.0,328418.0,71810.1,88887.8,17707.5,919260.2,411008.0,154262.5,25758879.8,131806090.9,4821703.6,990804.0,636727.0,445377.9,2375208.8,269135.0,3519.6,2712404.0,45629.0,492272.0,396176.0,58381.2,11103.0,6725806.0,1642640857.9,17133912.3,41690.5,413914.0,217224.0,399338.7,125374550.0,334477300.0,6775.8,10363.1,4372.7,3392870.6,157755.1,642820.0,49941.0,349237.2,44770.7,128663.9,11664276.0,16792.6,8859.3,855264.0,273994.6,3691152.5,736905.0
2009-10-01,341486.8,320904.0,72066.1,88248.1,18295.2,891134.5,402923.0,152501.5,25309573.1,128948312.9,4630995.2,990359.0,632913.0,435871.9,2363146.5,267360.0,3511.2,2692030.7,45316.0,488690.7,386779.0,59438.9,11217.9,6658536.0,1582224557.1,16372494.8,41429.7,433699.0,212645.0,397540.4,124123375.0,322508000.0,6483.8,10139.5,4409.7,3315703.6,157626.1,618447.0,48780.0,350144.4,44401.4,141185.7,10983618.0,16443.0,8929.3,839896.0,265359.9,3662812.3,713893.0
2009-07-01,317798.6,313783.0,71978.7,87777.6,18012.4,846077.4,391981.0,151427.2,24116607.6,127125299.6,4483418.4,978842.0,624956.0,432308.0,2346859.1,267667.0,3430.4,2669930.0,45456.0,483507.3,388596.0,58856.5,11078.1,6543157.0,1512168821.3,15515952.2,42314.7,418470.0,211600.0,396296.6,123406575.0,320180500.0,6549.0,9879.4,4419.1,3222051.0,156966.0,616818.0,48374.0,345709.5,44012.7,132380.7,10759534.0,16081.4,8875.7,830799.0,254952.3,3612220.5,707441.5
2009-04-01,298006.1,312767.0,71412.1,86040.4,18574.2,809698.9,387122.0,149476.0,23526959.6,124112109.8,4320206.2,982720.0,618581.0,426852.7,2335946.2,268080.0,3529.4,2647101.5,45202.0,482510.9,386553.0,58785.4,11225.1,6605394.0,1474270489.0,14625528.9,43019.9,400543.0,209443.0,394346.7,124463050.0,310712600.0,6843.1,9544.9,4721.4,3112722.1,157043.0,607453.0,47609.0,339638.3,43671.5,131659.2,10181060.0,15839.1,8911.6,826990.0,247227.8,3595309.0,690618.0
2009-01-01,290637.7,317331.0,70597.7,85668.8,18287.6,786128.2,389308.0,149318.6,23133368.1,121388277.7,4209948.0,995102.0,615571.0,434496.3,2335482.5,269883.0,3678.7,2641733.9,45761.0,482187.3,386874.0,57411.9,11100.9,6629914.0,1442711132.6,13631131.2,43143.0,380866.0,206108.0,395818.8,123055225.0,301904400.0,7104.6,9479.3,4965.9,3095295.0,158583.0,596994.0,47595.0,337663.5,43330.9,125694.1,9758346.0,15691.7,8955.2,826400.0,238832.5,3607725.5,682275.8
2008-10-01,294002.6,315913.0,71618.7,86590.2,18550.2,789537.7,404727.0,152075.6,22893520.3,121882417.7,4190052.9,994460.0,639522.0,448645.5,2401695.4,276342.0,3962.1,2742245.7,47992.0,492711.6,395121.0,59198.1,11535.6,6695512.0,1429603752.7,14214619.6,45166.3,447151.0,202190.0,402378.7,129233025.0,299860500.0,8035.4,9823.5,5617.5,3217812.4,163052.1,649684.0,47624.0,328590.1,44561.2,142934.7,10771918.0,17225.3,9464.9,834803.0,249510.7,3652052.3,665282.8
2008-07-01,296527.2,315463.0,73592.2,88571.5,18584.6,805418.0,423628.0,155366.9,22982809.2,122254744.7,4136718.2,1026259.0,647137.0,457642.9,2435615.8,278095.0,4191.0,2803964.0,49138.0,498128.8,399994.0,60386.0,11774.0,6691326.0,1396110552.7,13991033.7,47032.9,397395.0,198942.0,410781.8,130804875.0,305991500.0,8282.3,10092.1,5916.4,3280931.6,163935.4,672499.0,47006.0,324238.0,44791.4,139231.4,11854989.0,17267.3,9529.0,850136.0,252442.8,3724749.8,665135.3
2008-04-01,289226.7,305836.0,73705.0,88599.7,17998.4,774500.2,419362.0,154202.3,23816025.2,117086696.0,4042472.2,1014705.0,648823.0,453471.1,2442122.8,279616.0,4310.8,2801528.9,48618.0,498996.8,400685.0,59415.4,11664.0,6847997.0,1328539632.7,13481389.9,47187.3,393757.0,196461.0,416296.2,133396050.0,302275800.0,8307.1,10099.8,5902.3,3254805.5,162953.0,660397.0,47554.0,320226.1,44902.3,132547.8,11266465.0,17147.1,9441.3,849100.0,254013.8,3716425.3,646528.5
2008-01-01,269889.6,298149.0,72692.1,87981.6,17476.5,740347.1,409324.0,152429.3,24021666.4,115330141.6,3837647.8,998439.0,650492.0,449961.4,2436859.6,278379.0,4147.1,2785411.2,48505.0,499297.3,397800.0,59675.1,11480.9,6988877.0,1260587961.9,12937313.5,48028.9,366563.0,195329.0,414457.2,134406925.0,294845200.0,8018.0,10004.6,5924.4,3155847.2,161494.2,639543.0,47589.0,316425.7,44847.9,125117.5,10441799.0,16916.9,9315.7,854988.0,246789.2,3676634.5,634684.3
2007-10-01,250378.4,290509.0,71911.7,86971.7,16725.7,703889.2,401127.0,150118.9,23009168.0,111956230.8,3681111.7,984341.0,645078.0,448184.3,2409891.3,275716.0,4287.0,2751091.2,48127.0,491314.5,392244.0,57903.7,11053.3,6528698.0,1156215814.3,12581661.2,49281.0,366745.0,196901.0,411202.0,134208800.0,294264900.0,7772.7,9513.4,5651.5,3123135.5,158995.6,621676.0,47190.0,309577.1,44731.1,116908.8,9969001.0,16506.8,9112.8,850952.0,232506.5,3678764.5,612376.3
2007-07-01,228955.2,285153.0,70926.6,86221.5,16051.2,685877.0,395562.0,148571.9,22693738.2,108325821.9,3538368.5,975403.0,638886.0,436325.3,2381915.7,269879.0,4153.0,2710913.5,47062.0,487754.7,389291.0,57928.2,10895.2,6491378.0,1098692448.5,11920954.7,48361.3,352722.0,192365.0,407684.7,134117750.0,285548700.0,7403.6,9396.8,5554.1,3032078.8,156398.1,589371.0,46562.0,299399.3,43893.4,107532.4,9145354.0,16028.0,8913.8,827255.0,223429.5,3641029.3,590299.8
2007-04-01,215325.2,280712.0,70131.6,85519.8,15293.5,674547.1,394153.0,146859.5,22644609.5,104599442.9,3396111.1,952397.0,633408.0,428235.5,2360294.9,267775.0,4021.8,2682834.4,46461.0,483040.2,386144.0,57488.9,10727.2,6371070.0,1050869772.1,11560718.6,49625.3,351838.0,185556.0,403622.2,135506150.0,280666000.0,7090.2,9491.8,5280.4,2977525.3,154445.3,580073.0,45244.0,293392.9,43601.3,103515.1,8593471.0,15513.0,8667.6,825581.0,217012.9,3600520.5,576597.5
2007-01-01,202321.4,276632.0,69347.0,84905.9,15207.5,655949.7,386819.0,143868.9,22001200.0,103624504.4,3277758.5,945959.0,628183.0,430399.2,2334116.1,264171.0,3917.1,2649467.9,45409.0,477220.1,376958.0,56013.8,10513.5,6397973.0,1017278968.4,11166777.4,49616.4,335349.0,183460.0,400029.9,135495650.0,274061700.0,6745.4,9234.7,4987.6,2909689.8,153095.2,569053.0,44176.0,286003.6,43257.6,97734.8,8003091.0,15132.8,8431.2,811230.0,214765.5,3553912.8,567376.3
2006-10-01,191847.6,269797.0,67651.8,82984.9,14171.2,635126.5,378691.0,141677.9,20894924.1,100386316.5,3132614.7,910930.0,621330.0,422465.8,2297394.9,258098.0,3621.5,2603770.0,44146.0,469983.4,372900.0,55095.8,10183.6,6232069.0,973546067.2,10744567.7,47015.6,330220.0,179206.0,398312.9,134982575.0,267529800.0,6457.0,8792.4,4512.5,2844622.0,150378.1,564399.0,43651.0,278825.7,42503.7,91574.0,7633047.0,14794.2,8198.3,797551.0,210814.7,3509890.0,539058.3
2006-07-01,182622.9,262803.0,66780.2,81646.0,13683.3,612551.5,376234.0,139258.5,20995889.9,97670918.3,2964817.5,894286.0,609667.0,425107.7,2259771.8,253709.0,3472.5,2556303.3,43491.0,464867.6,370883.0,53915.7,9966.5,6200789.0,928589203.2,10394230.5,46538.9,316578.0,176697.0,392282.2,133056125.0,264056700.0,6156.9,8553.8,4194.2,2816951.7,147711.3,560895.0,42292.0,271894.8,41737.8,87229.6,7435237.0,14273.5,7943.4,785743.0,203574.9,3467547.0,526313.3
2006-04-01,173277.0,255328.0,66235.9,80491.3,13064.5,585553.4,372679.0,137470.0,20548676.7,93481499.5,2824801.1,872598.0,603871.0,425289.0,2234520.9,249219.0,3285.9,2525567.2,42779.0,460341.2,367042.0,53202.6,9755.3,6073923.0,887213715.0,9892047.1,45943.9,304749.0,177104.0,389384.1,133495600.0,257867800.0,5774.2,8448.2,3885.0,2773123.0,146021.7,555007.0,41780.0,263328.7,41368.3,83781.5,7037137.0,13916.7,7729.8,774857.0,197661.6,3438356.0,506124.3
2006-01-01,168156.8,252022.0,65570.9,80029.2,12455.9,576218.7,369000.0,135607.9,19228648.2,90065265.7,2693814.1,854170.0,592100.0,412378.3,2196387.3,243950.0,3176.1,2481841.6,42445.0,452915.8,361213.0,52262.4,9530.8,5850521.0,864413301.4,9568786.1,45357.8,288649.0,175768.0,383505.7,133641925.0,256208900.0,5613.7,8370.4,3665.0,2682652.9,143560.6,544571.0,41175.0,258179.8,40650.6,80177.6,6806154.0,13364.6,7528.5,758790.0,183706.0,3399790.0,486098.0
2005-10-01,156897.0,249088.0,64285.7,79123.7,12268.3,564791.9,367359.0,133125.7,18027074.8,87407804.6,2549866.5,843812.0,587093.0,405648.0,2169853.3,239454.0,3007.2,2446544.7,41683.0,447335.7,357003.0,49975.5,9374.7,5849766.0,846380200.5,9210254.0,43745.7,282537.0,172554.0,382699.7,133686675.0,255386200.0,5580.4,8252.5,3606.4,2591674.5,141170.9,523675.0,40680.0,251502.8,40289.4,76971.4,6366210.0,13006.5,7409.8,744119.0,180061.3,3331051.0,478830.0
2005-07-01,147899.1,243697.0,63892.9,77810.7,11839.7,547811.2,359248.0,131058.5,17525863.3,85000637.5,2458380.6,821596.0,583076.0,400386.3,2140851.1,234127.0,2893.9,2413556.6,41233.0,442491.8,352001.0,49152.7,9174.7,5699604.0,761608680.6,8867518.4,42556.8,276349.0,166879.0,376610.6,133642750.0,251198600.0,5316.6,7662.2,3351.1,2524845.7,139184.3,508253.0,40823.0,250833.8,39746.0,73401.4,5970591.0,12711.7,7234.2,737636.0,172073.0,3285660.5,465397.0
2005-04-01,144247.0,238178.0,62594.5,77011.6,11563.6,538266.2,349902.0,129061.2,16688427.3,84193310.7,2338181.5,813309.0,578003.0,396875.1,2114450.1,229616.0,2784.0,2380328.2,40701.0,437297.5,348491.0,48357.7,8980.0,5571929.0,730803743.0,8642636.1,42461.8,267099.0,163635.0,372549.4,132834975.0,246146800.0,5121.8,7300.9,3131.5,2453900.3,136997.0,491202.0,40272.0,247860.7,39566.5,67966.6,5633515.0,12433.4,7166.2,722695.0,166582.9,3230664.0,451560.5
2005-01-01,133495.1,233246.0,61549.8,76091.6,11209.9,519714.6,345081.0,127569.1,16107243.8,81356247.2,2233386.4,806657.0,574315.0,387169.1,2091998.7,224925.0,2651.0,2356371.6,41049.0,433406.0,341254.0,47557.3,8588.5,5399633.0,696818497.9,8319392.3,41518.0,253926.0,160487.0,369399.8,132478950.0,242443900.0,4963.5,7039.0,2979.2,2426263.2,135360.1,473906.0,39022.0,242865.5,38950.8,68522.5,5240579.0,12124.3,7019.5,715396.0,161558.6,3191821.5,439593.3
2004-10-01,126677.1,228931.0,61239.9,75496.1,10633.3,510881.6,341770.0,126507.5,15836776.5,,2165906.5,803004.0,572679.0,385658.6,2079053.3,221582.0,2545.6,2336709.1,40534.0,430224.0,338535.0,47792.2,8664.3,5261628.0,670285004.1,8081804.8,40270.7,258258.0,160000.0,368960.0,132480050.0,240410100.0,4844.5,7110.3,2787.0,2406482.8,134356.8,465107.0,38871.0,243195.5,38705.8,66858.6,5080884.0,11932.6,6938.1,711227.0,156663.4,3131803.5,429881.0
2004-07-01,122388.1,225004.0,60483.9,74770.3,10452.8,500792.5,337870.0,125162.2,15464766.2,,2074193.8,776300.0,572463.0,378360.0,2057993.7,216604.0,2488.9,2306395.2,39799.0,423940.2,331592.0,47996.2,8466.4,5286435.0,637119322.6,7861877.4,38883.4,248069.0,157639.0,365167.3,132619500.0,237374200.0,4613.6,7184.3,2724.5,2338504.9,133331.9,451867.0,38645.0,235316.0,38191.0,63542.3,4684422.0,11652.8,6871.8,711380.0,148948.8,3076326.8,417596.3
2004-04-01,121277.8,221903.0,59549.2,73663.3,10120.8,483875.7,332037.0,125726.9,14758515.2,,2000496.3,755334.0,573608.0,373750.6,2043921.9,212615.0,2337.8,2284434.7,39377.0,420799.9,329732.0,46898.7,8317.4,5283143.0,614527276.6,7593249.7,39190.3,236172.0,155432.0,362809.9,131912575.0,234608800.0,4493.0,7009.2,2569.3,2291377.3,132526.9,441307.0,38019.0,230717.6,37984.7,59104.2,4408401.0,11261.9,6736.2,702502.0,141762.7,3028203.8,407778.8
2004-01-01,114772.2,218487.0,59009.5,72890.0,9905.9,462200.2,324054.0,124316.6,14127891.8,,1907894.5,748138.0,567211.0,371905.1,2019018.5,209258.0,2410.8,2253501.9,39031.0,418034.7,322778.0,46375.8,8145.4,5201553.0,590155418.8,7250227.2,37774.5,237654.0,153455.0,357078.5,132342000.0,230492200.0,4337.6,6885.5,2536.1,2200513.0,130784.5,429841.0,37466.0,226881.0,37366.9,55183.2,4115077.0,11149.4,6665.6,694607.0,135477.9,2980861.8,397178.0
2003-10-01,,214334.0,58178.1,71392.0,9511.4,449857.7,318221.0,123786.6,13631282.4,,1831533.0,718947.0,565996.0,366525.5,1999152.8,205708.0,2270.6,2231366.5,38466.0,412084.2,320438.0,45167.5,7984.4,5050969.0,563618586.9,7135530.7,38690.6,225540.0,149719.0,353369.8,131599950.0,225364700.0,4287.9,6750.9,2378.1,2115224.1,130274.3,413122.0,36381.0,217655.5,37090.8,52204.2,3770918.0,10743.1,6518.4,684694.0,126732.2,2943058.5,383215.3
2003-07-01,,209088.0,57686.7,70520.6,9258.9,435747.3,314574.0,122181.3,13312192.2,,1743041.7,710583.0,564823.0,359250.6,1981843.4,202157.0,2201.2,2211584.4,38106.0,408966.2,317463.0,44140.9,7881.6,4835762.0,552925574.6,6805836.7,36182.2,220136.0,148405.0,352048.0,131095800.0,216793600.0,4181.6,6581.2,2342.1,2058470.3,128935.1,410206.0,35703.0,213973.1,36611.0,50132.3,3658562.0,10404.1,6416.5,679768.0,120552.7,2891667.3,375129.8
2003-04-01,,204367.0,57552.5,69948.7,8986.3,420450.7,309430.0,121042.8,13118588.9,,1679748.7,706808.0,557305.0,355649.3,1956504.2,199242.0,2171.4,2184407.6,37745.0,402148.4,312948.0,42959.2,7717.7,4685335.0,542199196.5,6628982.2,35934.2,217102.0,148430.0,348154.6,131128175.0,213958000.0,4092.2,6501.1,2250.7,2041109.4,128162.6,397403.0,34938.0,211594.4,36326.5,46473.3,3440265.0,10209.4,6278.4,670442.0,114858.2,2828191.5,369183.5
2003-01-01,,202397.0,57204.3,69338.9,8802.8,411895.3,312522.0,120686.3,12781511.3,,1630798.9,696158.0,556128.0,357467.9,1944162.9,195576.0,2106.0,2172083.2,37397.0,401578.9,307485.0,42105.3,7532.4,4537119.0,544614121.6,6409109.0,35002.8,224337.0,153412.0,345627.5,130344875.0,211994300.0,4105.1,6389.8,2163.9,2044626.2,127928.4,403364.0,34462.0,206897.9,36039.5,43107.8,3317125.0,9854.3,6131.4,673093.0,110028.8,2793532.3,362870.5
2002-10-01,,200182.0,56770.4,69267.8,8746.8,388756.7,306525.0,120721.1,12631597.8,,1560746.8,681104.0,561316.0,355947.1,1937734.4,191784.0,2039.3,2166978.9,37549.0,399447.7,304207.0,41016.3,7314.6,4488010.0,516997729.0,6193077.2,34979.2,221230.0,150420.0,343074.3,131103550.0,209718400.0,3895.7,6229.7,2136.6,2023250.4,127136.2,396724.0,33950.0,205468.3,35887.1,41499.3,,9643.9,6042.1,658842.0,102046.2,2765358.3,356071.3
2002-07-01,,196939.0,56568.8,68680.7,8558.9,376970.7,301036.0,120792.6,12259595.3,,1522563.5,678552.0,560474.0,355125.5,1925014.3,188921.0,1980.9,2150369.8,37018.0,397306.5,299230.0,39973.8,7159.0,4416377.0,506185706.4,6157271.1,34652.7,216250.0,150449.0,340414.5,131052125.0,204331400.0,3847.2,6293.4,2043.3,1992662.5,126583.8,392455.0,33866.0,204974.3,35776.5,39166.8,,9467.8,5873.8,652892.0,94231.9,2746010.0,346279.0
2002-04-01,,194274.0,56254.9,68026.5,8438.6,368555.6,296473.0,120453.3,11871584.7,,1479936.3,677581.0,553587.0,351740.7,1903352.6,186247.0,1947.8,2132533.6,37157.0,393476.6,295516.0,39562.0,6946.2,4290545.0,491483340.2,6030623.8,33378.4,216413.0,147493.0,336679.6,131053275.0,202265700.0,3798.8,6327.5,2025.6,1944499.1,125294.0,393957.0,32897.0,202548.3,35558.7,37501.6,,9154.9,5750.1,651869.0,86399.4,2721865.0,335479.0
2002-01-01,,190977.0,55619.2,67280.9,8267.4,354505.0,289660.0,120559.7,11676739.8,,1402958.0,666561.0,551668.0,348666.0,1886935.7,182792.0,1857.0,2114569.0,36716.0,390162.8,292486.0,38546.0,6850.1,4283669.0,478778564.8,5914277.4,32937.8,209211.0,145272.0,334062.0,131372925.0,196909900.0,3668.2,6164.2,1919.6,1865289.6,124007.0,381009.0,32976.0,202698.1,35331.9,34103.8,,9005.6,5644.9,643007.0,79432.0,2695875.0,322850.0
2001-10-01,,186830.0,55237.9,66533.0,7980.0,337225.8,284146.0,120732.1,11705672.2,,1372242.7,666587.0,553495.0,348864.9,1870365.8,180017.0,1838.4,2089975.5,36244.0,385758.9,288352.0,37951.3,6597.6,3921984.0,465576809.0,5848414.9,30886.1,221684.0,141111.0,330205.5,130974775.0,185751100.0,3614.9,6191.4,1891.3,1872037.3,122472.3,383952.0,32492.0,198798.3,34914.3,32414.3,,8824.5,5459.8,638381.0,71006.4,2665116.3,302554.8
2001-07-01,,184344.0,55048.1,66316.8,7856.4,329776.3,284701.0,121342.8,11456735.0,,1333224.3,655719.0,549871.0,344884.8,1856699.1,176986.0,1758.0,2072504.7,36368.0,385078.5,288166.0,37416.5,6449.7,3971564.0,458355756.3,5678461.5,30631.6,202499.0,142232.0,327941.4,131761700.0,185829200.0,3539.7,5915.6,1823.4,1870239.8,121215.4,390942.0,31576.0,197852.5,34040.7,30509.2,,8615.9,5337.9,625729.0,65840.4,2649505.0,292943.8
2001-04-01,,180578.0,54861.5,66230.2,7616.7,324846.7,288215.0,121115.1,11315695.4,,1294781.8,640123.0,547604.0,340833.6,1841616.2,173289.0,1724.8,2061209.4,36099.0,381401.5,286728.0,36347.0,6451.6,3886042.0,454775945.5,5575346.9,30390.6,201036.0,143163.0,326095.5,133557425.0,182705600.0,3538.5,5860.6,1833.9,1854775.9,120199.4,399751.0,31625.0,196278.6,33717.5,28583.3,,8541.7,5188.0,625560.0,59240.9,2649750.0,287623.8
2001-01-01,,178737.0,54411.3,65254.8,7457.0,323907.2,287481.0,120739.9,11036963.3,,1253301.7,630195.0,547492.0,337693.1,1828877.7,170666.0,1659.4,2040092.0,35902.0,379002.8,282889.0,35958.9,6249.9,3668979.0,422692714.6,5431091.3,30071.1,185684.0,142169.0,323437.7,135646400.0,178437200.0,3509.3,5903.6,1762.9,1840313.7,119195.5,392063.0,30567.0,193338.3,33102.6,25884.7,,8325.2,5036.0,618186.0,51178.5,2617557.8,282818.5
2000-10-01,,173864.0,53856.3,65340.7,7384.5,310334.8,283220.0,120387.5,10989142.2,,1205475.9,614736.0,533250.0,341971.3,1795299.8,166981.0,1638.5,2007016.5,35214.0,375585.7,278357.0,34829.4,6140.9,3523144.0,407576694.2,5343739.4,28421.9,185948.0,144302.0,318104.8,134454425.0,173231400.0,3407.1,5850.3,1706.7,1811548.8,116504.9,395562.0,30407.0,193095.6,32830.7,22843.0,,8259.0,4896.6,613853.0,47581.2,2608936.0,277115.3
2000-07-01,,174723.0,53615.2,64321.7,7105.0,306141.1,280442.0,118600.9,10681963.7,,1178943.6,607476.0,534089.0,331469.6,1776736.5,163101.0,1543.1,1985855.6,34462.0,371668.5,276174.0,34381.8,6079.6,3431179.0,387369358.0,5281357.8,27367.9,182518.0,142277.0,313205.0,133612600.0,171511600.0,3325.9,5843.8,1708.4,1786753.6,114195.5,383719.0,29632.0,189882.8,32442.3,20851.7,,8024.5,4761.4,611356.0,44490.8,2579541.3,270283.5
2000-04-01,,170526.0,52734.1,63734.3,6833.2,294304.8,274862.0,116789.7,10378437.9,,1132565.8,595485.0,533170.0,329024.9,1755880.1,160177.0,1514.8,1960975.3,33657.0,366602.9,273916.0,33891.8,5928.4,3263171.0,369214403.9,5176339.2,26736.4,176115.0,137852.0,308578.2,133836425.0,166144700.0,3324.7,5633.5,1663.8,1734137.2,111906.6,369138.0,29153.0,186339.2,31670.3,19364.1,,7782.8,4615.3,601643.0,41400.7,2561930.0,258148.8
2000-01-01,,168316.0,52395.6,62979.7,6691.1,288312.4,267547.0,115876.4,10242170.6,,1109340.8,583304.0,529375.0,323516.8,1735729.9,157310.0,1473.3,1934233.6,33053.0,361611.2,272305.0,33235.8,5802.8,3151275.0,356522132.7,5145229.7,25731.2,173983.0,131679.0,305809.0,133790100.0,164844800.0,3312.2,5656.1,1616.1,1677715.0,109768.7,360713.0,29118.0,181735.0,31471.2,17814.2,,7565.8,4506.0,581766.0,38021.5,2500544.8,247590.5
1999-10-01,,163392.0,50861.9,62189.8,7264.5,283995.6,260247.0,114681.6,10189328.2,,1084305.0,581562.0,522614.0,318756.3,1705485.2,153727.0,1401.8,1897645.6,32280.0,355431.0,267337.0,33100.7,5653.3,3058437.0,338663598.5,4960130.9,24788.8,172037.0,131688.0,299978.7,131960725.0,161883900.0,3189.8,5313.2,1597.4,1597943.3,107950.0,342295.0,28282.0,180040.5,30578.8,15926.7,,7259.7,4416.1,579922.0,31995.1,2475042.3,242240.3
1999-07-01,,160524.0,51118.0,60992.9,7155.0,271427.3,255327.0,111910.7,9668001.4,,1035976.2,568869.0,520592.0,310748.5,1682625.9,149761.0,1366.6,1870556.3,31882.0,350361.2,261604.0,32333.7,5573.5,2963159.0,327497102.9,4853434.7,23727.5,163671.0,126104.0,294446.3,132148800.0,157025300.0,3185.4,5258.8,1533.4,1541127.2,105746.1,325044.0,28143.0,170962.5,30017.2,14336.8,,7201.3,4292.1,569539.0,27831.0,2421656.5,236205.0
1999-04-01,,157667.0,50491.2,59977.6,5555.6,270282.4,248543.0,110514.9,9323728.2,,993656.2,561071.0,515316.0,307769.7,1659418.0,146934.0,1338.5,1840585.6,31498.0,345436.3,258404.0,31911.0,5570.9,2849440.0,326795179.3,4755974.8,22357.5,159906.0,124479.0,290870.1,132253825.0,148804000.0,3250.8,5066.0,1485.1,1481012.2,103923.0,304121.0,27650.0,164524.8,29687.2,13375.5,,7133.6,4221.8,558707.0,25209.7,2381552.5,225522.8
1999-01-01,,156801.0,50349.1,59147.3,5067.9,262005.8,243810.0,109922.5,9211538.0,,952865.4,550487.0,514317.0,303705.8,1648231.1,144820.0,1299.0,1825088.7,31228.0,342826.4,255903.0,31396.6,5519.7,2754202.0,329139062.8,4587261.2,21910.3,163190.0,121229.0,289499.9,132268275.0,145356100.0,3137.0,4905.0,1478.0,1417016.3,102361.5,295002.0,27130.0,158524.5,29320.1,11487.4,,7019.4,4096.4,555051.0,22338.5,2352920.5,221722.3
1998-10-01,,155341.0,49148.4,58546.6,7625.0,246884.6,238374.0,109657.4,9244741.1,,932804.2,547274.0,507898.0,301167.8,1627954.5,143880.0,1281.0,1804906.5,30635.0,340163.4,253902.0,31098.0,5539.3,2737702.0,315424423.2,4531079.7,20941.5,161444.0,119749.0,287588.2,134821150.0,140115800.0,3284.4,4754.4,1456.6,1354310.3,100589.8,294647.0,27071.0,157446.1,28618.9,10327.4,,6970.1,3951.9,551025.0,20561.3,2323497.8,216945.5
1998-07-01,,152428.0,48999.5,58459.0,7385.5,254773.1,234718.0,110297.6,9531824.6,,886374.1,550189.0,506275.0,298026.7,1606554.0,139798.0,1285.7,1785460.3,30463.0,337701.9,250560.0,30502.0,5469.8,2662390.0,311370280.7,4375588.2,20782.9,156359.0,114925.0,285202.0,133476800.0,138052000.0,3305.4,4522.7,1481.5,1302690.6,99408.5,292197.0,26350.0,154009.2,28169.2,9552.1,,6745.4,3868.1,540403.0,18847.9,2280274.3,213252.8
1998-04-01,,149789.0,48805.0,58051.1,5885.9,253571.0,233803.0,110487.6,9562357.1,,858562.2,542804.0,503379.0,292116.1,1590580.7,137521.0,1266.0,1769454.8,30000.0,336048.5,248081.0,29968.2,5407.2,2566651.0,268337711.0,4192478.1,19879.2,155133.0,111887.0,285020.7,133702750.0,136678400.0,3268.1,4447.4,1459.6,1247302.3,98042.2,291190.0,26202.0,149264.8,27607.6,8871.5,,6608.2,3750.3,535024.0,16954.1,2242424.8,211364.0
1998-01-01,,148576.0,48221.2,57567.1,5563.7,247122.3,233653.0,109223.4,9404428.2,,833220.3,526509.0,503130.0,293907.4,1575713.6,134360.0,1270.0,1750593.5,29333.0,333037.2,245958.0,29360.4,5315.8,2489309.0,253872248.9,4061258.6,19116.4,139983.0,109965.0,281326.7,134491450.0,141940800.0,3214.0,4397.2,1458.6,1190366.2,96969.1,285650.0,26198.0,145218.6,26957.7,8256.7,,6472.0,3682.2,528584.0,15581.4,2216620.0,204171.3
1997-10-01,,147478.0,47759.7,57129.2,6370.3,243560.2,230995.0,108051.1,9323760.4,,800564.4,515263.0,499194.0,291074.5,1568858.6,134781.0,1231.4,1740709.0,29037.0,328812.4,241270.0,28855.5,5131.4,2361607.0,206867771.1,3888655.3,18659.1,141907.0,106673.0,279637.6,136245675.0,147101700.0,3124.4,4463.3,1407.9,1134039.6,95494.1,292701.0,26122.0,137990.6,26236.6,7635.0,,6304.4,3607.4,527275.0,,2191476.8,201445.8
1997-07-01,,143640.0,47132.1,56562.1,6555.4,242674.1,228141.0,107435.9,9011902.4,,731473.3,497791.0,494679.0,286169.6,1544054.0,130437.0,1184.1,1713906.6,28029.0,324435.2,243388.0,28084.8,4983.7,2262673.0,192183222.5,3766726.8,17564.9,136847.0,104100.0,275533.8,136009175.0,142223200.0,2983.5,4449.2,1327.0,1062509.6,93299.4,287248.0,26452.0,133339.1,25895.4,6857.8,,6244.3,3495.0,515388.0,,2165705.8,196949.5
1997-04-01,,142744.0,46508.0,55756.1,3951.9,235228.8,224853.0,106242.4,8875726.1,,704962.7,487254.0,490378.0,286127.4,1529402.1,127662.0,1116.6,1694626.1,27147.0,320621.8,235998.0,27386.0,4840.7,2158770.0,179963443.6,3707042.2,17056.3,134831.0,101540.0,272103.3,136018150.0,138233100.0,2880.7,4282.7,1284.2,999207.1,91486.8,285004.0,26055.0,128529.7,25298.7,5870.6,,6085.8,3416.2,509283.0,,2129706.3,192666.0
1997-01-01,,139213.0,46362.3,54654.1,2154.8,230625.9,222937.0,106183.2,8737926.7,,689873.2,480037.0,485613.0,280801.0,1514863.4,126091.0,1036.5,1677584.5,26551.0,316241.6,232749.0,26709.2,4678.4,2077353.0,175599610.8,3623678.8,16156.9,133568.0,99781.0,267577.7,135531825.0,132944000.0,2780.2,4150.9,1220.4,948955.9,89696.9,276387.0,25221.0,122686.7,24900.2,5136.7,,5944.0,3286.2,499161.0,,2090663.8,187583.3
1996-10-01,,137931.0,45694.4,54161.3,894.2,229300.7,219420.0,105132.2,8350789.4,,646499.8,476546.0,489117.0,276043.4,1517147.4,124870.0,991.7,1677934.0,26139.0,314009.3,232461.0,26079.7,4536.1,1909349.0,175618948.0,3539601.3,15502.7,130591.0,96026.0,264027.8,135290125.0,131605800.0,2607.4,3987.8,1212.7,901485.8,88103.6,273599.0,25472.0,115295.8,24147.1,3292.7,,5848.5,3190.6,491420.0,,2064942.8,182719.0
1996-07-01,,135966.0,45572.1,53619.7,575.0,218361.2,216136.0,104735.8,8063593.5,,618558.1,464267.0,483811.0,274635.0,1511516.2,123502.0,957.8,1671418.6,25457.0,312537.2,229912.0,25403.2,4374.8,1815058.0,161280495.6,3424047.4,14920.2,126806.0,93421.0,262927.8,134034700.0,128777500.0,2525.4,4119.8,1148.9,839253.5,87072.8,267777.0,25404.0,110963.8,23979.4,3011.9,,5640.7,3089.2,493172.0,,2032852.0,178088.5
1996-04-01,,135308.0,45270.1,53319.7,364.0,207287.4,213226.0,105570.4,8052749.9,,583482.2,454523.0,481295.0,271569.4,1497964.8,121143.0,893.3,1655271.4,25294.0,311119.7,226187.0,24751.4,4252.7,1742677.0,155257265.5,3336151.0,14988.6,126575.0,90118.0,261173.7,134009000.0,125187100.0,2341.1,3897.1,1108.2,791002.1,85628.7,256775.0,25000.0,105997.3,23292.5,2633.2,,5461.5,2984.4,482537.0,,2008210.0,173818.3
1996-01-01,,133194.0,44874.4,53186.4,353.9,199813.7,211052.0,105127.0,7886396.1,,575179.3,443706.0,475524.0,264899.3,1480252.5,119431.0,832.8,1635783.2,25087.0,309767.1,221433.0,24208.8,4138.1,1687637.0,148095385.0,,14643.4,127185.0,86404.0,258871.7,132246650.0,122197900.0,2303.6,4038.8,1066.0,748981.5,84382.1,256521.0,24571.0,100879.5,22932.6,2449.9,,5297.4,2882.4,491010.0,,1967117.0,167178.0
1995-10-01,,131592.0,44517.0,52905.6,395.3,,210170.0,104961.1,,,568812.3,421668.0,479068.0,262069.3,1466941.3,117778.0,777.1,1617109.0,24888.7,306338.4,217824.0,23611.7,4124.7,1613268.0,144556273.9,,14053.1,122038.0,83203.0,255474.6,131763125.0,117551300.0,2148.8,3968.4,1010.2,691734.4,83901.6,244788.0,24241.0,89056.0,22667.3,2071.5,,5079.7,2783.9,484111.0,,1943146.5,163632.3
1995-07-01,,128990.0,44318.5,52942.9,335.3,,208244.0,105006.8,,,510099.0,410416.0,478202.0,258159.4,1452712.4,115575.0,727.1,1598715.1,24785.1,304874.1,214616.0,23171.4,3743.0,1505033.0,138124583.1,,13688.7,120138.0,81144.0,249824.2,131344125.0,116324600.0,2030.9,3747.6,980.0,634639.6,83307.8,241335.0,23781.0,90386.5,22402.0,1938.1,,4948.7,2693.8,478472.0,,1920781.3,158234.0
1995-04-01,,126278.0,43893.0,52425.6,277.1,,207214.0,104055.0,,,490801.5,394118.0,475016.0,257770.6,1430901.1,114297.0,694.6,1572541.1,24781.4,303301.8,210748.0,22625.6,3914.8,1426971.0,134602460.1,,13648.0,119116.0,78708.0,245229.9,129692050.0,111663800.0,1876.7,3827.6,972.7,583003.7,81291.6,239211.0,23631.0,85579.6,22155.9,1846.6,,5329.5,2597.9,474966.0,,1895249.3,152471.5
1995-01-01,,124575.0,43230.0,52215.0,268.0,,205993.0,103449.2,,,504834.3,380078.0,468223.0,257595.9,1413809.1,112609.0,661.0,1555486.2,23998.8,300395.5,208657.0,22209.5,3961.9,1317475.0,129132547.7,,13333.6,115657.0,75522.0,241029.7,128727475.0,106647400.0,1760.6,3686.8,968.5,531596.7,81558.9,237804.0,23093.0,81620.9,21803.3,1754.4,,4669.8,2521.8,466883.0,,1880572.3,148563.3
1994-10-01,,122406.0,,,,,202697.0,103741.2,,,434541.0,,468003.0,254330.9,,,,,23733.1,298430.3,207015.0,,,,122815184.6,,,,,,127900525.0,102315300.0,,,,495676.6,,231298.0,22878.0,,,,,,,453501.0,,1863822.0,143232.0
1994-07-01,,123044.0,,,,,200196.0,103152.8,,,415963.9,,460378.0,248421.0,,,,,22966.4,294652.1,203292.0,,,,117815638.4,,,,,,128242075.0,97731300.0,,,,474858.9,,225206.0,22283.0,,,,,,,442688.0,,1832768.8,136276.8
1994-04-01,,119521.0,,,,,195915.0,102163.8,,,407268.2,,456359.0,247471.1,,,,,22203.7,291602.2,200691.0,,,,112168341.0,,,,,,127255175.0,94066300.0,,,,458435.0,,222852.0,22058.0,,,,,,,435347.0,,1811732.8,133897.3
1994-01-01,,118001.0,,,,,193164.0,102953.8,,,390244.4,,452583.0,242144.6,,,,,21742.8,287631.9,199796.0,,,,106704409.8,,,,,,127531075.0,90883700.0,,,,440010.8,,217887.0,21878.0,,,,,,,428631.0,,1778913.0,131686.5
1993-10-01,,115645.0,,,,,189692.0,102092.5,,,374774.4,,443780.0,235040.8,,,,,21619.8,285211.3,196921.0,,,,104503812.2,,,,,,,85553700.0,,,,428331.7,,220730.0,21153.0,,,,,,,421113.0,,1753434.5,126493.5
1993-07-01,,113255.0,,,,,187517.0,101265.0,,,352812.9,,440966.0,233331.4,,,,,21445.7,283615.6,193552.0,,,,100827705.7,,,,,,,82800600.0,,,,419409.1,,216872.0,20917.0,,,,,,,414346.0,,1720524.5,122533.8
1993-04-01,,113413.0,,,,,186340.0,100232.8,,,330725.5,,438363.0,229463.5,,,,,21301.4,283005.3,189802.0,,,,97070409.7,,,,,,,80415100.0,,,,406029.0,,210806.0,20506.0,,,,,,,410942.0,,1702234.8,117932.3
1993-01-01,,112266.0,,,,,183488.0,98330.3,,,305785.1,,432411.0,230083.7,,,,,21243.1,282441.1,189580.0,,,,94053823.7,,,,,,,76878400.0,,,,398772.2,,206993.0,20285.0,,,,,,,406583.0,,1682364.8,114034.8
1992-10-01,,110383.0,,,,,181833.0,97900.9,,,312790.8,,431623.0,233033.5,,,,,21077.1,281185.0,184989.0,,,,89262743.1,,,,,,,74263300.0,,,,,,205792.0,19535.0,,,,,,,,,1670200.8,
1992-07-01,,108192.0,,,,,180415.0,98027.1,,,302411.1,,428598.0,232367.1,,,,,21149.0,280867.3,182558.0,,,,86468738.2,,,,,,,72366400.0,,,,,,204240.0,18948.0,,,,,,,,,1641660.3,
1992-04-01,,107165.0,,,,,178686.0,98846.4,,,278228.1,,425828.0,229046.2,,,,,21223.0,279894.5,181889.0,,,,83048163.5,,,,,,,71174100.0,,,,,,202194.0,19509.0,,,,,,,,,1617690.8,
1992-01-01,,106759.0,,,,,177502.0,98634.3,,,259201.9,,422287.0,228874.3,,,,,21336.9,279385.1,181438.0,,,,80714891.3,,,,,,,68633700.0,,,,,,200868.0,19281.0,,,,,,,,,1590775.5,
1991-10-01,,105234.0,,,,,176679.0,97588.2,,,241591.5,,412480.0,221554.3,,,,,21393.6,275248.0,179590.0,,,,78744938.6,,,,,,,66794900.0,,,,,,198589.0,18985.0,,,,,,,,,1566135.0,
1991-07-01,,104266.0,,,,,176199.0,96739.1,,,224906.0,,397785.0,224635.1,,,,,21637.5,272521.9,177280.0,,,,76503248.4,,,,,,,63709200.0,,,,,,197768.0,19102.0,,,,,,,,,1551484.3,
1991-04-01,,103499.0,,,,,175393.0,95741.1,,,214088.1,,396773.0,221935.5,,,,,21841.5,269870.6,175822.0,,,,73923334.3,,,,,,,60972100.0,,,,,,197852.0,18626.0,,,,,,,,,1531715.5,
1991-01-01,,103441.0,,,,,173502.0,95679.6,,,201359.9,,389815.0,222143.2,,,,,22040.5,266142.7,173192.0,,,,71340187.2,,,,,,,58488800.0,,,,,,195879.0,18548.0,,,,,,,,,1508794.5,
1990-10-01,,104850.0,,,,,174192.0,93884.2,,,,,,,,,,,22571.9,264098.4,170954.0,,,,66137574.8,,,,,,,54987800.0,,,,,,198245.0,19452.0,,,,,,,,,1501183.3,
1990-07-01,,103611.0,,,,,174421.0,92907.9,,,,,,,,,,,22668.0,262308.5,170068.0,,,,64489903.9,,,,,,,53343100.0,,,,,,187979.0,19267.0,,,,,,,,,1503779.0,
1990-04-01,,104207.0,,,,,173906.0,92079.4,,,,,,,,,,,22839.0,260765.6,166719.0,,,,62429697.7,,,,,,,50266900.0,,,,,,182998.0,18886.0,,,,,,,,,1490007.0,
1990-01-01,,102270.0,,,,,172982.0,90520.6,,,,,,,,,,,22885.1,257330.8,163056.0,,,,60445711.8,,,,,,,48114900.0,,,,,,180638.0,18991.0,,,,,,,,,1468175.3,
1989-10-01,,100454.0,,,,,170308.0,87649.1,,,,,,,,,,,,254436.7,159376.0,,,,,,,,,,,45947700.0,,,,,,179817.0,18853.0,,,,,,,,,1436809.3,
1989-07-01,,98717.0,,,,,169783.0,85813.0,,,,,,,,,,,,249282.4,155370.0,,,,,,,,,,,42898200.0,,,,,,178246.0,18340.0,,,,,,,,,1423841.3,
1989-04-01,,96843.0,,,,,167448.0,84498.3,,,,,,,,,,,,244730.1,151262.0,,,,,,,,,,,41412700.0,,,,,,177959.0,18423.0,,,,,,,,,1403115.8,
1989-01-01,,93227.0,,,,,164040.0,82533.2,,,,,,,,,,,,241151.2,148623.0,,,,,,,,,,,40449900.0,,,,,,172614.0,18096.0,,,,,,,,,1377813.3,
1988-10-01,,90598.0,,,,,161017.0,81479.1,,,,,,,,,,,,236313.4,144969.0,,,,,,,,,,,40042300.0,,,,,,166437.0,17682.0,,,,,,,,,1349877.3,
1988-07-01,,87739.0,,,,,157848.0,79317.9,,,,,,,,,,,,231756.3,140801.0,,,,,,,,,,,38016300.0,,,,,,165544.0,17910.0,,,,,,,,,1320708.8,
1988-04-01,,84725.0,,,,,155292.0,77692.0,,,,,,,,,,,,226293.3,136630.0,,,,,,,,,,,36240500.0,,,,,,165521.0,16929.0,,,,,,,,,1297509.0,
1988-01-01,,82675.0,,,,,152737.0,76647.4,,,,,,,,,,,,222748.5,133283.0,,,,,,,,,,,36001300.0,,,,,,166582.0,16832.0,,,,,,,,,1268343.0,
1987-10-01,,79790.0,,,,,148940.0,76069.6,,,,,,,,,,,,218079.9,129815.0,,,,,,,,,,,33650300.0,,,,,,163160.0,16421.0,,,,,,,,,1251998.5,
1987-07-01,,77467.0,,,,,145420.0,74838.2,,,,,,,,,,,,213721.3,127119.0,,,,,,,,,,,31854400.0,,,,,,159882.0,16096.0,,,,,,,,,1221138.8,
1987-04-01,,75066.0,,,,,141855.0,73444.5,,,,,,,,,,,,210551.0,121739.0,,,,,,,,,,,30739000.0,,,,,,159249.0,15792.0,,,,,,,,,1201540.0,
1987-01-01,,72336.0,,,,,138121.0,72523.1,,,,,,,,,,,,206767.0,118136.0,,,,,,,,,,,28984400.0,,,,,,152584.0,,,,,,,,,,1180539.0,
1986-10-01,,70549.0,,,,,133461.0,72114.5,,,,,,,,,,,,206316.8,115779.0,,,,,,,,,,,28091400.0,,,,,,151610.0,,,,,,,,,,1164406.8,
1986-07-01,,68264.0,,,,,132555.0,71944.2,,,,,,,,,,,,204270.7,111989.0,,,,,,,,,,,27170400.0,,,,,,145542.0,,,,,,,,,,1151917.3,
1986-04-01,,67029.0,,,,,130961.0,71503.7,,,,,,,,,,,,200579.0,110079.0,,,,,,,,,,,25660800.0,,,,,,140610.0,,,,,,,,,,1136335.0,
1986-01-01,,65847.0,,,,,129653.0,70598.9,,,,,,,,,,,,196752.7,108753.0,,,,,,,,,,,24822000.0,,,,,,144149.0,,,,,,,,,,1126973.5,
1985-10-01,,64626.0,,,,,128697.0,69636.2,,,,,,,,,,,,192844.9,106841.0,,,,,,,,,,,23773600.0,,,,,,146401.0,,,,,,,,,,1111023.5,
1985-07-01,,63394.0,,,,,125968.0,68303.8,,,,,,,,,,,,189337.4,105169.0,,,,,,,,,,,23184600.0,,,,,,144877.0,,,,,,,,,,1096693.3,
1985-04-01,,61954.0,,,,,123838.0,67813.1,,,,,,,,,,,,186085.3,103208.0,,,,,,,,,,,22144400.0,,,,,,136198.0,,,,,,,,,,1073721.8,
1985-01-01,,59623.0,,,,,121524.0,66901.4,,,,,,,,,,,,181874.3,99412.0,,,,,,,,,,,21174400.0,,,,,,134927.0,,,,,,,,,,1057542.0,
1984-10-01,,57421.0,,,,,118843.0,65861.9,,,,,,,,,,,,178514.9,97962.0,,,,,,,,,,,20847400.0,,,,,,131053.0,,,,,,,,,,1037137.8,
1984-07-01,,56487.0,,,,,116295.0,64953.5,,,,,,,,,,,,176904.2,94862.0,,,,,,,,,,,20749100.0,,,,,,130012.0,,,,,,,,,,1021062.5,
1984-04-01,,55819.0,,,,,114888.0,63625.9,,,,,,,,,,,,173579.6,93433.0,,,,,,,,,,,19742200.0,,,,,,125234.0,,,,,,,,,,1002400.3,
1984-01-01,,54572.0,,,,,111960.0,62615.2,,,,,,,,,,,,170501.0,91663.0,,,,,,,,,,,19057100.0,,,,,,120188.0,,,,,,,,,,977013.5,
1983-10-01,,52410.0,,,,,109316.0,61143.8,,,,,,,,,,,,166615.7,90695.0,,,,,,,,,,,18171500.0,,,,,,116196.0,,,,,,,,,,948676.5,
1983-07-01,,50999.0,,,,,107240.0,60230.8,,,,,,,,,,,,163049.3,88637.0,,,,,,,,,,,17806200.0,,,,,,113986.0,,,,,,,,,,922294.8,
1983-04-01,,48207.0,,,,,103951.0,59687.1,,,,,,,,,,,,158577.7,86288.0,,,,,,,,,,,16969700.0,,,,,,111145.0,,,,,,,,,,894712.0,
1983-01-01,,47696.0,,,,,100809.0,59326.1,,,,,,,,,,,,154297.5,85727.0,,,,,,,,,,,16576000.0,,,,,,108331.0,,,,,,,,,,868353.3,
1982-10-01,,47284.0,,,,,98411.0,59092.8,,,,,,,,,,,,149612.3,82667.0,,,,,,,,,,,15408500.0,,,,,,105070.0,,,,,,,,,,850640.3,
1982-07-01,,46558.0,,,,,97390.0,58625.0,,,,,,,,,,,,146461.6,80430.0,,,,,,,,,,,14802800.0,,,,,,102883.0,,,,,,,,,,841580.5,
1982-04-01,,45974.0,,,,,96629.0,58177.4,,,,,,,,,,,,143762.6,78993.0,,,,,,,,,,,14414100.0,,,,,,99504.0,,,,,,,,,,832993.0,
1982-01-01,,44286.0,,,,,95751.0,57364.5,,,,,,,,,,,,139087.6,77468.0,,,,,,,,,,,13803800.0,,,,,,96868.0,,,,,,,,,,818575.5,
1981-10-01,,43357.0,,,,,94157.0,56811.8,,,,,,,,,,,,133648.4,75596.0,,,,,,,,,,,13628000.0,,,,,,93603.0,,,,,,,,,,820204.5,
1981-07-01,,42160.0,,,,,93205.0,55709.6,,,,,,,,,,,,128109.2,73310.0,,,,,,,,,,,13024400.0,,,,,,92886.0,,,,,,,,,,815152.3,
1981-04-01,,39988.0,,,,,91998.0,54513.5,,,,,,,,,,,,123406.2,71334.0,,,,,,,,,,,12413400.0,,,,,,91869.0,,,,,,,,,,790633.0,
1981-01-01,,38555.0,,,,,88998.0,53212.6,,,,,,,,,,,,119402.8,69940.0,,,,,,,,,,,11525900.0,,,,,,86656.0,,,,,,,,,,781051.5,
1980-10-01,,37805.0,,,,,84838.0,52490.3,,,,,,,,,,,,115757.9,68138.0,,,,,,,,,,,10931600.0,,,,,,83362.0,,,,,,,,,,746389.3,
1980-07-01,,36148.0,,,,,81191.0,51636.9,,,,,,,,,,,,113503.7,66021.0,,,,,,,,,,,10367600.0,,,,,,79524.0,,,,,,,,,,714120.8,
1980-04-01,,34990.0,,,,,79307.0,50869.8,,,,,,,,,,,,110396.0,63704.0,,,,,,,,,,,9797000.0,,,,,,78440.0,,,,,,,,,,699338.0,
1980-01-01,,34220.0,,,,,77446.0,50219.5,,,,,,,,,,,,107686.5,62107.0,,,,,,,,,,,9327200.0,,,,,,76953.0,,,,,,,,,,697460.5,
1979-10-01,,33310.0,,,,,75485.0,,,,,,,,,,,,,,59789.0,,,,,,,,,,,8848400.0,,,,,,70953.0,,,,,,,,,,680970.8,
1979-07-01,,32032.0,,,,,73230.0,,,,,,,,,,,,,,56767.0,,,,,,,,,,,8442100.0,,,,,,68908.0,,,,,,,,,,666891.3,
1979-04-01,,30960.0,,,,,71043.0,,,,,,,,,,,,,,53966.0,,,,,,,,,,,8008000.0,,,,,,66136.0,,,,,,,,,,647811.8,
1979-01-01,,30491.0,,,,,67850.0,,,,,,,,,,,,,,50459.0,,,,,,,,,,,7654100.0,,,,,,63071.0,,,,,,,,,,631652.5,
1978-10-01,,29035.0,,,,,65773.0,,,,,,,,,,,,,,48906.0,,,,,,,,,,,7177300.0,,,,,,64126.0,,,,,,,,,,619237.3,
1978-07-01,,28290.0,,,,,63801.0,,,,,,,,,,,,,,47207.0,,,,,,,,,,,6644000.0,,,,,,62436.0,,,,,,,,,,598763.3,
1978-04-01,,27372.0,,,,,62171.0,,,,,,,,,,,,,,45905.0,,,,,,,,,,,6100000.0,,,,,,59290.0,,,,,,,,,,582908.3,
1978-01-01,,26577.0,,,,,60330.0,,,,,,,,,,,,,,44140.0,,,,,,,,,,,5645900.0,,,,,,58035.0,,,,,,,,,,550690.0,
1977-10-01,,25730.0,,,,,58990.0,,,,,,,,,,,,,,42165.0,,,,,,,,,,,5311900.0,,,,,,,,,,,,,,,,541067.5,
1977-07-01,,25442.0,,,,,57431.0,,,,,,,,,,,,,,40339.0,,,,,,,,,,,4874700.0,,,,,,,,,,,,,,,,529618.3,
1977-04-01,,25103.0,,,,,56202.0,,,,,,,,,,,,,,39244.0,,,,,,,,,,,4504100.0,,,,,,,,,,,,,,,,513977.3,
1977-01-01,,24279.0,,,,,54978.0,,,,,,,,,,,,,,38038.0,,,,,,,,,,,4216600.0,,,,,,,,,,,,,,,,497162.0,
1976-10-01,,23750.0,,,,,53249.0,,,,,,,,,,,,,,36678.0,,,,,,,,,,,3942800.0,,,,,,,,,,,,,,,,483568.3,
1976-07-01,,23016.0,,,,,52112.0,,,,,,,,,,,,,,34550.0,,,,,,,,,,,3793500.0,,,,,,,,,,,,,,,,471639.5,
1976-04-01,,22240.0,,,,,51563.0,,,,,,,,,,,,,,33322.0,,,,,,,,,,,3636700.0,,,,,,,,,,,,,,,,463083.0,
1976-01-01,,21303.0,,,,,49062.0,,,,,,,,,,,,,,32449.0,,,,,,,,,,,3326600.0,,,,,,,,,,,,,,,,455121.8,
1975-10-01,,20338.0,,,,,47107.0,,,,,,,,,,,,,,30890.0,,,,,,,,,,,2942600.0,,,,,,,,,,,,,,,,440457.8,
1975-07-01,,19402.0,,,,,45554.0,,,,,,,,,,,,,,29260.0,,,,,,,,,,,2735700.0,,,,,,,,,,,,,,,,427455.0,
1975-04-01,,18830.0,,,,,43406.0,,,,,,,,,,,,,,28129.0,,,,,,,,,,,2622300.0,,,,,,,,,,,,,,,,412963.3,
1975-01-01,,17999.0,,,,,41861.0,,,,,,,,,,,,,,26814.0,,,,,,,,,,,2408400.0,,,,,,,,,,,,,,,,404029.0,
1974-10-01,,17647.0,,,,,41300.0,,,,,,,,,,,,,,24994.0,,,,,,,,,,,2241000.0,,,,,,,,,,,,,,,,399919.8,
1974-07-01,,16753.0,,,,,40561.0,,,,,,,,,,,,,,23896.0,,,,,,,,,,,2020700.0,,,,,,,,,,,,,,,,390006.5,
1974-04-01,,15768.0,,,,,38990.0,,,,,,,,,,,,,,22651.0,,,,,,,,,,,1907000.0,,,,,,,,,,,,,,,,382514.0,
1974-01-01,,15498.0,,,,,37325.0,,,,,,,,,,,,,,21132.0,,,,,,,,,,,1864500.0,,,,,,,,,,,,,,,,372802.3,
1973-10-01,,14970.0,,,,,35636.0,,,,,,,,,,,,,,21315.0,,,,,,,,,,,1552400.0,,,,,,,,,,,,,,,,369072.3,
1973-07-01,,14037.0,,,,,33631.0,,,,,,,,,,,,,,20558.0,,,,,,,,,,,1467100.0,,,,,,,,,,,,,,,,358459.5,
1973-04-01,,13293.0,,,,,32510.0,,,,,,,,,,,,,,19874.0,,,,,,,,,,,1329900.0,,,,,,,,,,,,,,,,353471.8,
1973-01-01,,12696.0,,,,,31189.0,,,,,,,,,,,,,,20046.0,,,,,,,,,,,1254100.0,,,,,,,,,,,,,,,,344372.5,
1972-10-01,,12091.0,,,,,29822.0,,,,,,,,,,,,,,18832.0,,,,,,,,,,,1185400.0,,,,,,,,,,,,,,,,332226.0,
1972-07-01,,11702.0,,,,,28596.0,,,,,,,,,,,,,,17759.0,,,,,,,,,,,1107700.0,,,,,,,,,,,,,,,,322641.5,
1972-04-01,,11542.0,,,,,28066.0,,,,,,,,,,,,,,17388.0,,,,,,,,,,,1053800.0,,,,,,,,,,,,,,,,316592.3,
1972-01-01,,11118.0,,,,,27037.0,,,,,,,,,,,,,,16599.0,,,,,,,,,,,971200.0,,,,,,,,,,,,,,,,307652.3,
1971-10-01,,10918.0,,,,,26609.0,,,,,,,,,,,,,,16394.0,,,,,,,,,,,921300.0,,,,,,,,,,,,,,,,297574.3,
1971-07-01,,10902.0,,,,,25906.0,,,,,,,,,,,,,,15993.0,,,,,,,,,,,880100.0,,,,,,,,,,,,,,,,294418.8,
1971-04-01,,10493.0,,,,,25078.0,,,,,,,,,,,,,,15497.0,,,,,,,,,,,855200.0,,,,,,,,,,,,,,,,289067.8,
1971-01-01,,10261.0,,,,,24072.0,,,,,,,,,,,,,,14986.0,,,,,,,,,,,816700.0,,,,,,,,,,,,,,,,283789.0,
1970-10-01,,9880.0,,,,,23729.0,,,,,,,,,,,,,,14765.0,,,,,,,,,,,782600.0,,,,,,,,,,,,,,,,272152.0,
1970-07-01,,9719.0,,,,,23524.0,,,,,,,,,,,,,,14253.0,,,,,,,,,,,722900.0,,,,,,,,,,,,,,,,271514.8,
1970-04-01,,9656.0,,,,,23056.0,,,,,,,,,,,,,,13803.0,,,,,,,,,,,662900.0,,,,,,,,,,,,,,,,266843.8,
1970-01-01,,9298.0,,,,,22844.0,,,,,,,,,,,,,,13220.0,,,,,,,,,,,652900.0,,,,,,,,,,,,,,,,262800.0,
1969-10-01,,9074.0,,,,,22327.0,,,,,,,,,,,,,,12867.0,,,,,,,,,,,629630.0,,,,,,,,,,,,,,,,259536.8,
1969-07-01,,8858.0,,,,,21785.0,,,,,,,,,,,,,,12541.0,,,,,,,,,,,595940.0,,,,,,,,,,,,,,,,257489.0,
1969-04-01,,8545.0,,,,,21369.0,,,,,,,,,,,,,,12267.0,,,,,,,,,,,528580.0,,,,,,,,,,,,,,,,252255.0,
1969-01-01,,8283.0,,,,,20949.0,,,,,,,,,,,,,,12086.0,,,,,,,,,,,477310.0,,,,,,,,,,,,,,,,248334.3,
1968-10-01,,8169.0,,,,,20370.0,,,,,,,,,,,,,,11882.0,,,,,,,,,,,445740.0,,,,,,,,,,,,,,,,242007.5,
1968-07-01,,7756.0,,,,,19862.0,,,,,,,,,,,,,,11586.0,,,,,,,,,,,434230.0,,,,,,,,,,,,,,,,237706.3,
1968-04-01,,7532.0,,,,,19413.0,,,,,,,,,,,,,,11230.0,,,,,,,,,,,424270.0,,,,,,,,,,,,,,,,233586.0,
1968-01-01,,7345.0,,,,,18829.0,,,,,,,,,,,,,,11097.0,,,,,,,,,,,401860.0,,,,,,,,,,,,,,,,227346.8,
1967-10-01,,7235.0,,,,,18410.0,,,,,,,,,,,,,,10619.0,,,,,,,,,,,360460.0,,,,,,,,,,,,,,,,220359.8,
1967-07-01,,7094.0,,,,,18095.0,,,,,,,,,,,,,,10483.0,,,,,,,,,,,342720.0,,,,,,,,,,,,,,,,216308.3,
1967-04-01,,6988.0,,,,,17936.0,,,,,,,,,,,,,,10413.0,,,,,,,,,,,323560.0,,,,,,,,,,,,,,,,212245.8,
1967-01-01,,6938.0,,,,,17371.0,,,,,,,,,,,,,,10158.0,,,,,,,,,,,297440.0,,,,,,,,,,,,,,,,211042.5,
1966-10-01,,6701.0,,,,,17162.0,,,,,,,,,,,,,,10060.0,,,,,,,,,,,284550.0,,,,,,,,,,,,,,,,208325.5,
1966-07-01,,6537.0,,,,,16841.0,,,,,,,,,,,,,,9956.0,,,,,,,,,,,278910.0,,,,,,,,,,,,,,,,204909.5,
1966-04-01,,6250.0,,,,,16622.0,,,,,,,,,,,,,,9772.0,,,,,,,,,,,267760.0,,,,,,,,,,,,,,,,201245.3,
1966-01-01,,6092.0,,,,,16080.0,,,,,,,,,,,,,,9606.0,,,,,,,,,,,242460.0,,,,,,,,,,,,,,,,198933.5,
1965-10-01,,6057.0,,,,,15554.0,,,,,,,,,,,,,,9464.0,,,,,,,,,,,223850.0,,,,,,,,,,,,,,,,192964.3,
1965-07-01,,5986.0,,,,,15016.0,,,,,,,,,,,,,,9283.0,,,,,,,,,,,208180.0,,,,,,,,,,,,,,,,187330.8,
1965-04-01,,5965.0,,,,,14664.0,,,,,,,,,,,,,,9062.0,,,,,,,,,,,204370.0,,,,,,,,,,,,,,,,182547.8,
1965-01-01,,5851.0,,,,,14317.0,,,,,,,,,,,,,,9019.0,,,,,,,,,,,200380.0,,,,,,,,,,,,,,,,179447.5,
1964-10-01,,5765.0,,,,,13831.0,,,,,,,,,,,,,,8854.0,,,,,,,,,,,211040.0,,,,,,,,,,,,,,,,174329.8,
1964-07-01,,5586.0,,,,,13645.0,,,,,,,,,,,,,,8618.0,,,,,,,,,,,193490.0,,,,,,,,,,,,,,,,173007.8,
1964-04-01,,5501.0,,,,,13355.0,,,,,,,,,,,,,,8433.0,,,,,,,,,,,178230.0,,,,,,,,,,,,,,,,169668.5,
1964-01-01,,5319.0,,,,,13144.0,,,,,,,,,,,,,,8142.0,,,,,,,,,,,160740.0,,,,,,,,,,,,,,,,167455.5,
1963-10-01,,5257.0,,,,,12840.0,,,,,,,,,,,,,,8115.0,,,,,,,,,,,148140.0,,,,,,,,,,,,,,,,163484.5,
1963-07-01,,5150.0,,,,,12338.0,,,,,,,,,,,,,,7869.0,,,,,,,,,,,133280.0,,,,,,,,,,,,,,,,161111.0,
1963-04-01,,4890.0,,,,,12139.0,,,,,,,,,,,,,,7750.0,,,,,,,,,,,121570.0,,,,,,,,,,,,,,,,157438.0,
1963-01-01,,4925.0,,,,,11896.0,,,,,,,,,,,,,,7365.0,,,,,,,,,,,118030.0,,,,,,,,,,,,,,,,155418.0,
1962-10-01,,4782.0,,,,,11783.0,,,,,,,,,,,,,,7415.0,,,,,,,,,,,101430.0,,,,,,,,,,,,,,,,153070.0,
1962-07-01,,4651.0,,,,,11517.0,,,,,,,,,,,,,,7381.0,,,,,,,,,,,89420.0,,,,,,,,,,,,,,,,152256.8,
1962-04-01,,4594.0,,,,,11283.0,,,,,,,,,,,,,,7307.0,,,,,,,,,,,89550.0,,,,,,,,,,,,,,,,150091.5,
1962-01-01,,4498.0,,,,,11156.0,,,,,,,,,,,,,,7132.0,,,,,,,,,,,87110.0,,,,,,,,,,,,,,,,148503.3,
1961-10-01,,4367.0,,,,,10851.0,,,,,,,,,,,,,,7037.0,,,,,,,,,,,79510.0,,,,,,,,,,,,,,,,145153.0,
1961-07-01,,4331.0,,,,,10651.0,,,,,,,,,,,,,,7119.0,,,,,,,,,,,75530.0,,,,,,,,,,,,,,,,141916.0,
1961-04-01,,4322.0,,,,,10374.0,,,,,,,,,,,,,,6881.0,,,,,,,,,,,74920.0,,,,,,,,,,,,,,,,138886.3,
1961-01-01,,4421.0,,,,,10150.0,,,,,,,,,,,,,,6881.0,,,,,,,,,,,72930.0,,,,,,,,,,,,,,,,136254.5,
1960-10-01,,4428.0,,,,,,,,,,,,,,,,,,,6714.0,,,,,,,,,,,67130.0,,,,,,,,,,,,,,,,135049.3,
1960-07-01,,4400.0,,,,,,,,,,,,,,,,,,,6578.0,,,,,,,,,,,65440.0,,,,,,,,,,,,,,,,136401.0,
1960-04-01,,4378.0,,,,,,,,,,,,,,,,,,,6484.0,,,,,,,,,,,61530.0,,,,,,,,,,,,,,,,135270.0,
1960-01-01,,4166.0,,,,,,,,,,,,,,,,,,,6425.0,,,,,,,,,,,56640.0,,,,,,,,,,,,,,,,135662.0,
1959-10-01,,4088.0,,,,,,,,,,,,,,,,,,,6321.0,,,,,,,,,,,,,,,,,,,,,,,,,,,132150.0,
1959-07-01,,3972.0,,,,,,,,,,,,,,,,,,,6103.0,,,,,,,,,,,,,,,,,,,,,,,,,,,131258.5,
1959-04-01,,,,,,,,,,,,,,,,,,,,,6079.0,,,,,,,,,,,,,,,,,,,,,,,,,,,130663.3,
1959-01-01,,,,,,,,,,,,,,,,,,,,,5885.0,,,,,,,,,,,,,,,,,,,,,,,,,,,127582.5,
1958-10-01,,,,,,,,,,,,,,,,,,,,,5872.0,,,,,,,,,,,,,,,,,,,,,,,,,,,124888.8,
1958-07-01,,,,,,,,,,,,,,,,,,,,,5824.0,,,,,,,,,,,,,,,,,,,,,,,,,,,121460.3,
1958-04-01,,,,,,,,,,,,,,,,,,,,,5724.0,,,,,,,,,,,,,,,,,,,,,,,,,,,117994.5,
1958-01-01,,,,,,,,,,,,,,,,,,,,,5800.0,,,,,,,,,,,,,,,,,,,,,,,,,,,116885.0,
1957-10-01,,,,,,,,,,,,,,,,,,,,,5685.0,,,,,,,,,,,,,,,,,,,,,,,,,,,118716.0,
1957-07-01,,,,,,,,,,,,,,,,,,,,,5578.0,,,,,,,,,,,,,,,,,,,,,,,,,,,119872.5,
1957-04-01,,,,,,,,,,,,,,,,,,,,,5461.0,,,,,,,,,,,,,,,,,,,,,,,,,,,118006.3,
1957-01-01,,,,,,,,,,,,,,,,,,,,,5380.0,,,,,,,,,,,,,,,,,,,,,,,,,,,117444.8,
1956-10-01,,,,,,,,,,,,,,,,,,,,,5368.0,,,,,,,,,,,,,,,,,,,,,,,,,,,115115.8,
1956-07-01,,,,,,,,,,,,,,,,,,,,,5235.0,,,,,,,,,,,,,,,,,,,,,,,,,,,112797.8,
1956-04-01,,,,,,,,,,,,,,,,,,,,,5155.0,,,,,,,,,,,,,,,,,,,,,,,,,,,111502.5,
1956-01-01,,,,,,,,,,,,,,,,,,,,,5086.0,,,,,,,,,,,,,,,,,,,,,,,,,,,109936.5,
1955-10-01,,,,,,,,,,,,,,,,,,,,,4953.0,,,,,,,,,,,,,,,,,,,,,,,,,,,109273.0,
1955-07-01,,,,,,,,,,,,,,,,,,,,,4862.0,,,,,,,,,,,,,,,,,,,,,,,,,,,107555.3,
1955-04-01,,,,,,,,,,,,,,,,,,,,,4688.0,,,,,,,,,,,,,,,,,,,,,,,,,,,105383.0,
1955-01-01,,,,,,,,,,,,,,,,,,,,,4666.0,,,,,,,,,,,,,,,,,,,,,,,,,,,103268.3,
1954-10-01,,,,,,,,,,,,,,,,,,,,,,,,,,,,,,,,,,,,,,,,,,,,,,,,99933.5,
1954-07-01,,,,,,,,,,,,,,,,,,,,,,,,,,,,,,,,,,,,,,,,,,,,,,,,97749.0,
1954-04-01,,,,,,,,,,,,,,,,,,,,,,,,,,,,,,,,,,,,,,,,,,,,,,,,96530.3,
1954-01-01,,,,,,,,,,,,,,,,,,,,,,,,,,,,,,,,,,,,,,,,,,,,,,,,96336.3,
1953-10-01,,,,,,,,,,,,,,,,,,,,,,,,,,,,,,,,,,,,,,,,,,,,,,,,96492.5,
1953-07-01,,,,,,,,,,,,,,,,,,,,,,,,,,,,,,,,,,,,,,,,,,,,,,,,97792.8,
1953-04-01,,,,,,,,,,,,,,,,,,,,,,,,,,,,,,,,,,,,,,,,,,,,,,,,97937.3,
1953-01-01,,,,,,,,,,,,,,,,,,,,,,,,,,,,,,,,,,,,,,,,,,,,,,,,96995.0,
1952-10-01,,,,,,,,,,,,,,,,,,,,,,,,,,,,,,,,,,,,,,,,,,,,,,,,95203.0,
1952-07-01,,,,,,,,,,,,,,,,,,,,,,,,,,,,,,,,,,,,,,,,,,,,,,,,91925.3,
1952-04-01,,,,,,,,,,,,,,,,,,,,,,,,,,,,,,,,,,,,,,,,,,,,,,,,90257.5,
1952-01-01,,,,,,,,,,,,,,,,,,,,,,,,,,,,,,,,,,,,,,,,,,,,,,,,89955.0,
1951-10-01,,,,,,,,,,,,,,,,,,,,,,,,,,,,,,,,,,,,,,,,,,,,,,,,89044.5,
1951-07-01,,,,,,,,,,,,,,,,,,,,,,,,,,,,,,,,,,,,,,,,,,,,,,,,87846.3,
1951-04-01,,,,,,,,,,,,,,,,,,,,,,,,,,,,,,,,,,,,,,,,,,,,,,,,86022.5,
1951-01-01,,,,,,,,,,,,,,,,,,,,,,,,,,,,,,,,,,,,,,,,,,,,,,,,84000.0,
1950-10-01,,,,,,,,,,,,,,,,,,,,,,,,,,,,,,,,,,,,,,,,,,,,,,,,79986.3,
1950-07-01,,,,,,,,,,,,,,,,,,,,,,,,,,,,,,,,,,,,,,,,,,,,,,,,77038.3,
1950-04-01,,,,,,,,,,,,,,,,,,,,,,,,,,,,,,,,,,,,,,,,,,,,,,,,72595.8,
1950-01-01,,,,,,,,,,,,,,,,,,,,,,,,,,,,,,,,,,,,,,,,,,,,,,,,70207.0,
1949-10-01,,,,,,,,,,,,,,,,,,,,,,,,,,,,,,,,,,,,,,,,,,,,,,,,67656.8,
1949-07-01,,,,,,,,,,,,,,,,,,,,,,,,,,,,,,,,,,,,,,,,,,,,,,,,68222.3,
1949-04-01,,,,,,,,,,,,,,,,,,,,,,,,,,,,,,,,,,,,,,,,,,,,,,,,67837.8,
1949-01-01,,,,,,,,,,,,,,,,,,,,,,,,,,,,,,,,,,,,,,,,,,,,,,,,68758.5,
1948-10-01,,,,,,,,,,,,,,,,,,,,,,,,,,,,,,,,,,,,,,,,,,,,,,,,70091.5,
1948-07-01,,,,,,,,,,,,,,,,,,,,,,,,,,,,,,,,,,,,,,,,,,,,,,,,69799.0,
1948-04-01,,,,,,,,,,,,,,,,,,,,,,,,,,,,,,,,,,,,,,,,,,,,,,,,68141.8,
1948-01-01,,,,,,,,,,,,,,,,,,,,,,,,,,,,,,,,,,,,,,,,,,,,,,,,66435.5,
1947-10-01,,,,,,,,,,,,,,,,,,,,,,,,,,,,,,,,,,,,,,,,,,,,,,,,64936.3,
1947-07-01,,,,,,,,,,,,,,,,,,,,,,,,,,,,,,,,,,,,,,,,,,,,,,,,62396.3,
1947-04-01,,,,,,,,,,,,,,,,,,,,,,,,,,,,,,,,,,,,,,,,,,,,,,,,61492.0,
1947-01-01,,,,,,,,,,,,,,,,,,,,,,,,,,,,,,,,,,,,,,,,,,,,,,,,60791.0,
