Date,AUS,AUT,BEL,BGR,BRA,CAN,CHE,CHL,COL,CRI,CZE,DEU,DNK,EA20,ESP,EST,EU27_2020,FIN,FRA,GBR,GRC,HRV,HUN,IRL,ISL,ISR,ITA,JPN,KOR,LTU,LUX,LVA,NLD,NOR,NZL,POL,PRT,ROU,RUS,SAU,SVK,SVN,SWE,TUR,USA
2025-04-01,,94529.8,132460.5,36362.2,,614059.8,,53663515.5,253960662.5,11027280.5,1608985.0,901673.2,658694.0,3282263.9,346972.0,7244.4,3841658.4,57537.0,657369.7,649249.0,,,14493475.0,151417.8,,424204.7,485024.0,140746950.0,575522600.0,15322.8,,,238201.7,1463607.0,,705865.9,61441.6,308405.8,,1214962.4,26243.0,11969.1,1608184.5,,5921321.8
2025-01-01,659819.0,94399.1,132196.1,36097.2,341974.0,614059.8,197579.0,53473383.6,252690185.6,10892001.9,1605296.0,904174.9,650517.5,3278461.0,344442.0,7209.8,3833757.2,57546.0,655433.6,647018.0,50788.1,17085.6,14440457.0,152927.9,904586.5,427963.9,485350.9,140387725.0,572057700.0,15284.9,15789.7,8138.4,237937.4,1451487.0,72398.0,700342.0,61078.5,304643.6,,1189973.0,26215.0,11884.0,1605789.8,587559.0,5878179.3
2024-10-01,658429.0,94267.8,131670.4,35882.0,337264.9,610704.3,196579.0,53025575.9,251913728.1,10875843.0,1594121.0,901414.3,658899.2,3259810.7,342362.0,7231.8,3814827.6,57521.0,654529.1,642287.0,50768.1,17034.4,14457764.0,142400.3,880973.0,424665.9,483889.3,140193550.0,573311800.0,15195.6,15952.3,8141.3,237322.8,1450697.0,71733.0,695644.7,61345.9,304200.5,,1177545.0,26193.7,11967.7,1609464.5,581810.0,5885587.3
2024-07-01,654696.0,94310.7,131448.8,35550.3,337085.8,607606.3,195993.4,52729867.1,248606573.6,10712037.8,1581169.0,899775.2,650891.3,3250039.6,339899.0,7216.2,3799706.9,57592.0,655122.4,641675.0,50377.6,16828.0,14368231.0,136252.3,893099.0,423254.3,482897.3,139362800.0,572866100.0,15049.7,15740.1,8140.8,236253.2,1463200.0,71292.0,685850.6,60516.7,302921.5,,1167542.0,26122.9,11916.2,1601167.1,572152.6,5850073.5
2024-04-01,652609.0,94450.1,131113.9,35265.9,334411.4,604005.5,195016.8,51842339.8,247691899.1,10648597.0,1571778.0,899602.7,646333.6,3236435.0,337520.0,7210.5,3784418.5,57132.0,652693.0,641670.0,50262.5,16744.4,14459621.0,130302.7,896535.0,417728.0,482990.3,138965425.0,572357100.0,14877.4,15925.1,8157.5,234699.1,1483472.0,71931.0,685130.7,60298.0,301961.0,,1163545.0,26083.7,11879.5,1590865.4,572536.5,5805976.5
2024-01-01,651115.0,94773.1,130750.6,35000.1,329554.5,600215.5,193873.6,52138736.0,247028312.5,10517201.8,1567089.0,901932.0,634827.7,3229791.8,334938.0,7202.7,3773486.9,56956.0,651311.8,638746.0,49695.6,16566.0,14499981.0,129247.3,886861.0,415363.0,481913.6,137944800.0,573667300.0,14816.4,15853.7,8164.6,232231.6,1459690.0,72577.0,675191.9,60085.2,302630.5,,1152297.0,26012.5,11958.6,1590476.7,573660.7,5763386.3
2023-10-01,650288.0,94658.8,130248.0,34724.3,326422.3,599156.5,193290.6,51403729.9,245691386.1,10418361.8,1564001.0,902902.4,632053.5,3217630.3,331427.0,7185.8,3757946.3,56528.0,650577.1,633011.0,49532.0,16419.7,14435515.0,127165.3,891663.0,401627.3,481140.1,138327175.0,567012300.0,14622.7,15647.3,8178.6,232178.9,1453764.0,72540.0,669826.9,59699.4,302886.9,,1127073.0,25837.1,11845.3,1575466.2,568119.2,5740150.0
2023-07-01,649753.0,95198.7,129889.0,34580.7,325532.7,599386.0,192692.0,51579269.4,243880220.5,10320838.6,1557729.0,905404.2,620177.4,3216486.1,329009.0,7226.2,3756125.7,56673.0,647810.1,634327.0,49256.5,16142.8,14487750.0,130277.3,885303.0,426121.6,480281.9,138394425.0,564243500.0,14672.8,15759.5,8216.1,231606.0,1416564.0,72461.0,672032.0,59325.2,302329.0,,1123814.0,25703.1,11764.3,1585683.5,561565.8,5695233.3
2023-04-01,646478.0,95975.3,129849.5,34437.9,325253.6,600741.0,192359.2,50979229.7,244255909.7,10205938.4,1563591.0,905404.2,621720.2,3216886.5,326856.0,7259.9,3752427.1,57590.0,646304.0,634694.0,49198.7,16211.5,14287757.0,134183.5,910018.0,425961.5,479760.0,139845750.0,559865600.0,14639.5,15686.6,8160.4,232899.5,1425823.0,72414.0,659648.9,59388.0,299913.1,,1156163.0,25512.4,11769.2,1577972.0,560226.1,5634854.5
2023-01-01,643675.0,96338.3,129702.0,34301.6,322667.4,599885.3,192673.0,50792613.1,245756483.6,10036149.0,1559570.0,906094.4,629920.2,3211165.4,326054.0,7264.5,3748812.7,57481.0,640474.9,634428.0,48628.6,15860.7,14269205.0,133004.7,894090.0,422705.8,480523.7,139288050.0,556056400.0,14413.7,15741.1,8182.7,233805.8,1440460.0,71604.0,663761.9,59257.5,296804.4,,1162643.0,25250.9,11615.3,1590705.4,538688.9,5600858.8
2022-10-01,640720.0,96992.9,129516.3,34187.1,318173.6,591868.3,192245.4,50702733.2,244344279.2,9958196.5,1556432.0,910386.2,622827.5,3207285.2,323877.0,7361.2,3740698.4,57190.0,640107.2,634044.0,48593.9,15625.8,14320158.0,135367.8,892567.0,418264.7,478338.4,137553375.0,554084900.0,14524.5,15658.1,8061.4,235143.5,1436535.0,71916.0,657186.0,58461.5,296600.0,,1158293.0,25101.5,11529.0,1571164.0,538144.5,5562364.8
2022-07-01,636640.0,96999.4,129203.2,33970.6,316910.0,592680.3,192048.2,50839801.8,245282515.1,9772563.7,1562132.0,913578.1,631277.9,3210207.9,322038.0,7440.7,3748109.8,57719.0,637735.3,631977.0,48185.4,15765.7,14459529.0,137143.3,856179.0,410645.0,479022.5,137188850.0,556130300.0,14540.2,15854.7,7992.0,235636.1,1459972.0,71943.0,668057.2,58177.5,292978.5,,1156575.0,25013.9,11486.1,1584595.8,532033.8,5516696.0
2022-04-01,633680.0,97053.3,128227.1,33747.6,313709.1,589642.8,191523.3,50924012.6,243227038.4,9646522.8,1560193.0,910903.8,622893.9,3193000.7,319310.0,7471.3,3729782.0,57861.0,634465.2,631258.0,47727.0,15673.9,14620013.0,134888.1,842993.0,411140.9,477875.2,137862250.0,553397800.0,14403.1,15844.1,7984.9,235276.6,1423290.0,70218.0,664415.1,57594.5,292134.2,,1130323.0,24964.1,11499.2,1592395.2,529164.7,5479805.5
2022-01-01,627035.0,94401.5,126571.1,33486.5,310181.4,583642.0,189584.9,51001341.5,239801167.2,9603774.9,1555487.0,909523.5,611825.0,3164827.0,313896.0,7599.6,3700190.7,57670.0,631649.2,629149.0,47645.1,15506.4,14478413.0,131134.9,819076.0,403711.6,470950.1,136415275.0,548545800.0,14632.2,15925.6,7983.6,229857.0,1406662.0,69326.0,671895.1,57384.1,292001.4,,1099842.0,25053.1,11420.2,1580041.5,521784.6,5475962.5
2021-10-01,621145.0,94128.0,125668.4,33248.5,307898.3,576806.0,189403.7,51739329.7,239307782.8,9545207.7,1541758.0,903398.5,645987.1,3146462.6,309736.0,7560.0,3679332.8,58059.0,632248.8,624592.0,46665.7,15070.6,14294637.0,126218.6,820148.0,406425.2,467515.2,137095125.0,546464300.0,14485.8,16283.4,8034.3,227006.4,1408810.0,69298.0,650411.1,56444.2,283365.5,,1056156.0,25133.3,11436.3,1585361.5,520676.9,5490097.0
2021-07-01,600220.0,94095.7,124500.3,32749.9,303894.4,566660.5,188632.1,50660117.3,228236287.2,9496302.5,1531064.0,898567.5,625509.4,3121125.6,303569.0,7475.7,3644362.0,57572.0,628742.9,615459.0,46016.5,14590.5,13946999.0,128495.4,798300.0,388967.6,460449.7,135556700.0,538107600.0,14288.0,15940.9,8038.1,226921.1,1415295.0,66694.0,637686.3,55411.5,283104.6,23105679.7,1030507.0,25045.9,11284.1,1553999.7,512644.0,5392855.3
2021-04-01,610538.0,90805.9,122111.2,32111.9,303483.9,555470.5,184290.1,48602544.3,216883879.5,9211776.6,1505109.0,897791.1,613400.7,3066835.4,297701.0,7518.6,3584124.2,56979.0,610538.9,605353.0,44732.1,14309.6,13779767.0,125021.6,773038.0,382307.3,449320.0,136139000.0,538119900.0,14035.3,15881.4,7607.8,222832.4,1351833.0,69582.0,624815.9,53489.4,282631.0,23290725.9,990419.0,24888.3,11003.0,1559845.1,494603.3,5347251.3
2021-01-01,605368.0,86818.7,120258.7,31648.6,305644.7,556122.3,179896.6,48138497.7,221815050.6,9023335.0,1483548.0,877173.1,592929.5,3000123.2,293675.0,7329.9,3507764.0,56085.0,603136.6,564411.0,44128.0,14374.7,13479331.0,121638.7,747126.0,369013.7,438566.9,135160250.0,530731100.0,13864.9,15870.4,7535.6,214457.1,1370251.0,68952.0,609328.7,51148.6,279846.9,22570515.7,980961.0,24628.9,10857.1,1547074.8,486277.1,5264594.8
2020-10-01,592265.0,88075.9,118392.2,30809.0,302931.0,546807.0,179092.6,46418866.4,215349710.4,8662515.2,1483545.0,882607.9,589827.9,2981052.9,290188.0,7114.5,3480124.8,56482.0,600705.3,570338.0,42345.9,13591.8,13313727.0,110857.2,770103.0,366784.2,430917.4,134847950.0,522778300.0,13566.6,15373.6,7516.8,212281.5,1346178.0,67594.0,595365.7,52632.1,276470.2,22417897.0,965512.0,24366.9,10404.5,1510015.1,476583.7,5192922.8
2020-07-01,572894.0,89301.4,118934.7,30249.3,291730.2,536725.3,178443.9,43421921.0,201091996.9,8435870.5,1472231.0,874153.7,589604.5,2970182.9,288097.0,6984.6,3463507.0,55932.0,601427.7,562648.0,41274.1,12575.1,13080928.0,113774.9,739917.0,357249.1,431181.9,132570475.0,514615000.0,13508.4,15256.4,7481.3,211593.3,1335738.0,67279.0,594516.5,52508.9,263172.2,22253279.9,947207.0,24161.2,10647.0,1489918.9,469701.1,5137198.3
2020-04-01,553502.0,80087.2,106683.4,29210.9,270325.7,492031.5,166932.2,41345614.7,182995018.0,8347362.3,1371652.0,804362.8,556056.9,2661809.9,248569.0,6685.7,3125714.9,53299.0,521355.9,481769.0,38889.7,11956.5,11702922.0,101887.5,710709.0,328609.1,376881.0,125772375.0,503461200.0,12748.7,14111.9,6759.0,198600.1,1289179.0,59005.0,557869.3,45911.6,253638.4,21651776.5,923804.0,21976.3,9538.4,1408176.1,403482.8,4764154.3
2020-01-01,593309.0,90900.7,119740.5,30700.0,296695.4,552844.0,178576.5,47340830.8,218463274.8,9070780.0,1502577.0,882694.2,591101.5,2993003.3,302360.0,7101.5,3500678.7,57020.0,593743.7,604719.0,45103.1,13891.4,13684532.0,106477.7,763243.0,356716.3,429874.8,136078300.0,517612000.0,13460.9,15092.1,7502.3,216660.0,1359702.0,65540.0,613027.3,54040.5,276348.6,22668457.3,973145.0,23816.2,10587.7,1540222.7,451895.9,5173309.5
2019-10-01,594225.0,92962.4,122936.6,31657.2,303615.9,563838.5,181311.2,46474765.5,222590882.1,9080042.8,1553764.0,900983.0,596054.3,3096810.5,318869.0,7196.5,3607975.2,57138.0,625499.4,621229.0,46002.0,14089.1,13728228.0,103084.0,811740.0,363304.4,456422.5,135393050.0,524345100.0,13523.0,15205.1,7533.8,218972.0,1372798.0,66092.0,609361.4,56381.4,283956.0,22713048.3,995444.0,24371.3,10846.3,1540299.0,451097.0,5246362.0
2019-07-01,590801.0,93291.2,122263.5,31289.1,300964.6,562233.3,180326.7,48357592.4,221133209.5,9048559.4,1544343.0,904002.4,593959.3,3097687.2,317060.0,7148.1,3603800.8,57250.0,628581.9,621227.0,46044.6,14144.0,13639053.0,101629.0,784036.0,360568.5,458126.3,139424400.0,519165900.0,13324.2,15101.0,7581.5,218848.1,1361512.0,65666.0,605044.0,55938.7,278398.6,22816289.2,984230.0,24223.4,10821.2,1516013.3,445153.0,5210830.5
2019-04-01,587437.0,93087.6,121306.3,31239.9,300908.6,560665.5,179522.6,48258394.4,219794214.3,9032642.8,1533592.0,900551.6,592038.2,3092133.8,316454.0,7135.8,3596293.5,57217.0,628646.1,616853.0,46278.7,14168.5,13448287.0,99557.9,795631.0,356928.0,459828.0,139158500.0,518107400.0,13308.6,15044.8,7549.6,217847.6,1353820.0,65119.0,600322.0,55724.7,277343.8,23041719.2,989752.0,24139.4,10705.9,1520505.1,442802.7,5150568.8
2019-01-01,585583.0,93371.1,120591.0,30914.8,299242.4,554594.0,178351.0,47642789.7,217705694.1,8913406.7,1526004.0,900034.0,586705.4,3081103.8,315544.0,7132.6,3579941.0,56816.0,625186.7,614936.0,45855.6,14092.6,13404972.0,97790.9,803024.0,358270.3,458561.7,138528550.0,511364000.0,13103.1,14772.7,7571.0,216872.1,1342276.0,65154.0,594793.8,55379.5,270732.5,22532106.1,990924.0,24089.8,10716.7,1499577.0,432968.9,5107910.3
2018-10-01,581457.0,92621.8,120097.6,30561.0,298290.9,553262.5,178221.5,47992696.6,215862115.3,8764713.8,1504680.0,894167.8,584383.2,3060176.7,313621.0,6998.0,3554293.2,56328.0,619468.4,610481.0,45340.8,13817.1,13133185.0,96893.5,801715.0,351989.5,457575.5,138219100.0,510930200.0,12951.1,14734.3,7578.0,214201.7,1348251.0,64368.0,586285.1,54899.1,270772.9,22540689.1,989329.0,23933.0,10569.0,1495076.5,426305.0,5076218.5
2018-07-01,580152.0,91745.0,119004.1,30303.3,299115.8,551962.3,177944.8,47292168.8,214539894.8,8827939.9,1489490.0,890199.4,583516.7,3042112.8,311796.0,6926.6,3532516.3,56280.0,614851.0,609653.0,45057.0,13763.7,12990395.0,96214.5,786632.0,348494.0,456218.2,138545525.0,508089300.0,12716.8,14646.1,7514.3,213607.7,1347797.0,63358.0,580613.7,54618.2,272102.7,22392013.6,975625.0,23824.0,10495.6,1477451.5,441533.5,5069038.5
2018-04-01,577992.0,91282.6,118488.6,30010.8,296247.7,549192.0,178544.8,47522973.3,212612409.3,8866886.2,1479726.0,896065.7,580398.8,3039988.1,310065.0,6877.6,3526211.7,56332.0,611935.4,607775.0,44934.7,13720.9,12796376.0,94935.3,784693.0,345948.1,456236.4,139238950.0,505496700.0,12692.4,14554.8,7465.8,213062.7,1339359.0,63317.0,573366.9,54251.8,265580.8,22338096.4,971629.0,23594.1,10370.9,1478466.2,445818.5,5037619.0
2018-01-01,573671.0,90524.4,117891.6,29761.6,296507.3,544941.3,176516.1,46896363.2,210993580.6,8782436.6,1475163.0,889078.0,580601.8,3025246.8,308056.0,6810.4,3507253.3,56439.0,610303.6,606785.0,44854.6,13462.5,12681798.0,95254.0,782506.0,343925.2,455295.6,138694600.0,501586100.0,12496.8,14574.8,7362.8,212093.3,1335343.0,62757.0,565103.2,53684.6,260054.1,22214153.4,959422.0,23318.4,10222.1,1469973.3,443210.2,5011019.3
2017-10-01,567859.0,90101.7,117407.3,29632.0,294804.7,538679.0,174788.1,46493518.6,209670339.0,8738213.4,1468334.0,894017.1,575921.5,3023506.0,306745.0,6767.4,3499678.8,56321.0,610537.8,606396.0,44185.7,13425.1,12440037.0,93682.5,775142.0,340362.3,456101.7,138606125.0,494319300.0,12338.1,14589.5,7276.0,210586.3,1328831.0,62075.0,554123.1,53374.7,255300.1,21916952.4,957271.0,23095.0,10190.6,1462310.5,437663.7,4970588.0
2017-07-01,565488.0,89628.1,116477.0,29467.1,293230.5,535959.8,172989.7,46059889.8,208677275.6,8595277.7,1458471.0,885045.0,571573.5,2999575.4,304888.0,6671.2,3471889.9,55882.0,606877.1,601961.0,44518.5,13382.8,12258619.0,90428.7,752073.0,335895.2,453396.6,138516850.0,495472500.0,12160.4,14484.7,7216.8,209264.3,1336445.0,61267.0,546356.6,52933.1,255393.1,21912352.0,947595.0,22820.6,9994.0,1454991.6,429575.8,4915191.5
2017-04-01,560283.0,89131.7,116547.1,29268.7,292513.4,535791.5,172089.5,45208274.1,207742531.3,8596586.5,1447096.0,878057.2,572853.4,2978290.8,302975.0,6644.6,3447018.7,55621.0,602607.7,598176.0,44121.3,13225.9,12145219.0,85721.7,746047.0,330368.1,452624.9,137324100.0,488752200.0,12054.7,14325.2,7146.4,207688.0,1327349.0,60595.0,538283.5,52558.6,251734.3,21764465.8,937151.0,22633.6,9912.2,1449004.2,423161.0,4876737.3
2017-01-01,556828.0,88805.6,116285.7,29069.8,290037.9,530210.8,171580.3,44605766.9,206565854.1,8415754.0,1412212.0,871845.7,566025.0,2957378.4,299839.0,6533.0,3420709.3,54898.0,598014.5,594423.0,43888.7,13188.6,12000805.0,85462.2,730192.0,326864.4,450875.2,136780700.0,485188100.0,11959.9,14162.0,7110.6,206633.9,1314683.0,59959.0,533033.2,52363.8,244452.5,21615222.2,932195.0,22424.7,9782.4,1445981.0,413726.8,4849585.8
2016-10-01,555152.0,87852.0,115575.2,28895.4,287183.0,523622.5,171537.6,44974394.9,206730484.0,8371777.7,1389625.0,860674.2,560602.1,2934509.6,297731.0,6405.7,3391455.9,54373.0,594024.5,589476.0,43805.5,13027.8,11857924.0,86062.6,755955.0,325667.8,448866.5,135724250.0,479773700.0,11820.3,14359.9,7039.7,205415.8,1299952.0,59114.0,526867.0,51861.6,233505.1,21571715.3,936547.0,22258.4,9585.3,1433606.4,408139.9,4826088.0
2016-07-01,548814.0,87490.7,115151.4,28626.2,287445.1,520701.3,171295.4,44954371.8,205450554.0,8285019.2,1377448.0,856705.9,557651.7,2912917.9,296049.0,6329.3,3365648.8,54126.0,590295.4,585856.0,43549.7,12859.3,11751294.0,78693.9,734261.0,321250.6,447174.4,135545775.0,476105600.0,11652.5,14282.8,6956.7,203779.6,1282771.0,58989.0,516869.2,51321.3,232847.2,21395182.3,930071.0,22128.6,9516.8,1426394.8,386827.2,4799484.5
2016-04-01,548862.0,86992.9,114942.2,28486.9,289052.9,515353.0,170047.6,44670722.6,204448293.3,8143564.2,1364426.0,853686.6,553139.7,2899162.5,293727.0,6262.3,3349334.9,53546.0,589532.8,583383.0,43431.2,12795.1,11690514.0,78258.8,717271.0,318356.2,444021.8,135265725.0,474271500.0,11488.4,14180.7,6953.5,201976.2,1286721.0,58494.0,513874.2,50757.9,232019.2,21373655.6,931118.0,22049.8,9434.4,1420667.4,398247.6,4765677.3
2016-01-01,545315.0,86931.8,114266.6,28273.7,288149.1,517933.0,168845.3,44816620.3,204859668.6,8173880.2,1360915.0,851788.8,547170.0,2892843.3,292758.0,6276.2,3338881.7,53553.0,590550.3,580110.0,43449.1,12889.1,11547949.0,78732.2,677952.0,309006.6,442807.9,135492600.0,468400300.0,11372.1,13984.9,6931.0,200427.4,1287130.0,57812.0,506408.3,50512.4,232240.5,21362152.3,932383.0,21994.8,9351.9,1408605.0,392629.6,4750422.5
2015-10-01,540382.0,86063.2,114136.7,28053.4,292407.8,514886.5,168228.7,44449744.8,202007210.2,7977214.7,1356522.0,844369.4,540501.6,2878593.2,290739.0,6178.7,3323204.4,52939.0,588715.9,578068.0,43879.6,12431.2,11573905.0,81546.6,687304.0,308543.8,442027.1,134452675.0,466604000.0,11385.7,13540.5,6859.8,199135.2,1280801.0,57253.0,507312.3,50337.3,226505.6,21321628.9,921077.0,21995.5,9234.2,1414584.1,391215.2,4723051.5
2015-07-01,537014.0,85608.5,113736.8,27877.0,294680.6,514545.5,167431.5,44062646.5,202681708.1,8012950.6,1349635.0,840056.2,539047.8,2864469.5,288165.0,6188.1,3306064.4,52635.0,587286.7,574836.0,42853.1,12618.5,11451913.0,80726.5,682800.0,306536.5,439694.9,134696775.0,463025500.0,11373.1,13538.2,6874.7,198667.8,1288125.0,56679.0,503042.1,50099.9,226838.2,21376736.3,920533.0,21835.6,9218.0,1400212.9,386702.9,4714354.5
2015-04-01,531857.0,85363.6,113581.6,27578.5,299636.4,512709.5,166521.7,44232224.3,200870555.3,7915572.9,1334264.0,835570.3,538186.2,2852862.0,285546.0,6138.5,3291937.3,52683.0,585791.3,572673.0,43748.3,12410.6,11364649.0,78140.3,679949.0,306187.6,439525.6,134579550.0,456256600.0,11253.0,13581.5,6764.7,197728.8,1278464.0,55908.0,496403.4,50017.1,226965.7,21335446.7,920840.0,21586.3,9159.3,1400023.5,381358.1,4695560.8
2015-01-01,531220.0,84828.0,113055.9,27382.2,306788.9,514113.0,165550.8,43835737.6,199132526.4,7746653.3,1318309.0,831257.1,534682.9,2840168.2,282384.0,6024.6,3274191.7,51935.0,585373.2,569150.0,43843.7,12338.3,11350808.0,79669.4,647464.0,304962.3,437801.0,134366425.0,454302800.0,11141.4,13447.4,6676.9,196892.9,1274117.0,55460.0,493587.0,49981.9,224427.4,21479316.8,905172.0,21324.8,9079.1,1368858.0,375634.3,4666655.3
2014-10-01,526092.0,84916.4,112754.3,27111.2,309291.1,516991.5,165953.0,43597631.4,197948111.4,7731556.2,1293994.0,833068.3,530683.4,2819339.0,278988.0,6113.2,3247621.8,52363.0,582011.7,567619.0,43659.6,12223.5,11170875.0,64887.9,654445.0,305196.4,436268.8,132301750.0,450409200.0,11045.6,13622.4,6599.6,196123.4,1267661.0,55021.0,485644.1,49684.0,221795.0,21700054.6,879244.0,20922.3,9033.9,1352163.5,368663.8,4625007.8
2014-07-01,524092.0,84468.4,112302.1,26869.9,307690.0,513442.8,164887.6,43096936.3,196009923.7,7649488.7,1282169.0,826770.9,531048.1,2808609.7,276316.0,6016.3,3234847.7,52421.0,583605.8,563694.0,43996.5,12148.0,11110621.0,65149.2,661526.0,300857.7,436721.6,131706025.0,448023500.0,11014.3,13230.6,6581.2,193507.1,1257731.0,54309.0,481540.7,49285.1,221522.2,21751233.1,877696.0,20698.7,9025.0,1347397.8,363761.9,4601735.3
2014-04-01,521989.0,84336.7,111554.5,26763.6,307889.4,508567.8,163964.0,43250308.2,194137357.9,7589118.0,1268242.0,822198.8,523389.1,2795348.4,274124.0,5940.5,3217030.8,52267.0,579910.0,559331.0,43566.7,12208.7,11004518.0,64188.2,636918.0,298786.8,436626.9,131619550.0,446872400.0,10968.2,12957.3,6514.5,193567.5,1254331.0,53625.0,477664.2,49233.1,217187.5,21820648.7,872687.0,20503.0,8971.9,1336313.6,355034.5,4546477.8
2014-01-01,519355.0,83882.9,111297.1,26595.8,312400.0,503973.8,162585.1,42940577.2,193493607.0,7561585.9,1257835.0,822371.4,522935.7,2788248.0,272652.0,5911.9,3207071.5,52165.0,578454.5,554183.0,43521.4,12129.4,10863200.0,62206.5,637981.0,297315.3,436416.2,134019725.0,442669900.0,10876.1,13090.7,6501.4,192946.9,1248396.0,53377.0,472309.9,49097.3,216543.6,21716060.9,874856.0,20348.7,8876.3,1329596.7,360889.5,4488493.5
2013-10-01,515343.0,83927.9,110658.3,26609.7,309861.5,503123.5,161836.0,42836182.3,190787222.0,7468323.4,1262507.0,813874.0,522878.0,2775609.5,271625.0,5802.8,3191946.0,52616.0,578441.7,549709.0,43611.7,12200.3,10759629.0,58856.1,648500.0,293244.4,436607.5,132920225.0,439300300.0,10748.2,12933.4,6490.3,192502.5,1236045.0,52787.0,466076.7,49451.9,214231.5,21717681.2,855741.0,20225.5,8887.7,1323711.7,350715.0,4504036.8
2013-07-01,511282.0,83813.7,110359.3,26565.0,309379.7,497912.5,161430.7,42664863.0,188127122.3,7423306.9,1248323.0,812666.3,522759.1,2769800.7,271109.0,5810.1,3183411.4,52706.0,574927.8,546064.0,43399.0,12251.7,10673908.0,60431.4,636909.0,290479.8,436970.7,133082100.0,435484700.0,10656.6,12999.2,6457.4,191346.0,1237462.0,52494.0,463482.9,48845.1,212070.2,21593012.9,855967.0,20108.2,8716.1,1313229.9,350036.6,4465112.5
2013-04-01,507150.0,83537.8,109917.9,26458.4,307966.0,493851.5,160303.7,42370824.1,186980984.2,7289487.0,1241953.0,808525.3,518384.1,2761775.6,271281.0,5820.0,3171871.1,52566.0,576302.2,541586.0,43134.1,12294.2,10509206.0,58124.4,629436.0,287905.6,435554.5,131845825.0,431160100.0,10509.6,12964.5,6374.2,190388.7,1229690.0,52011.0,460111.9,48983.1,209788.5,21584265.1,837473.0,20015.2,8711.1,1302396.0,344979.3,4427417.8
2013-01-01,505259.0,83355.8,109201.8,26507.3,303619.5,491023.8,159102.3,42066006.4,182043671.4,7309111.3,1237420.0,799208.1,517434.2,2743575.6,271559.0,5831.8,3151378.8,52334.0,571278.9,537974.0,43082.2,12227.6,10412498.0,56801.3,621602.0,283269.7,435578.3,130664325.0,426342400.0,10395.3,12655.8,6325.7,189576.6,1224006.0,52254.0,456657.6,48567.4,206285.8,21511017.8,819716.0,19949.3,8673.7,1298561.6,335140.3,4415600.0
2012-10-01,502634.0,83591.5,109635.2,26578.3,302088.8,486667.5,158467.8,41696323.5,179244766.4,7289096.1,1242179.0,803651.2,513687.7,2752952.9,272307.0,5810.0,3159614.6,52795.0,570216.7,536188.0,43396.1,12181.9,10347609.0,56745.5,621994.0,279278.4,439552.9,128854325.0,422987500.0,10333.8,12656.4,6322.9,189655.9,1218920.0,51988.0,457914.2,48394.6,206007.0,21352864.9,810885.0,19942.9,8666.3,1289801.5,325600.6,4372463.0
2012-07-01,500614.0,84025.4,109767.4,26662.8,302089.8,485668.0,158578.0,41450259.7,177075390.3,7199565.7,1243879.0,806066.6,513635.4,2764706.2,274584.0,5749.4,3173333.3,52855.0,570278.7,536720.0,43845.8,12275.8,10371892.0,57213.6,619113.0,279124.2,442682.4,128944825.0,419861600.0,10268.6,12477.2,6288.3,190711.6,1212552.0,51408.0,458397.1,49203.6,207973.9,21338486.1,820184.0,19962.7,8822.9,1304936.9,320463.9,4367412.5
2012-04-01,497493.0,83923.1,109579.5,26725.8,296911.4,485004.3,157187.5,41130619.5,177901645.4,7157295.5,1248428.0,804427.6,512710.8,2768509.8,275851.0,5701.6,3177329.8,53047.0,568560.5,531663.0,44492.3,12234.5,10345085.0,58572.0,608577.0,275876.6,445756.5,129468225.0,417998000.0,10039.0,12416.2,6246.5,191627.0,1224013.0,51102.0,458174.9,49716.5,213068.3,21228913.5,822395.0,19936.8,8804.2,1296709.9,314906.4,4361131.3
2012-01-01,494027.0,84046.7,109814.6,26793.2,291563.3,483432.8,156725.0,40382123.5,177193197.9,7121202.1,1257358.0,803564.9,512831.7,2777997.4,278551.0,5608.4,3187067.0,53602.0,570796.0,532300.0,45579.7,12344.9,10444000.0,56504.9,597594.0,273515.2,449162.1,130701925.0,416240700.0,10010.3,12430.5,6275.4,191722.2,1222153.0,50765.0,459191.8,50479.3,212985.2,21147058.8,819035.0,19895.1,9023.0,1289320.9,309558.7,4341752.5
2011-10-01,489124.0,83800.6,109825.7,26618.1,295911.7,483127.8,155945.5,39568859.2,174342198.7,6978113.9,1259231.0,801861.1,514066.6,2785270.0,281197.0,5570.2,3191565.9,53937.0,571074.2,527698.0,45996.4,12478.7,10589784.0,56594.4,615685.0,275585.7,454350.4,128830925.0,412298900.0,9863.6,12216.2,5965.7,191894.4,1192772.0,50658.0,458215.4,50749.5,201888.6,20820121.2,798561.0,19826.3,9059.2,1275920.8,312337.8,4305645.8
2011-07-01,483892.0,83524.3,109642.2,26643.5,293176.8,479318.5,155851.8,38726610.3,173297779.0,6886264.5,1258184.0,801947.3,510146.9,2793805.1,282790.0,5571.1,3203254.9,53882.0,569070.4,527034.0,48160.5,12570.3,10470388.0,57526.3,614528.0,273889.0,458746.1,129025575.0,409552300.0,9742.0,12395.7,5934.5,192910.7,1192374.0,50243.0,454006.4,51436.8,211442.3,20571680.6,780920.0,19666.1,9054.8,1314177.5,308155.2,4257828.3
2011-04-01,477257.0,83029.4,109329.7,26617.7,293843.5,472848.8,156310.7,38479805.1,169853095.1,6862363.6,1258450.0,797633.9,516811.1,2793119.0,284526.0,5499.0,3200439.4,53816.0,567285.3,525418.0,49240.7,12634.7,10457029.0,58285.3,605457.0,268522.7,460723.1,125989600.0,407666700.0,9763.7,12239.3,5834.5,193189.0,1180137.0,49701.0,448756.2,51796.2,207193.6,20337527.1,768835.0,19573.8,9063.3,1302525.3,300174.0,4258778.5
2011-01-01,471674.0,83086.9,109054.3,26363.5,290874.2,471992.0,155356.6,37934756.9,167134927.2,6708780.1,1251469.0,795477.3,511952.6,2793069.9,285264.0,5422.3,3196537.9,53948.0,567201.4,524955.0,50167.8,12439.1,10477425.0,57685.8,586904.0,266189.0,461593.3,127080900.0,405904800.0,9578.1,12328.3,5679.1,193303.0,1183290.0,49289.0,443154.5,52162.2,203817.5,20146599.6,745909.0,19439.4,9103.2,1291860.4,292146.7,4230158.0
2010-10-01,472679.0,82186.5,108310.5,26349.4,287019.8,468424.5,154543.3,37497663.3,163799216.5,6674614.8,1249857.0,781351.2,508474.5,2766994.3,285489.0,5286.2,3165582.0,53722.0,559840.0,523515.0,52035.0,12482.0,10351970.0,56725.9,608210.0,261622.4,459281.7,128402825.0,402066000.0,9303.4,12172.7,5711.0,191197.2,1178294.0,48470.0,435328.3,52397.4,197446.9,19916532.1,741909.0,19401.6,9052.4,1282969.5,285707.3,4240216.0
2010-07-01,468880.0,81420.7,107688.8,26090.5,282987.0,463228.0,153258.9,37056738.0,160454444.5,6630097.5,1244142.0,776261.2,511345.6,2750750.3,285194.0,5169.8,3146811.2,52592.0,556491.8,523173.0,52266.3,12615.6,10361531.0,57273.3,594070.0,257523.5,455302.5,129488775.0,396469600.0,9153.6,12094.8,5653.5,189559.3,1157490.0,49054.0,431746.5,52635.9,191930.7,19669293.1,679255.0,19272.5,9009.5,1273475.8,277323.3,4218066.5
2010-04-01,465573.0,80557.5,107263.6,25891.3,280521.8,460007.8,152549.7,36206825.5,159312908.4,6523617.9,1231580.0,768842.0,504408.4,2738609.5,285374.0,5089.8,3131748.0,52852.0,552875.3,520128.0,54012.9,12451.3,10283585.0,56757.9,606828.0,254803.2,454074.8,127188300.0,392479000.0,9110.0,12244.7,5669.0,189391.8,1176348.0,49761.0,426731.4,52443.2,200708.0,19566858.1,680383.0,19052.4,8990.2,1252462.8,269846.6,4185790.5
2010-01-01,462727.0,79420.6,106293.5,25470.7,276999.0,457611.5,151497.5,35018501.5,156584430.6,6447368.9,1214423.0,752536.9,502186.3,2713238.4,285022.0,5009.9,3100145.6,51383.0,550295.6,514595.0,56430.6,12605.2,10203609.0,56005.2,582843.0,250720.4,451187.2,125665275.0,386238500.0,9057.2,12165.0,5713.0,187668.4,1184513.0,49480.0,420473.3,52262.1,198791.7,19382703.2,667114.0,18817.6,8869.2,1212132.2,259966.1,4145677.5
2009-10-01,460714.0,79628.9,105882.6,25107.5,271365.1,452133.8,150043.6,34905582.4,155250931.5,6372648.5,1204911.0,747102.7,497798.8,2702419.5,285277.0,4958.4,3089324.5,50938.0,548620.8,509889.0,57085.2,12740.0,10188949.0,54870.8,610787.0,246707.5,449072.2,124335525.0,377396300.0,8993.5,12022.3,5707.5,187661.9,1163866.0,48895.0,421998.0,51800.9,210118.8,18976889.6,,18431.0,8873.0,1193483.4,260735.2,4125688.5
2009-07-01,457040.0,79647.0,105130.0,25908.4,264556.6,446940.8,149212.0,34481452.1,154069759.1,6270234.0,1205065.0,741408.8,496866.1,2690731.6,285346.0,4933.6,3075510.7,51298.0,544742.7,508398.0,57181.6,12609.6,10197757.0,55979.0,617125.0,243963.5,447953.9,122854950.0,374652000.0,9144.5,11866.9,5666.6,186439.0,1163464.0,48323.0,414884.5,51762.7,208230.7,18773811.7,,18060.6,8878.0,1191046.7,255742.2,4081570.3
2009-04-01,455451.0,79220.5,103685.5,25685.6,258528.2,444950.8,147189.2,34073795.7,152587901.2,6192389.8,1200003.0,736836.5,495485.6,2681163.7,284785.0,5024.3,3063557.9,50814.0,543513.3,508009.0,57373.5,12756.5,10203608.0,56417.5,608081.0,242148.6,446835.4,122898325.0,363561000.0,9139.5,11624.8,5953.6,186243.8,1162980.0,48027.0,411737.9,51324.0,201967.3,18697074.2,,17741.2,8859.4,1191489.8,249758.6,4067286.3
2009-01-01,452490.0,79528.5,103523.1,25663.2,253856.4,449802.8,146364.9,34273389.8,150707408.2,6100795.4,1205952.0,735024.8,504688.1,2680972.5,284598.0,5200.7,3063842.0,51036.0,542561.2,509646.0,55930.0,12718.8,10197916.0,56129.4,610309.0,240023.2,449463.7,120530500.0,358711700.0,9246.5,11399.9,6351.7,187988.5,1169658.0,47446.0,410803.3,51268.9,200624.9,18973876.7,,17444.1,8932.5,1185928.0,240136.4,4074565.5
2008-10-01,448054.0,80630.7,104566.2,26845.6,257521.6,460187.3,148992.8,34440898.1,150420206.5,6260594.7,1245985.0,771170.9,514778.8,2766196.4,292418.0,5341.7,3156842.4,54579.0,553091.2,520230.0,58899.1,13331.0,10646187.0,56192.0,676368.0,239108.6,460733.5,126600700.0,357768200.0,10533.5,11712.2,6695.4,192382.7,1189234.0,47820.0,406003.2,52600.2,222134.4,19667547.5,,19325.8,9414.9,1197559.4,254554.4,4121337.5
2008-07-01,449968.0,82611.4,106886.4,26709.9,267616.0,465589.5,153699.7,34719712.8,153049709.4,6323959.9,1273607.0,783335.0,524634.3,2814154.7,297024.0,6060.9,3212000.7,55793.0,560195.9,531619.0,59313.0,13622.1,11034907.0,59040.7,643971.0,240536.6,471556.0,129842750.0,370260100.0,10645.1,12151.2,6900.3,194523.4,1186843.0,47825.0,405289.9,53261.8,221668.8,20328679.1,,19095.1,9752.3,1247655.5,261188.6,4213573.8
2008-04-01,446988.0,83139.1,107474.5,26409.2,263373.5,461794.8,152892.7,35004965.9,151245754.3,6286963.7,1270459.0,787648.5,527423.5,2829454.6,297654.0,6058.8,3227469.8,55605.0,561558.1,539918.0,59295.8,13813.9,11063037.0,59022.3,675382.0,240004.0,478677.0,131458200.0,367818800.0,10795.2,12226.1,7190.2,195046.7,1188240.0,47783.0,405436.6,53334.8,216649.9,20636297.9,,18828.8,9767.4,1258344.9,266021.9,4235822.8
2008-01-01,445509.0,83445.5,107422.4,26099.3,258079.9,460118.3,151203.0,34970442.9,150997329.8,6294507.2,1262237.0,790495.4,532429.5,2843406.0,297549.0,5996.4,3240035.9,56038.0,565775.2,542804.0,59830.9,13768.2,11006987.0,60212.2,672628.0,239398.5,483194.0,132283225.0,366484800.0,10745.7,12404.1,7388.1,194906.6,1187860.0,48451.0,403224.9,53603.4,208422.0,20508814.7,,18603.1,9675.1,1266177.1,275809.3,4210750.8
2007-10-01,440720.0,81703.0,106981.1,25679.8,254870.1,459773.3,149853.2,34248724.4,149942516.6,6165442.3,1254701.0,785879.7,534435.5,2825416.2,296994.0,6133.0,3219682.3,56096.0,560924.9,540258.0,59010.1,13392.0,10894535.0,62066.4,683782.0,238708.2,478288.6,131753475.0,363742300.0,10782.5,12260.6,7282.5,193550.6,1193440.0,48716.0,396934.4,53615.3,205917.3,19978744.3,,19166.6,9544.6,1271269.9,270119.2,4228797.8
2007-07-01,439202.0,81758.9,106550.3,25144.0,251125.2,459169.8,148630.8,33616815.6,148217190.7,6052319.0,1238897.0,780099.9,528583.2,2811148.1,295191.0,6169.9,3200201.7,55386.0,560340.8,537052.0,59684.7,13429.4,10858769.0,59613.4,653593.0,234808.4,479299.1,131197325.0,356718200.0,10621.5,12164.5,7367.6,190776.5,1185110.0,48451.0,391551.0,52985.2,198537.5,19360405.4,,18024.6,9478.3,1258477.8,261154.8,4202396.8
2007-04-01,434043.0,81331.7,105693.5,24824.2,248562.2,457455.8,147352.0,33524647.9,145197973.8,5983435.2,1222737.0,776131.7,519689.2,2800201.9,292995.0,6156.7,3185025.1,54865.0,558571.3,533187.0,59970.4,13391.8,10805777.0,61403.1,655955.0,230047.9,479138.7,131898325.0,352543600.0,10341.0,12237.6,7264.0,188696.6,1175411.0,47956.0,384817.0,52836.2,196600.8,18942698.0,,17611.7,9291.3,1254438.3,259632.4,4178328.5
2007-01-01,431277.0,80544.4,105227.6,24353.0,244342.0,453080.3,145046.0,33187233.0,143099318.9,5832345.8,1214180.0,771041.9,525352.6,2781287.2,290446.0,6133.1,3163559.0,53938.0,554920.2,529398.0,58457.0,13276.7,10812477.0,61747.6,630425.0,226793.4,477756.6,131865700.0,346675000.0,10062.9,11977.7,7146.2,187543.5,1175424.0,47311.0,379853.8,52686.3,193835.2,18476391.2,,17188.8,9156.5,1240420.0,259553.1,4152922.5
2006-10-01,425509.0,79570.2,103776.0,24007.1,239942.1,450207.0,144295.7,32850170.1,140754892.8,5766870.0,1191957.0,770028.2,523357.5,2762175.5,287830.0,5937.0,3138705.4,52891.0,549191.5,524569.0,58776.2,12989.0,10949436.0,59049.1,618537.0,222230.4,478756.4,130994425.0,340636500.0,9763.9,11349.1,6960.8,185449.4,1163046.0,46959.0,364818.0,52068.8,188053.0,18147263.2,,16843.9,8995.4,1234077.6,254906.0,4140466.5
2006-07-01,420227.0,78474.3,102612.6,23619.3,237164.1,448421.3,142435.2,32163532.9,138699492.2,5601668.1,1177255.0,758899.6,524033.1,2730301.7,285176.0,5792.8,3106039.5,52452.0,546212.3,521780.0,57211.1,12840.4,10844829.0,58278.5,606339.0,218356.5,472085.5,129247975.0,337830800.0,9482.9,11278.1,6645.6,183853.5,1149471.0,46603.0,369924.3,51731.0,188050.7,17809026.9,,16375.3,8802.3,1222560.3,249275.6,4105184.5
2006-04-01,413996.0,77997.0,101678.3,23133.2,233289.3,447162.5,141487.6,31731555.1,135977265.6,5482087.4,1163383.0,753205.9,527722.2,2715295.3,282509.0,5663.8,3087893.2,51958.0,545831.6,520318.0,56838.0,12649.9,10786982.0,57892.4,601643.0,219673.5,470604.3,129494125.0,332617800.0,9318.2,11244.5,6432.7,182917.1,1141936.0,45766.0,363988.9,51798.9,183969.8,17409287.2,,16062.4,8651.9,1211901.7,251168.1,4099037.8
2006-01-01,412927.0,77652.7,101332.3,22738.0,232444.9,446939.0,140369.4,31086268.5,134003349.4,5349975.4,1141839.0,740524.5,512340.9,2685677.2,279989.0,5547.6,3050944.8,51873.0,539340.3,518495.0,56458.1,12450.2,10629245.0,57476.0,586321.0,215617.1,468869.6,129311850.0,330234400.0,9065.8,11132.3,6209.0,179989.2,1141020.0,45961.0,355723.9,51337.4,181195.3,17080470.4,,15682.0,8482.9,1192301.5,243743.4,4088458.8
2005-10-01,412661.0,76903.5,100734.6,22388.0,228840.4,443339.5,138701.1,30807653.0,131018198.9,5281780.0,1120110.0,732350.8,507032.2,2660831.7,276769.0,5422.4,3020351.4,50590.0,534647.3,515935.0,54617.7,12392.2,10552463.0,56837.1,586433.0,212557.8,467646.7,129108625.0,325066900.0,9068.2,11197.6,6134.6,178956.6,1126426.0,45549.0,350251.2,50901.6,176632.6,16756959.6,,15280.9,8384.8,1170695.3,240983.8,4034183.5
2005-07-01,409254.0,75782.1,99970.6,22024.4,225929.8,438979.8,137253.4,30441643.5,128811776.2,5206933.9,1101350.0,729590.1,504272.5,2642629.8,274064.0,5300.7,2998588.9,50443.0,530997.8,511132.0,54292.3,12258.7,10436895.0,54845.4,578081.0,208651.8,465476.3,128875725.0,321379300.0,8856.9,10628.7,5924.4,177755.3,1124790.0,45557.0,344062.0,50825.9,171404.7,16418276.8,,15052.6,8247.9,1168320.6,233270.0,4011896.8
2005-04-01,404935.0,75544.3,99541.0,21738.9,227324.5,433723.5,135719.6,29719078.1,128671362.5,5119615.4,1085575.0,723896.3,504970.5,2622758.9,271464.0,5177.1,2974986.4,49715.0,527020.7,506906.0,53476.3,12135.5,10363462.0,55475.3,575582.0,206189.0,463015.9,127572625.0,316930100.0,8614.0,10296.0,5685.7,175622.1,1118809.0,45447.0,337972.9,51019.3,169926.5,16133963.3,,14806.4,8165.7,1151490.7,230022.1,3980695.5
2005-01-01,403103.0,75091.0,98963.8,21437.8,224829.8,430611.3,134306.6,29233578.0,126351662.3,5072772.5,1070652.0,719582.8,494439.8,2606910.7,269076.0,4980.2,2955124.1,50342.0,525832.2,502702.0,53156.4,11676.6,10154531.0,54623.6,543242.0,204164.1,459056.8,126598600.0,311097100.0,8531.3,10326.5,5507.8,174026.4,1115048.0,44325.0,336414.6,50880.2,168213.1,15892039.5,,14500.3,8048.8,1141967.0,229055.2,3961181.8
2004-10-01,399807.0,74864.2,98467.8,21000.3,222876.3,429108.5,133149.1,29200542.3,,5047606.3,1051977.0,718439.9,496528.4,2599747.9,266693.0,4894.1,2946685.9,49850.0,524260.1,499020.0,53608.1,11841.5,10059672.0,53983.0,553580.0,201754.8,459890.7,125960100.0,308211900.0,8319.8,10359.2,5378.4,173590.5,1093379.0,44232.0,334559.8,50418.6,170663.4,15619006.5,,14345.9,7978.0,1137886.8,218961.2,3917720.0
2004-07-01,396780.0,74592.6,98121.5,20709.3,221204.1,426033.8,132815.5,28734395.4,,4982044.4,1034330.0,718698.7,491120.6,2588190.6,264814.0,4793.7,2932031.2,49098.0,519654.6,496642.0,53537.2,11624.0,10023583.0,52119.3,541960.0,199383.5,458712.3,126195225.0,305706200.0,8127.3,10446.7,5229.1,173184.8,1086513.0,44189.0,331323.2,50664.2,167666.7,15446290.6,,14133.7,7922.9,1131876.7,215465.3,3878154.8
2004-04-01,394183.0,73741.9,97237.0,20287.9,218492.7,421055.5,132967.0,28001274.0,,4960908.6,1019641.0,721028.0,490151.2,2582501.9,262599.0,4687.9,2923655.7,48551.0,517822.7,494824.0,52796.0,11529.9,9906679.0,52678.1,514609.0,196595.6,458387.4,125411075.0,304926100.0,8066.6,10360.7,5157.6,172950.9,1094677.0,44106.0,331499.1,50638.3,160636.4,15215841.3,,13808.6,7843.8,1122730.1,213062.5,3841712.5
2004-01-01,391259.0,72967.6,96325.4,19898.6,212541.7,416125.0,131865.6,27473126.5,,4895679.6,1007070.0,716800.8,486563.4,2566850.2,259840.0,4720.6,2904765.9,48158.0,515536.8,492014.0,52715.9,11498.3,9799200.0,51048.1,523227.0,194134.2,457215.4,125445500.0,302404300.0,7903.5,10258.9,5102.3,172164.4,1093224.0,44088.0,328758.1,50326.1,156607.3,14928148.4,,13719.9,7787.8,1114435.5,208214.6,3812170.0
2003-10-01,388294.0,72813.3,94922.2,19653.1,209655.0,413121.0,131090.3,26906406.2,,4843804.3,995433.0,717900.6,484483.6,2553047.8,258329.0,4613.4,2885651.0,47552.0,510015.3,490059.0,51666.5,11319.3,9639618.0,51827.5,506810.0,191333.6,455313.7,124497000.0,298161400.0,7844.0,10168.5,4940.1,170578.9,1053882.0,42944.0,321160.3,49833.3,147909.1,14652869.8,,13521.2,7676.7,1096956.2,202633.5,3790690.0
2003-07-01,381825.0,72649.6,94267.4,19268.0,207510.0,410300.5,129608.8,26761193.9,,4792301.0,988742.0,717038.0,475322.7,2537120.4,256181.0,4496.4,2866773.8,47453.0,508259.9,485973.0,50709.3,11208.0,9545278.0,48664.3,490862.0,190061.2,451074.5,123157500.0,290747700.0,7709.6,9981.9,4873.9,169519.6,1053664.0,42432.0,318672.4,49693.6,150064.2,14390414.7,,13294.9,7620.6,1089554.4,196687.6,3747195.5
2003-04-01,375463.0,72034.5,93847.7,19041.3,205620.9,408772.3,128254.9,26585932.8,,4731702.2,978469.0,710568.1,473914.6,2520719.8,254287.0,4451.8,2847592.1,46894.0,502810.6,481552.0,50347.8,11134.8,9433717.0,48345.4,484317.0,188718.4,452181.7,122773975.0,286171600.0,7522.5,9915.4,4740.1,169494.7,1044226.0,41812.0,314612.6,49275.9,149684.9,14151513.5,,13255.8,7542.1,1080607.8,191235.1,3685891.8
2003-01-01,373945.0,71522.9,93661.8,18853.5,207333.5,409366.0,128595.3,26307422.3,,4675359.6,969701.0,709532.9,477578.5,2519347.3,253316.0,4350.4,2844685.7,46222.0,505044.6,477357.0,49455.6,10966.9,9334529.0,47574.1,500286.0,189712.0,452980.2,121950300.0,285982500.0,7414.7,9664.0,4642.7,170346.7,1047440.0,41625.0,309452.4,49693.8,146007.5,13995403.7,,13072.1,7469.1,1082427.7,190594.1,3653535.3
2002-10-01,373112.0,71294.0,93928.8,18592.1,208233.2,407101.0,129153.2,25938818.0,,4616426.9,958560.0,719302.6,476176.7,2526230.2,250898.0,4254.8,2849426.9,46564.0,503514.4,473899.0,48536.2,10817.5,9272438.0,48471.1,495765.0,187100.0,454881.7,121874850.0,287527500.0,7070.8,9670.2,4610.6,169957.1,1044056.0,41405.0,308149.7,49611.1,146030.2,,,12884.5,7463.9,1069482.9,190434.9,3634395.0
2002-07-01,369994.0,71575.8,93580.5,18402.9,206143.1,404877.3,129705.7,25567252.9,,4597885.2,954512.0,721286.8,477231.5,2521440.6,248954.0,4223.3,2843626.7,46022.0,503094.4,470277.0,48123.3,10675.7,9162560.0,47981.5,485566.0,187189.4,452267.2,121545525.0,284837500.0,6968.0,9702.7,4450.1,169778.7,1036506.0,40707.0,306602.7,49979.4,144553.5,,,12821.7,7361.0,1067530.9,186456.6,3629908.3
2002-04-01,369088.0,71524.9,93047.9,18133.9,203352.5,401406.3,129786.4,25291740.6,,4561133.1,949175.0,716369.4,475162.3,2509596.6,247567.0,4139.0,2830666.2,46121.0,500992.6,466935.0,47777.2,10465.4,9080786.0,46628.2,485643.0,187072.9,451479.7,121142825.0,279643700.0,6860.5,9717.2,4402.2,169642.5,1046578.0,39864.0,303708.7,50244.8,146299.7,,,12546.8,7294.3,1069535.3,183943.1,3615212.0
2002-01-01,362852.0,71464.4,92272.0,17857.2,202851.6,399048.5,129451.3,25087662.9,,4481437.7,944496.0,713608.9,474335.3,2498609.4,245509.0,3998.0,2817254.0,45705.0,498651.9,464698.0,46661.2,10318.3,9033830.0,47065.3,471087.0,187004.5,450235.0,120184600.0,274419900.0,6686.3,9615.9,4225.6,169360.3,1032764.0,39486.0,301700.1,50525.7,143201.6,,,12429.3,7271.4,1057599.1,176331.9,3593196.3
2001-10-01,360013.0,70676.3,91505.0,17581.4,197923.1,393297.8,129311.5,24879314.9,,4458017.2,945134.0,716951.9,477706.5,2492792.7,244354.0,3966.7,2809840.6,45390.0,495817.8,463404.0,46240.1,10101.8,8829750.0,45320.3,497717.0,185477.6,449673.4,119972325.0,266982900.0,6650.2,9606.3,4209.9,169662.2,1033945.0,39032.0,299799.6,50410.1,141315.1,,,12383.0,7184.3,1049282.7,169913.2,3563393.5
2001-07-01,355814.0,70390.1,91597.5,17350.6,198557.3,390953.0,129887.9,24724883.2,,4437019.0,938736.0,719194.8,475300.2,2493925.7,242809.0,3908.3,2809511.0,45538.0,497994.3,462016.0,45923.0,10041.0,8763941.0,44587.1,474075.0,186271.3,450324.4,120400025.0,262985600.0,6507.0,9333.7,4072.9,169529.5,1028155.0,38616.0,300006.6,49711.8,137872.7,,,12116.8,7145.4,1044617.1,172821.7,3553629.0
2001-04-01,351723.0,70232.6,91737.5,17126.1,199562.4,391228.0,129831.5,24783147.2,,4381923.1,934807.0,719194.8,472150.8,2488677.4,240497.0,3829.6,2801914.5,45228.0,495144.0,459620.0,45112.7,9974.0,8687621.0,44856.5,485000.0,188305.2,452065.4,121711925.0,259678300.0,6364.9,9225.6,4166.2,169204.7,1020053.0,38619.0,298577.9,49612.2,134111.8,,,12079.2,7106.8,1035928.3,170685.0,3567923.5
2001-01-01,348598.0,70399.5,91732.2,16960.5,200476.2,390001.5,129282.1,24545366.8,,4372620.0,933690.0,721006.3,469100.5,2487750.4,238642.0,3825.4,2801122.7,45196.0,495024.7,457680.0,45222.5,9869.6,8619501.0,44406.0,470815.0,189891.6,452367.5,122635175.0,255820800.0,6372.3,9329.5,3994.2,168623.4,1021224.0,37355.0,299453.5,49094.1,135488.1,,,11959.4,7048.9,1040023.2,179374.0,3545780.0
2000-10-01,345369.0,70543.4,91696.3,16827.4,199837.2,387818.5,129506.1,24375535.9,,4310090.5,921773.0,706017.3,476531.2,2460566.9,236243.0,3773.8,2773882.5,44976.0,492469.3,453447.0,44510.3,9769.3,8560031.0,43513.1,468924.0,191748.4,448835.8,121729350.0,253273000.0,6208.7,9238.0,3904.8,167804.9,1006028.0,37687.0,300635.3,49270.7,129978.1,,,11887.7,7006.2,1040231.1,189063.7,3557441.3
2000-07-01,346667.0,70021.7,90808.5,16676.4,197417.7,387053.0,127859.9,24092776.8,,4275882.7,918495.0,709036.7,468890.3,2448790.3,233741.0,3691.9,2759109.5,44467.0,489501.4,450688.0,43933.3,9710.3,8401291.0,42928.7,475620.0,191287.6,444528.5,120565250.0,254117200.0,6097.2,9117.3,3924.8,166064.6,1005772.0,37510.0,295098.8,48993.7,127923.4,,,11831.8,6961.1,1038873.5,186386.1,3536328.0
2000-04-01,345785.0,69192.5,90355.5,16537.7,195079.2,383125.8,126635.3,23723660.4,,4238530.9,907416.0,708519.1,468099.2,2432566.0,231381.0,3646.8,2741690.4,43788.0,485736.7,447825.0,43230.9,9614.2,8325913.0,42170.3,457572.0,185421.3,440545.1,120530975.0,247325900.0,6029.8,8983.5,3814.5,164685.0,999509.0,37353.0,294145.7,48225.6,135417.5,,,11772.1,6887.6,1028590.9,183650.9,3532727.0
2000-01-01,342430.0,68357.4,89724.8,16385.6,192360.1,378669.0,126079.4,23671182.8,,4230958.5,898748.0,702911.7,462910.4,2410795.7,228493.0,3559.0,2714504.2,43454.0,480373.8,444540.0,42629.9,9707.7,8248035.0,41030.1,454191.0,178878.6,437661.2,119997575.0,243573100.0,5947.6,9038.6,3827.1,162995.3,1008965.0,37571.0,290964.3,48547.5,128252.3,,,11667.2,6816.7,999201.3,176768.7,3469536.8
1999-10-01,341129.0,68355.9,89113.1,15100.2,190325.8,372831.5,125222.9,23449635.2,,4192161.7,886845.0,692236.2,459736.6,2380120.4,224940.0,3427.9,2681228.8,42189.0,475778.1,439093.0,42525.2,9422.3,8179586.0,40530.5,454174.0,176743.4,432350.7,117957025.0,238809500.0,5826.1,8616.9,3781.9,161440.5,987415.0,36740.0,288909.0,47464.0,124573.6,,,11554.6,6722.1,996884.4,174028.0,3456995.0
1999-07-01,335375.0,67760.8,88074.0,15971.0,187666.9,367680.5,122303.4,22847809.5,,4127895.9,876400.0,688957.9,451711.0,2355351.3,222470.0,3340.0,2653116.3,41845.0,469133.9,432860.0,41842.9,9405.8,8086747.0,39314.6,438510.0,173268.6,426042.5,117919225.0,232582600.0,5830.1,8680.9,3681.0,159524.7,976509.0,36384.0,284562.4,47183.9,126259.8,,,11617.8,6628.4,985328.1,168979.8,3401192.8
1999-04-01,331809.0,66757.0,86781.2,16120.4,187690.5,362006.3,121630.5,22375787.1,,4089233.1,868398.0,679640.7,449805.0,2325095.3,219484.0,3307.9,2619425.4,41628.0,462323.7,425920.0,41565.4,9517.4,7935292.0,37970.5,433068.0,172720.3,421656.9,117298850.0,226088500.0,5935.0,8445.7,3550.4,157390.3,963744.0,35879.0,278971.2,46732.2,128183.1,,,11701.1,6775.2,970583.5,171878.8,3356687.0
1999-01-01,330452.0,66089.9,85623.6,16555.1,186718.4,359045.0,120854.0,22314903.8,,4010035.1,864620.0,680503.4,447809.0,2313951.2,216997.0,3278.5,2606251.0,41412.0,459345.1,423875.0,41278.6,9342.8,7848707.0,37524.1,443758.0,167281.7,420023.3,116835325.0,216688000.0,5902.4,8277.5,3600.4,155808.4,963461.0,35497.0,273166.2,46487.9,130026.0,,,11916.2,6488.9,965661.5,172853.2,3328899.3
1998-10-01,327989.0,65522.5,84755.9,16960.5,186346.5,352677.3,120666.6,22310621.5,,4023787.9,864275.0,672696.3,444147.0,2290805.4,214880.0,3302.5,2581771.0,40751.0,456206.2,421074.0,40948.3,9628.4,7848222.0,35511.0,443265.0,167063.1,418007.5,118481325.0,210160900.0,5995.7,8022.9,3403.0,152910.8,951538.0,35241.0,271011.5,45913.7,133662.1,,,12350.3,6409.3,959635.9,175817.1,3297917.5
1998-07-01,322971.0,64940.1,84568.0,17212.9,188512.2,347962.5,120905.2,23056914.0,,3927530.3,864276.0,672868.7,441245.8,2283881.6,212663.0,3366.7,2572715.8,40385.0,453100.0,418294.0,40777.1,9601.9,7846943.0,36010.5,434094.0,166364.5,419321.3,117535200.0,205049800.0,5998.6,7929.6,3700.8,151705.6,948404.0,34372.0,270131.3,45529.5,131038.2,,,11477.9,6351.5,946528.8,176273.1,3245688.0
1998-04-01,317073.0,64811.0,84288.5,17093.7,188569.9,344820.5,120945.6,23212833.2,,3898399.8,863805.0,669590.7,434023.9,2272059.2,210656.0,3367.6,2557456.0,39844.0,450768.5,416909.0,40715.3,9436.0,7774291.0,35104.3,430927.0,164808.1,418999.5,117331575.0,201114300.0,5942.0,7826.2,3589.1,150392.4,959594.0,34208.0,267524.1,44998.3,124199.6,,,11587.0,6300.1,936423.4,178788.8,3205334.8
1998-01-01,313855.0,64193.1,84018.1,18286.4,185412.9,344638.0,119653.9,22825628.9,,3896913.5,861152.0,672696.2,437511.5,2262947.9,208368.0,3386.1,2547460.9,39068.0,447563.6,414377.0,40606.5,9303.8,7655131.0,34155.8,394837.0,165599.1,416498.0,117820525.0,202695900.0,5815.5,7671.3,3557.3,149317.5,952604.0,34249.0,267515.3,44363.2,122067.2,,,11596.9,6266.8,926881.7,180224.4,3175935.5
1997-10-01,311905.0,63379.2,83813.0,16436.8,189130.3,339839.5,118395.4,22643725.8,,3804460.6,861966.0,666334.0,430928.2,2246948.0,206628.0,3361.5,2528923.9,39383.0,443314.5,411352.0,40093.5,9356.4,7593893.0,33339.4,405241.0,162430.4,418612.9,119301750.0,217284700.0,5720.2,7577.6,3396.3,147256.1,937870.0,34315.0,262396.3,43700.6,127051.5,,,11394.1,6228.5,923010.2,,3144373.8
1997-07-01,307524.0,62760.5,83351.7,17014.1,187556.5,336586.8,117612.2,22171770.7,,3691927.6,864487.0,661416.7,429662.8,2223583.2,203766.0,3256.8,2502832.3,38248.0,438976.5,405233.0,39765.7,9428.1,7532303.0,32539.9,398448.0,159549.4,412505.3,119250350.0,218621300.0,5612.3,7470.5,3401.1,145594.6,929361.0,34891.0,257937.1,43445.3,130049.2,,,11468.0,6196.1,907329.5,,3117752.5
1997-04-01,307097.0,62261.2,82601.0,16650.2,185219.6,332643.3,116336.4,21681978.4,,3652974.5,869290.0,658828.7,431551.4,2206453.4,201529.0,3170.4,2484759.4,37363.0,434654.5,401790.0,39189.9,9308.8,7468187.0,32154.0,395131.0,159397.2,410584.0,119023425.0,216503800.0,5426.4,7283.0,3366.6,143455.1,930010.0,34232.0,256998.6,42875.8,129248.2,,,11286.5,6146.5,901790.7,,3079305.3
1997-01-01,298156.0,62419.4,81368.6,16829.6,184307.5,328941.5,116075.3,21239925.8,,3550521.2,871158.0,651582.2,424843.4,2180260.8,199727.0,3043.8,2455516.8,36776.0,430139.7,397303.0,38609.4,9011.5,7391037.0,31112.0,392727.0,159323.0,404186.5,119889075.0,209163500.0,5300.4,7151.6,3190.2,141673.3,915809.0,33389.0,253480.6,42488.8,135204.7,,,11131.1,6029.3,887064.3,,3028868.0
1996-10-01,296092.0,61645.8,80597.6,18693.8,182345.3,324592.3,114781.1,20768946.8,,3549217.4,876049.0,654924.8,419124.4,2173582.2,197755.0,2937.8,2444993.5,36353.0,428311.3,391053.0,38344.5,8900.2,7325620.0,29239.6,386051.0,157475.1,403024.2,119618325.0,208158900.0,5195.7,7179.6,3213.2,140512.6,883861.0,33594.0,238740.8,41796.3,133214.2,,,11037.6,5974.0,884049.7,,3009443.8
1996-07-01,293303.0,61642.5,79962.0,19105.8,184099.9,322040.8,114272.8,20475481.9,,3498123.2,875773.0,648972.5,419023.9,2161684.5,196776.0,2877.6,2433496.5,35648.0,426670.1,385671.0,38112.4,8494.1,7235046.0,28931.0,381302.0,155037.9,404415.9,118288675.0,204565900.0,5161.2,6872.3,3065.5,139670.8,893208.0,33431.0,247246.7,41706.9,135204.2,,,10835.3,5888.2,873247.3,,2978515.8
1996-04-01,291003.0,61259.3,79535.1,20070.2,177538.5,319358.5,114388.8,20273373.7,,3441349.4,871068.0,646470.9,418277.7,2151718.6,195175.0,2790.2,2422927.3,35463.0,425029.4,382146.0,37817.9,8765.8,7249335.0,29335.0,381053.0,152955.2,403617.7,118139600.0,200858600.0,4985.2,6997.5,2970.7,137669.5,874418.0,33028.0,244549.8,41144.5,139497.2,,,10580.5,5812.6,868978.8,,2952035.0
1996-01-01,289162.0,60801.1,78936.7,20307.0,175460.8,317101.0,114729.7,20073653.6,,3440810.0,865647.0,637758.1,407828.3,2134605.9,193835.0,2743.2,2404121.8,35181.0,424211.4,380976.0,37847.9,8846.8,7308473.0,28650.3,379858.0,150162.2,402945.0,116661875.0,197063400.0,5017.2,6919.6,2970.2,135715.5,875192.0,32584.0,239738.2,40590.9,140217.5,,,10471.5,5770.7,877733.7,,2903604.5
1995-10-01,284722.0,60759.5,79291.0,,,316641.5,114190.9,,,3442336.1,850817.0,642329.9,406679.6,2131050.4,192727.0,2716.7,2396559.5,34573.0,421282.9,378442.0,37899.7,8555.4,7243583.0,27522.8,367463.0,148423.6,,115718750.0,193183400.0,4978.4,6854.7,2977.5,,852033.0,32414.0,234736.8,40324.8,125074.1,,,10309.5,,870934.3,,2882016.8
1995-07-01,284772.0,60299.0,79062.5,,,315368.8,114437.8,,,3427456.9,844883.0,642071.1,404036.0,2126350.5,191279.0,2687.8,2390411.1,34552.0,421449.4,377249.0,37605.9,7981.2,7274242.0,27077.3,370115.0,147479.1,,115421975.0,189589100.0,4860.5,6911.0,2964.2,,845254.0,31989.0,231982.7,40047.6,132141.6,,,10127.1,,859107.2,,2862577.5
1995-04-01,278335.0,59985.7,78457.4,,,314952.5,113839.1,,,3427932.9,834358.0,640777.1,402538.5,2121204.1,190436.0,2697.9,2383836.0,34703.0,420791.8,373090.0,37398.3,8215.3,7277703.0,26939.9,366037.0,145755.5,,114086125.0,185683600.0,4865.7,6918.1,3008.6,,832603.0,32066.0,225668.5,39863.1,133682.4,,,10083.5,,859827.0,,2838430.3
1995-01-01,277045.0,59254.9,78059.6,,,314818.8,113620.7,,,3446600.2,818686.0,635687.4,404163.8,2104443.3,189189.0,2725.0,2365686.3,33781.0,418050.7,372307.0,36999.4,8235.4,7295844.0,26688.1,358873.0,142787.6,,113005000.0,182209400.0,4743.9,6903.9,3012.3,,827959.0,31503.0,221594.0,39408.8,136621.1,,,9929.4,,854836.8,,2829987.8
1994-10-01,277283.0,,,,,311952.5,114137.2,,,3330020.6,,638210.7,399814.8,,,,,34088.0,416084.5,370401.0,,,,,,,,111797550.0,178271700.0,,,,,820666.0,31160.0,,,,,,,,843639.5,,2819983.0
1994-07-01,274227.0,,,,,309702.8,113493.8,,,3341692.2,,631223.0,393253.5,,,,,33240.0,412198.9,368798.0,,,,,,,,112226250.0,171330800.0,,,,,800302.0,30734.0,,,,,,,,825342.4,,2788044.0
1994-04-01,272163.0,,,,,305782.5,112360.5,,,3316853.3,,627513.5,391548.9,,,,,32493.0,408509.1,365109.0,,,,,,,,110953650.0,168612400.0,,,,,807399.0,30768.0,,,,,,,,821354.9,,2771840.3
1994-01-01,268955.0,,,,,301382.8,113468.9,,,3221347.3,,624062.8,385112.1,,,,,32200.0,404450.7,361793.0,,,,,,,,111555750.0,165850700.0,,,,,795510.0,30495.0,,,,,,,,810757.8,,2734779.0
1993-10-01,264555.0,,,,,297003.5,112752.1,,,3227418.0,,615371.3,375748.4,,,,,32002.0,401724.1,358264.0,,,,,,,,,161068400.0,,,,,787443.0,29569.0,,,,,,,,799801.5,,2708496.8
1993-07-01,259814.0,,,,,295738.5,112288.1,,,3187200.8,,615888.9,373205.5,,,,,31766.0,400669.9,355841.0,,,,,,,,,157958300.0,,,,,769706.0,29031.0,,,,,,,,798251.6,,2672151.5
1993-04-01,259481.0,,,,,292937.0,111910.8,,,3123250.1,,612265.5,370035.3,,,,,31575.0,400179.7,352612.0,,,,,,,,,155120800.0,,,,,759967.0,28258.0,,,,,,,,793815.0,,2659461.8
1993-01-01,257994.0,,,,,290292.8,110684.9,,,3094351.2,,612179.2,371806.9,,,,,31642.0,400160.7,351046.0,,,,,,,,,151302000.0,,,,,751626.0,28037.0,,,,,,,,787495.1,,2644068.8
1992-10-01,256223.0,,,,,288461.3,110835.8,,,3004909.3,,617075.0,375376.2,,,,,31598.0,402334.4,349299.0,,,,,,,,,148222700.0,,,,,747120.0,27460.0,,,,,,,,,,2639662.0
1992-07-01,251001.0,,,,,286827.0,111652.0,,,3034018.6,,618800.3,377221.1,,,,,31831.0,402258.1,346628.0,,,,,,,,,145926100.0,,,,,750607.0,27103.0,,,,,,,,,,2612418.3
1992-04-01,248551.0,,,,,285281.8,112790.8,,,2911422.3,,620266.9,367856.4,,,,,32100.0,402721.2,344987.0,,,,,,,,,145750700.0,,,,,744307.0,27631.0,,,,,,,,,,2586857.3
1992-01-01,246757.0,,,,,284957.0,113004.6,,,2847826.5,,624149.0,371519.5,,,,,32457.0,402269.5,345523.0,,,,,,,,,144661600.0,,,,,741813.0,27387.0,,,,,,,,,,2559108.8
1991-10-01,244851.0,,,,,284756.0,112079.6,,,2799205.2,,615672.9,364515.5,,,,,32362.0,399412.8,345643.0,,,,,,,,,142201000.0,,,,,722812.0,27270.0,,,,,,,,,,2528832.3
1991-07-01,244685.0,,,,,284256.5,111770.3,,,2686202.0,,606960.2,368550.1,,,,,32742.0,397494.6,345216.0,,,,,,,,,138631000.0,,,,,719402.0,27280.0,,,,,,,,,,2520048.8
1991-04-01,243617.0,,,,,283880.0,111915.2,,,2672166.0,,607909.1,364739.7,,,,,33429.0,395889.7,345892.0,,,,,,,,,135544500.0,,,,,720541.0,26872.0,,,,,,,,,,2507377.5
1991-01-01,244057.0,,,,,282524.0,113168.8,,,2644489.4,,610842.1,364586.5,,,,,33838.0,394433.1,346292.0,,,,,,,,,133273100.0,,,,,718116.0,27136.0,,,,,,,,,,2487979.0
1990-10-01,247163.0,,,,,286647.8,112858.8,,,,,,,,,,,34509.0,393398.0,348006.0,,,,,,,,,128569200.0,,,,,706644.0,28215.0,,,,,,,,,,2499676.0
1990-07-01,245808.0,,,,,289223.0,113226.7,,,,,,,,,,,34700.0,393587.0,349780.0,,,,,,,,,126163700.0,,,,,694655.0,27751.0,,,,,,,,,,2522642.3
1990-04-01,247137.0,,,,,291310.8,113699.5,,,,,,,,,,,35475.0,391046.0,353663.0,,,,,,,,,121845800.0,,,,,699103.0,27429.0,,,,,,,,,,2520963.8
1990-01-01,246793.0,,,,,292484.3,113358.8,,,,,,,,,,,35957.0,388956.3,351299.0,,,,,,,,,119159600.0,,,,,694270.0,27540.0,,,,,,,,,,2511846.5
1989-10-01,244900.0,,,,,289698.3,111008.8,,,,,,,,,,,,388134.7,349523.0,,,,,,,,,117924200.0,,,,,691200.0,27373.0,,,,,,,,,,2484691.8
1989-07-01,245578.0,,,,,290276.0,109637.7,,,,,,,,,,,,382998.4,349572.0,,,,,,,,,113588100.0,,,,,688079.0,27107.0,,,,,,,,,,2479807.0
1989-04-01,243544.0,,,,,289231.8,108982.4,,,,,,,,,,,,378731.1,348997.0,,,,,,,,,110439300.0,,,,,683781.0,27796.0,,,,,,,,,,2461573.3
1989-01-01,238353.0,,,,,288111.0,107293.7,,,,,,,,,,,,374552.4,346836.0,,,,,,,,,108617400.0,,,,,678633.0,27720.0,,,,,,,,,,2442931.3
1988-10-01,236148.0,,,,,284820.0,106803.7,,,,,,,,,,,,369742.6,345162.0,,,,,,,,,108646800.0,,,,,678996.0,27296.0,,,,,,,,,,2418351.3
1988-07-01,232362.0,,,,,282878.8,104794.3,,,,,,,,,,,,366717.5,342414.0,,,,,,,,,105616600.0,,,,,678368.0,27491.0,,,,,,,,,,2386551.5
1988-04-01,230518.0,,,,,282836.8,103678.3,,,,,,,,,,,,362134.7,338186.0,,,,,,,,,102150400.0,,,,,674691.0,26818.0,,,,,,,,,,2372648.5
1988-01-01,230290.0,,,,,280349.0,103107.5,,,,,,,,,,,,358993.0,336442.0,,,,,,,,,104030400.0,,,,,681465.0,26882.0,,,,,,,,,,2341875.5
1987-10-01,229354.0,,,,,276323.0,102660.7,,,,,,,,,,,,354441.8,331075.0,,,,,,,,,96719500.0,,,,,682613.0,26885.0,,,,,,,,,,2329833.0
1987-07-01,224806.0,,,,,272798.8,101847.7,,,,,,,,,,,,349290.5,327346.0,,,,,,,,,95056000.0,,,,,674713.0,26830.0,,,,,,,,,,2290506.0
1987-04-01,220828.0,,,,,268693.5,100679.2,,,,,,,,,,,,346956.8,319478.0,,,,,,,,,93998400.0,,,,,686376.0,26450.0,,,,,,,,,,2270814.0
1987-01-01,217362.0,,,,,265295.0,99897.7,,,,,,,,,,,,341867.5,314804.0,,,,,,,,,89176800.0,,,,,676759.0,,,,,,,,,,,2246591.8
1986-10-01,215228.0,,,,,259301.5,99868.8,,,,,,,,,,,,341586.2,312615.0,,,,,,,,,86676500.0,,,,,674285.0,,,,,,,,,,,2230048.3
1986-07-01,211736.0,,,,,261192.3,99946.4,,,,,,,,,,,,341160.1,306708.0,,,,,,,,,85381500.0,,,,,671892.0,,,,,,,,,,,2218150.3
1986-04-01,211180.0,,,,,260864.3,99910.9,,,,,,,,,,,,339318.4,304797.0,,,,,,,,,81654700.0,,,,,660773.0,,,,,,,,,,,2197131.0
1986-01-01,211563.0,,,,,259373.5,99206.6,,,,,,,,,,,,335635.6,302117.0,,,,,,,,,78418900.0,,,,,666629.0,,,,,,,,,,,2187281.8
1985-10-01,210114.0,,,,,259505.0,98813.4,,,,,,,,,,,,334602.1,298979.0,,,,,,,,,77179100.0,,,,,649976.0,,,,,,,,,,,2167047.0
1985-07-01,210704.0,,,,,255608.0,97967.1,,,,,,,,,,,,332920.7,298814.0,,,,,,,,,74802200.0,,,,,645924.0,,,,,,,,,,,2151055.0
1985-04-01,208037.0,,,,,252403.8,97797.8,,,,,,,,,,,,331026.7,298873.0,,,,,,,,,73807700.0,,,,,634063.0,,,,,,,,,,,2118696.8
1985-01-01,203488.0,,,,,251594.5,97160.9,,,,,,,,,,,,328296.1,292612.0,,,,,,,,,72078900.0,,,,,639746.0,,,,,,,,,,,2100205.0
1984-10-01,200529.0,,,,,247787.5,95909.9,,,,,,,,,,,,327475.2,289829.0,,,,,,,,,70350700.0,,,,,621008.0,,,,,,,,,,,2080049.8
1984-07-01,199326.0,,,,,243979.8,95106.2,,,,,,,,,,,,327777.2,284676.0,,,,,,,,,69809800.0,,,,,612752.0,,,,,,,,,,,2063116.3
1984-04-01,197508.0,,,,,242935.3,93591.7,,,,,,,,,,,,325671.9,282605.0,,,,,,,,,68657000.0,,,,,601567.0,,,,,,,,,,,2043417.5
1984-01-01,195227.0,,,,,238310.5,93107.4,,,,,,,,,,,,324129.0,285469.0,,,,,,,,,67142500.0,,,,,599185.0,,,,,,,,,,,2008711.8
1983-10-01,190565.0,,,,,234253.3,92175.8,,,,,,,,,,,,322692.2,283096.0,,,,,,,,,64534400.0,,,,,577552.0,,,,,,,,,,,1970198.5
1983-07-01,187400.0,,,,,231376.8,91774.6,,,,,,,,,,,,320696.4,280996.0,,,,,,,,,63773500.0,,,,,577412.0,,,,,,,,,,,1929936.5
1983-04-01,182290.0,,,,,228806.3,91301.9,,,,,,,,,,,,320182.4,277790.0,,,,,,,,,61414500.0,,,,,572316.0,,,,,,,,,,,1892114.0
1983-01-01,182664.0,,,,,224379.8,91221.8,,,,,,,,,,,,320007.4,275877.0,,,,,,,,,59706700.0,,,,,568295.0,,,,,,,,,,,1850016.5
1982-10-01,184440.0,,,,,220771.8,90471.2,,,,,,,,,,,,318782.0,270653.0,,,,,,,,,57281000.0,,,,,552776.0,,,,,,,,,,,1825954.3
1982-07-01,187456.0,,,,,222828.0,90746.5,,,,,,,,,,,,316884.6,268798.0,,,,,,,,,55298900.0,,,,,551635.0,,,,,,,,,,,1825224.0
1982-04-01,188701.0,,,,,224821.8,91228.1,,,,,,,,,,,,317069.0,268196.0,,,,,,,,,54194600.0,,,,,551741.0,,,,,,,,,,,1832228.0
1982-01-01,187041.0,,,,,227440.3,91825.7,,,,,,,,,,,,314838.0,265408.0,,,,,,,,,53051200.0,,,,,551704.0,,,,,,,,,,,1823907.8
1981-10-01,188546.0,,,,,230073.3,92465.8,,,,,,,,,,,,312474.5,264902.0,,,,,,,,,52665200.0,,,,,548733.0,,,,,,,,,,,1852692.0
1981-07-01,189325.0,,,,,231136.3,92814.0,,,,,,,,,,,,310601.8,264602.0,,,,,,,,,51715600.0,,,,,548823.0,,,,,,,,,,,1873101.3
1981-04-01,185581.0,,,,,233233.3,92492.7,,,,,,,,,,,,308529.8,261739.0,,,,,,,,,49711800.0,,,,,553299.0,,,,,,,,,,,1850936.3
1981-01-01,182737.0,,,,,230710.8,91447.5,,,,,,,,,,,,306214.5,261131.0,,,,,,,,,48571000.0,,,,,551816.0,,,,,,,,,,,1864755.5
1980-10-01,182056.0,,,,,225845.3,91483.5,,,,,,,,,,,,305080.4,261297.0,,,,,,,,,46631400.0,,,,,542595.0,,,,,,,,,,,1828919.3
1980-07-01,178985.0,,,,,222763.0,90957.6,,,,,,,,,,,,305557.5,264139.0,,,,,,,,,47827000.0,,,,,535166.0,,,,,,,,,,,1795435.8
1980-04-01,178025.0,,,,,222948.3,90496.5,,,,,,,,,,,,305096.2,264448.0,,,,,,,,,46962700.0,,,,,541477.0,,,,,,,,,,,1797572.3
1980-01-01,177588.0,,,,,223045.8,90356.1,,,,,,,,,,,,307573.7,269776.0,,,,,,,,,47272000.0,,,,,548782.0,,,,,,,,,,,1835389.3
1979-10-01,176756.0,,,,,221507.8,,,,,,,,,,,,,,272359.0,,,,,,,,,46756500.0,,,,,527390.0,,,,,,,,,,,1829633.8
1979-07-01,173418.0,,,,,220031.5,,,,,,,,,,,,,,269599.0,,,,,,,,,47467000.0,,,,,524329.0,,,,,,,,,,,1825070.3
1979-04-01,171820.0,,,,,218430.3,,,,,,,,,,,,,,275695.0,,,,,,,,,48849100.0,,,,,515660.0,,,,,,,,,,,1811613.5
1979-01-01,174629.0,,,,,215570.5,,,,,,,,,,,,,,264185.0,,,,,,,,,48541200.0,,,,,506006.0,,,,,,,,,,,1809681.8
1978-10-01,169957.0,,,,,213864.3,,,,,,,,,,,,,,264972.0,,,,,,,,,46349200.0,,,,,500147.0,,,,,,,,,,,1806437.5
1978-07-01,168586.0,,,,,211855.5,,,,,,,,,,,,,,262661.0,,,,,,,,,44285500.0,,,,,499721.0,,,,,,,,,,,1782478.8
1978-04-01,166060.0,,,,,209897.5,,,,,,,,,,,,,,259127.0,,,,,,,,,43433800.0,,,,,495881.0,,,,,,,,,,,1764730.0
1978-01-01,164677.0,,,,,208478.5,,,,,,,,,,,,,,256193.0,,,,,,,,,42149400.0,,,,,490775.0,,,,,,,,,,,1699065.0
1977-10-01,163543.0,,,,,206693.5,,,,,,,,,,,,,,253819.0,,,,,,,,,42409500.0,,,,,,,,,,,,,,,,1693648.0
1977-07-01,164047.0,,,,,203469.3,,,,,,,,,,,,,,249578.0,,,,,,,,,40925700.0,,,,,,,,,,,,,,,,1693614.3
1977-04-01,164758.0,,,,,202280.3,,,,,,,,,,,,,,247936.0,,,,,,,,,38566500.0,,,,,,,,,,,,,,,,1663616.5
1977-01-01,162457.0,,,,,201253.3,,,,,,,,,,,,,,249671.0,,,,,,,,,36753800.0,,,,,,,,,,,,,,,,1631925.8
1976-10-01,163343.0,,,,,198213.0,,,,,,,,,,,,,,249511.0,,,,,,,,,36353600.0,,,,,,,,,,,,,,,,1612794.3
1976-07-01,161939.0,,,,,197893.3,,,,,,,,,,,,,,244367.0,,,,,,,,,35942900.0,,,,,,,,,,,,,,,,1601223.8
1976-04-01,160635.0,,,,,196983.8,,,,,,,,,,,,,,241380.0,,,,,,,,,35174800.0,,,,,,,,,,,,,,,,1592506.3
1976-01-01,160162.0,,,,,192825.5,,,,,,,,,,,,,,241709.0,,,,,,,,,33709800.0,,,,,,,,,,,,,,,,1580912.3
1975-10-01,153357.0,,,,,189522.8,,,,,,,,,,,,,,237747.0,,,,,,,,,32674900.0,,,,,,,,,,,,,,,,1546132.5
1975-07-01,155699.0,,,,,187354.8,,,,,,,,,,,,,,235105.0,,,,,,,,,31660500.0,,,,,,,,,,,,,,,,1525581.5
1975-04-01,157446.0,,,,,183828.0,,,,,,,,,,,,,,235807.0,,,,,,,,,30780000.0,,,,,,,,,,,,,,,,1499902.5
1975-01-01,152613.0,,,,,181499.5,,,,,,,,,,,,,,239702.0,,,,,,,,,29533300.0,,,,,,,,,,,,,,,,1489258.8
1974-10-01,152031.0,,,,,182493.8,,,,,,,,,,,,,,239612.0,,,,,,,,,28937100.0,,,,,,,,,,,,,,,,1507616.0
1974-07-01,151870.0,,,,,183449.5,,,,,,,,,,,,,,243197.0,,,,,,,,,29042400.0,,,,,,,,,,,,,,,,1513494.5
1974-04-01,150090.0,,,,,183414.3,,,,,,,,,,,,,,241752.0,,,,,,,,,28663400.0,,,,,,,,,,,,,,,,1527937.8
1974-01-01,153200.0,,,,,181552.0,,,,,,,,,,,,,,238319.0,,,,,,,,,28845800.0,,,,,,,,,,,,,,,,1524314.5
1973-10-01,153157.0,,,,,180061.8,,,,,,,,,,,,,,245140.0,,,,,,,,,27439200.0,,,,,,,,,,,,,,,,1537532.8
1973-07-01,149420.0,,,,,176800.8,,,,,,,,,,,,,,246082.0,,,,,,,,,27124300.0,,,,,,,,,,,,,,,,1523075.3
1973-04-01,147942.0,,,,,175982.5,,,,,,,,,,,,,,248384.0,,,,,,,,,25899400.0,,,,,,,,,,,,,,,,1531126.5
1973-01-01,147662.0,,,,,174319.5,,,,,,,,,,,,,,247921.0,,,,,,,,,24863100.0,,,,,,,,,,,,,,,,1514636.0
1972-10-01,143927.0,,,,,169957.5,,,,,,,,,,,,,,236339.0,,,,,,,,,23912600.0,,,,,,,,,,,,,,,,1478055.0
1972-07-01,142435.0,,,,,166057.0,,,,,,,,,,,,,,232700.0,,,,,,,,,23012100.0,,,,,,,,,,,,,,,,1453713.5
1972-04-01,143159.0,,,,,165565.8,,,,,,,,,,,,,,232083.0,,,,,,,,,22679300.0,,,,,,,,,,,,,,,,1440117.5
1972-01-01,140039.0,,,,,161001.5,,,,,,,,,,,,,,226104.0,,,,,,,,,22003900.0,,,,,,,,,,,,,,,,1408162.3
1971-10-01,141731.0,,,,,161542.0,,,,,,,,,,,,,,225659.0,,,,,,,,,21595400.0,,,,,,,,,,,,,,,,1382758.0
1971-07-01,142180.0,,,,,159795.5,,,,,,,,,,,,,,224771.0,,,,,,,,,21525400.0,,,,,,,,,,,,,,,,1379518.0
1971-04-01,137869.0,,,,,155498.3,,,,,,,,,,,,,,220973.0,,,,,,,,,21485500.0,,,,,,,,,,,,,,,,1368264.8
1971-01-01,137274.0,,,,,151086.8,,,,,,,,,,,,,,217082.0,,,,,,,,,20739900.0,,,,,,,,,,,,,,,,1360904.8
1970-10-01,135629.0,,,,,151868.0,,,,,,,,,,,,,,218098.0,,,,,,,,,20598700.0,,,,,,,,,,,,,,,,1324918.0
1970-07-01,134997.0,,,,,151637.8,,,,,,,,,,,,,,216150.0,,,,,,,,,19213800.0,,,,,,,,,,,,,,,,1339269.3
1970-04-01,135281.0,,,,,150084.5,,,,,,,,,,,,,,214106.0,,,,,,,,,19063700.0,,,,,,,,,,,,,,,,1327041.0
1970-01-01,132600.0,,,,,150072.0,,,,,,,,,,,,,,209117.0,,,,,,,,,18254500.0,,,,,,,,,,,,,,,,1325163.0
1969-10-01,129914.0,,,,,149150.3,,,,,,,,,,,,,,210400.0,,,,,,,,,18566200.0,,,,,,,,,,,,,,,,1327139.0
1969-07-01,126980.0,,,,,147072.0,,,,,,,,,,,,,,209436.0,,,,,,,,,18296300.0,,,,,,,,,,,,,,,,1333650.0
1969-04-01,124915.0,,,,,145458.3,,,,,,,,,,,,,,208313.0,,,,,,,,,16883400.0,,,,,,,,,,,,,,,,1324906.3
1969-01-01,122488.0,,,,,144862.3,,,,,,,,,,,,,,206754.0,,,,,,,,,16266500.0,,,,,,,,,,,,,,,,1320899.3
1968-10-01,123337.0,,,,,142905.8,,,,,,,,,,,,,,207170.0,,,,,,,,,15503500.0,,,,,,,,,,,,,,,,1300553.0
1968-07-01,118899.0,,,,,140954.0,,,,,,,,,,,,,,206359.0,,,,,,,,,15831900.0,,,,,,,,,,,,,,,,1295464.8
1968-04-01,117352.0,,,,,139017.8,,,,,,,,,,,,,,202430.0,,,,,,,,,15011800.0,,,,,,,,,,,,,,,,1285508.3
1968-01-01,113001.0,,,,,135378.3,,,,,,,,,,,,,,203280.0,,,,,,,,,14750800.0,,,,,,,,,,,,,,,,1264388.3
1967-10-01,114020.0,,,,,134234.0,,,,,,,,,,,,,,196039.0,,,,,,,,,13911300.0,,,,,,,,,,,,,,,,1239119.3
1967-07-01,113040.0,,,,,133651.8,,,,,,,,,,,,,,195025.0,,,,,,,,,13823000.0,,,,,,,,,,,,,,,,1229848.0
1967-04-01,110959.0,,,,,133231.8,,,,,,,,,,,,,,194221.0,,,,,,,,,13256500.0,,,,,,,,,,,,,,,,1218321.8
1967-01-01,111116.0,,,,,130512.8,,,,,,,,,,,,,,191574.0,,,,,,,,,12971700.0,,,,,,,,,,,,,,,,1217574.8
1966-10-01,106934.0,,,,,130807.5,,,,,,,,,,,,,,189028.0,,,,,,,,,12564700.0,,,,,,,,,,,,,,,,1206884.3
1966-07-01,106235.0,,,,,129206.3,,,,,,,,,,,,,,189791.0,,,,,,,,,12400500.0,,,,,,,,,,,,,,,,1197063.5
1966-04-01,103316.0,,,,,129268.0,,,,,,,,,,,,,,189153.0,,,,,,,,,12604900.0,,,,,,,,,,,,,,,,1187011.5
1966-01-01,101924.0,,,,,126536.5,,,,,,,,,,,,,,188064.0,,,,,,,,,11868100.0,,,,,,,,,,,,,,,,1182972.0
1965-10-01,102220.0,,,,,124121.3,,,,,,,,,,,,,,187757.0,,,,,,,,,11211800.0,,,,,,,,,,,,,,,,1154864.5
1965-07-01,101969.0,,,,,121152.0,,,,,,,,,,,,,,186556.0,,,,,,,,,10936000.0,,,,,,,,,,,,,,,,1128856.8
1965-04-01,102276.0,,,,,119484.5,,,,,,,,,,,,,,185142.0,,,,,,,,,11002300.0,,,,,,,,,,,,,,,,1104306.3
1965-01-01,100696.0,,,,,118400.5,,,,,,,,,,,,,,185031.0,,,,,,,,,10988000.0,,,,,,,,,,,,,,,,1090527.8
1964-10-01,99851.0,,,,,114750.3,,,,,,,,,,,,,,185535.0,,,,,,,,,10873600.0,,,,,,,,,,,,,,,,1064761.5
1964-07-01,97093.0,,,,,114177.5,,,,,,,,,,,,,,182725.0,,,,,,,,,10436900.0,,,,,,,,,,,,,,,,1061479.5
1964-04-01,96499.0,,,,,112971.8,,,,,,,,,,,,,,182076.0,,,,,,,,,9762300.0,,,,,,,,,,,,,,,,1045148.0
1964-01-01,94168.0,,,,,112550.3,,,,,,,,,,,,,,178735.0,,,,,,,,,10057100.0,,,,,,,,,,,,,,,,1033888.3
1963-10-01,94327.0,,,,,109801.5,,,,,,,,,,,,,,177557.0,,,,,,,,,9509900.0,,,,,,,,,,,,,,,,1012536.8
1963-07-01,92355.0,,,,,106469.5,,,,,,,,,,,,,,173616.0,,,,,,,,,9492500.0,,,,,,,,,,,,,,,,1005938.8
1963-04-01,88715.0,,,,,105666.5,,,,,,,,,,,,,,172858.0,,,,,,,,,9176400.0,,,,,,,,,,,,,,,,984295.8
1963-01-01,89878.0,,,,,104151.8,,,,,,,,,,,,,,165693.0,,,,,,,,,9407900.0,,,,,,,,,,,,,,,,973370.5
1962-10-01,87844.0,,,,,103495.5,,,,,,,,,,,,,,164936.0,,,,,,,,,8900800.0,,,,,,,,,,,,,,,,962855.3
1962-07-01,86291.0,,,,,101503.8,,,,,,,,,,,,,,165498.0,,,,,,,,,8640800.0,,,,,,,,,,,,,,,,959694.0
1962-04-01,85605.0,,,,,100222.0,,,,,,,,,,,,,,164524.0,,,,,,,,,8387500.0,,,,,,,,,,,,,,,,948037.3
1962-01-01,83993.0,,,,,99431.8,,,,,,,,,,,,,,162993.0,,,,,,,,,8551100.0,,,,,,,,,,,,,,,,939536.8
1961-10-01,81708.0,,,,,96854.5,,,,,,,,,,,,,,162283.0,,,,,,,,,8386200.0,,,,,,,,,,,,,,,,923072.3
1961-07-01,80780.0,,,,,95554.5,,,,,,,,,,,,,,162575.0,,,,,,,,,8279500.0,,,,,,,,,,,,,,,,905313.0
1961-04-01,81371.0,,,,,93284.5,,,,,,,,,,,,,,163392.0,,,,,,,,,8431400.0,,,,,,,,,,,,,,,,888255.3
1961-01-01,82274.0,,,,,90980.8,,,,,,,,,,,,,,162724.0,,,,,,,,,8081800.0,,,,,,,,,,,,,,,,873425.8
1960-10-01,82020.0,,,,,,,,,,,,,,,,,,,160135.0,,,,,,,,,7834300.0,,,,,,,,,,,,,,,,867569.5
1960-07-01,82177.0,,,,,,,,,,,,,,,,,,,159143.0,,,,,,,,,7788800.0,,,,,,,,,,,,,,,,878846.3
1960-04-01,81999.0,,,,,,,,,,,,,,,,,,,156809.0,,,,,,,,,7878400.0,,,,,,,,,,,,,,,,874561.5
1960-01-01,79810.0,,,,,,,,,,,,,,,,,,,157940.0,,,,,,,,,7530100.0,,,,,,,,,,,,,,,,879295.3
1959-10-01,79412.0,,,,,,,,,,,,,,,,,,,154093.0,,,,,,,,,,,,,,,,,,,,,,,,,859958.0
1959-07-01,78679.0,,,,,,,,,,,,,,,,,,,150275.0,,,,,,,,,,,,,,,,,,,,,,,,,857514.3
1959-04-01,,,,,,,,,,,,,,,,,,,,147145.0,,,,,,,,,,,,,,,,,,,,,,,,,856916.8
1959-01-01,,,,,,,,,,,,,,,,,,,,144808.0,,,,,,,,,,,,,,,,,,,,,,,,,838032.3
1958-10-01,,,,,,,,,,,,,,,,,,,,143947.0,,,,,,,,,,,,,,,,,,,,,,,,,822258.0
1958-07-01,,,,,,,,,,,,,,,,,,,,143508.0,,,,,,,,,,,,,,,,,,,,,,,,,803471.0
1958-04-01,,,,,,,,,,,,,,,,,,,,140418.0,,,,,,,,,,,,,,,,,,,,,,,,,785306.0
1958-01-01,,,,,,,,,,,,,,,,,,,,144031.0,,,,,,,,,,,,,,,,,,,,,,,,,780181.0
1957-10-01,,,,,,,,,,,,,,,,,,,,140929.0,,,,,,,,,,,,,,,,,,,,,,,,,800973.5
1957-07-01,,,,,,,,,,,,,,,,,,,,140528.0,,,,,,,,,,,,,,,,,,,,,,,,,809346.5
1957-04-01,,,,,,,,,,,,,,,,,,,,141405.0,,,,,,,,,,,,,,,,,,,,,,,,,801492.5
1957-01-01,,,,,,,,,,,,,,,,,,,,141445.0,,,,,,,,,,,,,,,,,,,,,,,,,803252.8
1956-10-01,,,,,,,,,,,,,,,,,,,,138850.0,,,,,,,,,,,,,,,,,,,,,,,,,798142.5
1956-07-01,,,,,,,,,,,,,,,,,,,,138030.0,,,,,,,,,,,,,,,,,,,,,,,,,785218.5
1956-04-01,,,,,,,,,,,,,,,,,,,,138200.0,,,,,,,,,,,,,,,,,,,,,,,,,785923.5
1956-01-01,,,,,,,,,,,,,,,,,,,,138343.0,,,,,,,,,,,,,,,,,,,,,,,,,779480.5
1955-10-01,,,,,,,,,,,,,,,,,,,,136813.0,,,,,,,,,,,,,,,,,,,,,,,,,782517.0
1955-07-01,,,,,,,,,,,,,,,,,,,,137592.0,,,,,,,,,,,,,,,,,,,,,,,,,777844.8
1955-04-01,,,,,,,,,,,,,,,,,,,,134924.0,,,,,,,,,,,,,,,,,,,,,,,,,767477.5
1955-01-01,,,,,,,,,,,,,,,,,,,,134886.0,,,,,,,,,,,,,,,,,,,,,,,,,755186.5
1954-10-01,,,,,,,,,,,,,,,,,,,,,,,,,,,,,,,,,,,,,,,,,,,,,734213.0
1954-07-01,,,,,,,,,,,,,,,,,,,,,,,,,,,,,,,,,,,,,,,,,,,,,720120.5
1954-04-01,,,,,,,,,,,,,,,,,,,,,,,,,,,,,,,,,,,,,,,,,,,,,712076.3
1954-01-01,,,,,,,,,,,,,,,,,,,,,,,,,,,,,,,,,,,,,,,,,,,,,711298.0
1953-10-01,,,,,,,,,,,,,,,,,,,,,,,,,,,,,,,,,,,,,,,,,,,,,714711.3
1953-07-01,,,,,,,,,,,,,,,,,,,,,,,,,,,,,,,,,,,,,,,,,,,,,725696.3
1953-04-01,,,,,,,,,,,,,,,,,,,,,,,,,,,,,,,,,,,,,,,,,,,,,729801.5
1953-01-01,,,,,,,,,,,,,,,,,,,,,,,,,,,,,,,,,,,,,,,,,,,,,724202.8
1952-10-01,,,,,,,,,,,,,,,,,,,,,,,,,,,,,,,,,,,,,,,,,,,,,710985.3
1952-07-01,,,,,,,,,,,,,,,,,,,,,,,,,,,,,,,,,,,,,,,,,,,,,688379.3
1952-04-01,,,,,,,,,,,,,,,,,,,,,,,,,,,,,,,,,,,,,,,,,,,,,683450.0
1952-01-01,,,,,,,,,,,,,,,,,,,,,,,,,,,,,,,,,,,,,,,,,,,,,681988.5
1951-10-01,,,,,,,,,,,,,,,,,,,,,,,,,,,,,,,,,,,,,,,,,,,,,674789.0
1951-07-01,,,,,,,,,,,,,,,,,,,,,,,,,,,,,,,,,,,,,,,,,,,,,673314.8
1951-04-01,,,,,,,,,,,,,,,,,,,,,,,,,,,,,,,,,,,,,,,,,,,,,659724.5
1951-01-01,,,,,,,,,,,,,,,,,,,,,,,,,,,,,,,,,,,,,,,,,,,,,648491.8
1950-10-01,,,,,,,,,,,,,,,,,,,,,,,,,,,,,,,,,,,,,,,,,,,,,639803.5
1950-07-01,,,,,,,,,,,,,,,,,,,,,,,,,,,,,,,,,,,,,,,,,,,,,627781.8
1950-04-01,,,,,,,,,,,,,,,,,,,,,,,,,,,,,,,,,,,,,,,,,,,,,604420.5
1950-01-01,,,,,,,,,,,,,,,,,,,,,,,,,,,,,,,,,,,,,,,,,,,,,586526.0
1949-10-01,,,,,,,,,,,,,,,,,,,,,,,,,,,,,,,,,,,,,,,,,,,,,564338.0
1949-07-01,,,,,,,,,,,,,,,,,,,,,,,,,,,,,,,,,,,,,,,,,,,,,569106.0
1949-04-01,,,,,,,,,,,,,,,,,,,,,,,,,,,,,,,,,,,,,,,,,,,,,563282.0
1949-01-01,,,,,,,,,,,,,,,,,,,,,,,,,,,,,,,,,,,,,,,,,,,,,565201.8
1948-10-01,,,,,,,,,,,,,,,,,,,,,,,,,,,,,,,,,,,,,,,,,,,,,573091.0
1948-07-01,,,,,,,,,,,,,,,,,,,,,,,,,,,,,,,,,,,,,,,,,,,,,572442.5
1948-04-01,,,,,,,,,,,,,,,,,,,,,,,,,,,,,,,,,,,,,,,,,,,,,569172.5
1948-01-01,,,,,,,,,,,,,,,,,,,,,,,,,,,,,,,,,,,,,,,,,,,,,559920.5
1947-10-01,,,,,,,,,,,,,,,,,,,,,,,,,,,,,,,,,,,,,,,,,,,,,551613.0
1947-07-01,,,,,,,,,,,,,,,,,,,,,,,,,,,,,,,,,,,,,,,,,,,,,543108.0
1947-04-01,,,,,,,,,,,,,,,,,,,,,,,,,,,,,,,,,,,,,,,,,,,,,544223.0
1947-01-01,,,,,,,,,,,,,,,,,,,,,,,,,,,,,,,,,,,,,,,,,,,,,545670.3
