Date,ABW,ADVEC,AFG,AFQ,AGO,ALB,AND,APQ,ARE,ARG,ARM,AS5,ATG,AUS,AUT,AZE,AZQ,BDI,BEL,BEN,BFA,BGD,BGR,BHR,BHS,BIH,BLR,BLZ,BOL,BRA,BRB,BRN,BTN,BWA,CAF,CAN,CAQ,CBQ,CHE,CHL,CHN,CIV,CMQ,CMR,COD,COG,COL,COM,CPV,CRI,CYP,CZE,DA,DEU,DJI,DMA,DNK,DOM,DZA,EAQ,ECU,EDE,EEQ,EGY,ERI,ESP,EST,ETH,EU,EUQ,EURO,FIN,FJI,FRA,FSM,GAB,GBR,GEO,GHA,GIN,GMB,GNB,GNQ,GRC,GRD,GTM,GUY,HKG,HND,HRV,HTI,HUN,IDN,IND,IRL,IRN,IRQ,ISL,ISR,ITA,JAM,JOR,JPN,KAZ,KEN,KGZ,KHM,KIR,KNA,KOR,KWT,LAO,LBN,LBR,LBY,LCA,LKA,LSO,LTU,LUX,LVA,MAC,MAE,MAR,MDA,MDG,MDV,MECA,MEQ,MEX,MHL,MKD,MLI,MLT,MMR,MNE,MNG,MOZ,MRT,MUS,MWI,MYS,NAM,NAQ,NER,NGA,NIC,NLD,NMQ,NOR,NPL,NRU,NZL,OAE,OEMDC,OMN,PAK,PAN,PER,PHL,PIQ,PLW,PNG,POL,PRI,PRT,PRY,QAT,ROU,RUS,RWA,SAQ,SAU,SDN,SEN,SEQ,SGP,SLB,SLE,SLV,SMQ,SMR,SOM,SRB,SSA,SSD,SSQ,STP,SUR,SVK,SVN,SWE,SWZ,SYC,SYR,TCD,TGO,THA,TJK,TKM,TLS,TON,TTO,TUN,TUR,TUV,TWN,TZA,UGA,UKR,URY,USA,UVK,UZB,VCT,VEN,VNM,VUT,WBG,WE,WEOWORLD,WEQ,WHQ,WSM,YEM,ZAF,ZMB,ZWE
2029-01-01,5.093,78608.069,,3696.032,150.679,36.137,4.639,51978.525,712.688,713.896,33.203,4682.628,2.939,2219.941,643.252,93.196,2531.323,3.099,775.427,31.464,31.226,719.246,140.758,59.235,17.623,36.868,91.426,3.997,65.257,2854.978,9.286,19.744,5.177,30.598,3.979,2793.495,2686.759,180.34,1177.376,431.958,24589.667,133.761,708.736,76.417,100.512,20.148,511.227,1.947,3.796,127.08,46.35,424.725,36766.302,5566.083,6.235,0.905,503.673,179.03,284.352,33446.494,145.992,6855.573,6113.635,533.467,,2145.861,54.062,201.58,23373.637,32534.51,19509.426,371.296,7.516,3725.937,0.571,23.382,4371.806,47.409,99.054,35.503,3.912,3.169,14.271,304.436,1.79,164.142,31.81,510.548,48.748,116.917,37.444,309.882,2030.467,6307.191,694.167,599.895,349.022,47.728,667.234,2736.155,24.705,69.643,5075.026,387.086,142.736,22.235,71.761,0.396,1.501,2278.685,183.69,10.75,,6.512,54.699,3.171,,2.919,106.433,115.499,59.114,74.229,59726.466,218.675,28.911,25.555,9.909,6530.354,4536.722,2176.05,0.341,21.787,30.445,32.862,86.21,10.939,36.4,35.283,13.818,21.869,12.953,621.325,17.364,1149.764,30.374,268.949,28.132,1470.883,40561.835,550.747,70.443,0.214,311.382,11295.67,61043.548,132.641,,116.159,347.63,707.24,50.621,0.434,36.888,1122.461,134.327,373.366,57.896,281.832,497.1,2413.167,19.243,7717.742,1409.058,45.095,52.509,5545.586,670.938,2.346,9.304,45.446,5345.072,2.401,18.997,117.547,2481.12,8.362,2546.268,1.375,5.978,183.368,92.64,760.93,6.393,2.725,,24.517,14.036,652.658,19.808,129.706,2.762,0.66,32.6,58.571,1764.235,0.097,956.168,122.4,93.432,249.394,104.371,35457.964,14.962,189.881,1.498,,671.732,1.433,,8410.199,139651.617,26420.875,46795.984,1.382,24.52,476.21,47.826,39.333
2028-01-01,4.924,75782.827,,3466.961,141.459,33.923,4.494,49124.799,673.519,682.87,30.929,4385.532,2.805,2125.575,624.408,88.41,2423.871,2.871,752.545,29.162,29.1,650.46,134.1,56.495,17.006,34.769,87.685,3.87,61.454,2709.595,8.85,18.807,4.668,28.11,3.729,2675.974,2520.136,173.283,1134.174,413.373,23319.715,123.482,664.206,71.204,95.147,18.82,486.406,1.839,3.564,120.01,44.017,408.002,34502.187,5415.468,5.846,0.867,484.417,167.089,279.617,31924.069,140.267,6571.793,5890.483,479.957,,2064.131,51.735,179.189,22596.601,31432.32,18901.05,358.352,7.136,3612.349,0.556,22.695,4190.028,44.235,92.778,33.236,3.633,2.95,13.58,294.529,1.709,152.049,30.55,486.511,46.039,111.485,35.613,292.44,1883.651,5723.287,665.269,565.472,326.721,44.274,637.935,2663.695,23.884,65.966,4949.611,366.778,133.201,20.959,66.005,0.38,1.43,2197.399,177.062,11.546,,6.14,53.03,3.048,,2.784,101.677,110.695,56.212,70.515,57603.158,206.499,26.15,23.586,9.298,6150.927,4305.376,2085.533,0.328,20.595,28.454,31.081,79.788,10.398,34.024,31.417,13.303,20.439,12.255,587.088,16.603,1076.852,28.091,260.959,26.135,1421.317,38988.736,536.045,63.907,0.204,298.296,10868.694,57568.943,126.559,,109.501,332.713,648.975,48.861,0.417,35.813,1071.808,131.196,359.301,54.874,273.785,474.421,2366.771,17.587,7014.958,1332.093,42.264,47.234,5192.904,641.802,2.204,8.861,43.383,5092.318,2.324,17.533,109.557,2328.696,7.736,2390.11,1.267,5.724,175.71,88.513,728.927,6.153,2.592,,23.216,13.043,624.015,18.258,118.491,2.591,0.638,31.573,57.749,1660.519,0.092,936.808,111.649,84.772,234.533,99.514,34096.034,14.124,171.557,1.431,,628.634,1.377,,8015.34,133351.77,25541.838,44918.543,1.313,22.941,460.933,44.482,38.692
2027-01-01,4.761,72964.042,,3241.346,133.22,31.853,4.357,46284.209,636.705,647.758,28.941,4102.379,2.678,2040.963,605.492,84.138,2326.681,2.619,731.863,26.999,27.148,591.936,128.062,53.999,16.42,33.046,83.735,3.743,57.859,2571.539,8.44,18.02,4.259,26.055,3.494,2559.321,2368.057,166.863,1085.66,396.045,22050.806,113.758,622.368,66.361,90.105,17.737,462.301,1.737,3.348,113.212,41.878,392.318,32319.92,5267.977,5.426,0.827,465.97,155.87,275.081,30305.375,134.808,6287.983,5660.474,431.16,,1986.266,49.576,157.97,21848.952,30357.952,18314.836,345.727,6.767,3500.28,0.541,22.063,4023.533,41.502,86.817,31.099,3.427,2.748,13.73,284.996,1.632,140.853,29.4,463.963,43.494,106.368,34.106,275.757,1743.582,5193.509,639.215,532.556,306.537,41.066,610.251,2595.79,23.09,62.482,4742.525,347.568,124.597,19.758,60.688,0.366,1.363,2114.435,171.06,12.41,,5.702,51.498,2.93,,2.663,97.187,106.211,53.485,66.973,55476.216,193.203,23.726,21.328,8.72,5794.442,4086.806,1994.119,0.316,19.42,26.613,29.409,73.949,9.895,31.569,27.954,12.348,19.073,11.611,553.081,15.892,1008.175,25.999,239.413,24.28,1372.992,37468.295,522.441,57.968,0.197,285.718,10438.729,54208.894,121.287,,103.225,318.954,595.304,46.964,0.401,34.561,1022.517,128.065,346.029,52.016,262.192,453.108,2304.56,16.154,6381.265,1262.326,39.173,43.459,4855.866,614.145,2.071,8.338,41.434,4846.974,2.252,16.265,102.204,2176.224,7.379,2233.171,1.167,5.523,167.774,84.63,698.075,5.908,2.463,,21.973,12.129,596.267,16.828,108.379,2.428,0.616,30.584,57.232,1565.506,0.088,902.076,101.799,78.165,221.253,94.785,32786.79,13.341,155.436,1.366,,585.992,1.323,,7630.325,127172.936,24697.478,43104.501,1.26,21.05,446.803,41.141,38.064
2026-01-01,4.602,70300.608,,3037.088,124.169,29.915,4.226,43622.482,601.759,611.292,27.418,3844.312,2.554,1965.385,584.462,80.407,2239.71,2.386,712.129,24.962,25.362,540.62,121.858,51.694,15.878,31.499,80.269,3.617,54.462,2444.937,8.04,17.416,3.894,24.139,3.267,2445.95,2223.673,161.327,1045.766,379.154,20810.882,103.94,583.248,62.079,84.463,16.817,440.295,1.637,3.143,106.796,39.813,377.338,30250.095,5117.18,5.041,0.788,448.531,145.399,270.141,28755.383,129.682,6015.336,5437.032,387.243,,1913.163,47.58,138.354,21122.21,29337.812,17751.025,333.638,6.415,3398.061,0.526,21.503,3873.119,38.602,81.054,29.117,3.241,2.551,13.386,275.854,1.558,130.469,28.366,441.629,41.121,101.551,33.125,260.718,1614.873,4710.371,613.962,498.49,288.773,38.088,584.771,2534.561,22.33,59.183,4584.638,325.467,118.567,18.483,55.746,0.351,1.295,2029.479,165.951,13.444,,5.351,50.339,2.808,,2.541,92.895,101.969,50.917,63.466,53480.449,180.603,21.531,19.622,8.178,5453.759,3872.074,1905.278,0.305,18.204,24.919,27.892,68.633,9.431,29.12,26.288,11.64,17.788,11.056,522.253,15.224,945.029,23.995,224.78,22.557,1325.691,36002.46,509.343,52.622,0.188,274.325,10023.639,51024.845,116.185,,97.309,306.474,550.0,45.318,0.383,33.539,968.258,124.293,333.636,49.318,242.135,431.677,2249.265,14.933,5811.471,1199.156,35.916,40.606,4546.927,587.669,1.946,7.95,39.598,4616.338,2.188,15.054,95.36,2039.463,7.097,2092.06,1.071,5.246,160.36,81.009,667.508,5.677,2.344,,20.866,11.292,569.517,15.445,99.296,2.275,0.595,29.814,56.702,1477.336,0.083,859.634,92.982,72.434,207.4,90.427,31526.939,12.618,141.221,1.305,,545.101,1.265,,7266.192,121325.453,23900.779,41363.374,1.207,18.192,432.512,36.811,37.189
2025-01-01,4.445,67561.045,,2822.919,118.409,27.993,4.071,41024.438,568.567,574.201,26.578,3595.604,2.437,1881.14,559.218,77.041,2144.064,2.154,689.364,23.066,23.562,481.856,115.531,49.535,15.342,29.864,76.873,3.488,51.302,2307.162,7.647,16.679,3.516,22.115,3.026,2330.308,2151.706,151.571,999.604,362.24,19534.894,95.462,546.693,57.746,79.237,15.92,419.331,1.535,2.936,100.67,37.689,360.233,28196.247,4921.563,4.665,0.748,431.228,135.545,264.27,27135.09,125.658,5804.54,5204.838,345.874,,1827.576,45.309,120.913,20287.33,28219.707,17082.558,319.989,6.081,3283.429,0.507,20.974,3730.261,35.908,75.761,27.295,3.014,2.355,12.918,265.171,1.479,120.964,24.483,422.057,38.983,96.028,30.57,245.619,1492.618,4271.922,587.225,463.747,270.874,35.378,550.905,2459.597,21.586,56.113,4389.326,306.629,116.662,17.382,51.159,0.333,1.223,1947.133,161.95,14.44,,5.051,47.998,2.682,,2.424,87.981,96.993,48.164,59.274,51451.646,168.597,19.649,18.104,7.641,5142.633,3657.074,1817.818,0.294,17.09,23.214,26.262,65.009,8.849,27.242,24.545,11.08,16.515,10.784,488.25,14.364,881.391,21.907,194.955,20.956,1272.96,34607.522,506.466,47.826,0.179,262.924,9599.703,47933.267,111.306,,91.731,294.898,507.67,43.823,0.353,32.641,915.451,122.234,319.934,46.803,226.217,406.202,2195.708,14.022,5298.308,1136.58,29.994,37.804,4251.447,561.725,1.835,7.804,37.843,4377.976,2.112,13.887,88.634,1895.789,5.312,1941.527,0.952,4.957,152.479,77.354,638.78,5.422,2.235,,19.647,10.459,545.341,14.164,91.185,2.13,0.571,29.238,54.651,1455.413,0.079,814.438,85.477,62.917,189.827,86.423,30337.162,11.839,127.407,1.245,109.957,506.426,1.214,,6894.058,115494.312,23014.87,39683.762,1.147,16.219,418.046,31.832,36.933
2024-01-01,4.258,64681.709,,2780.597,113.286,26.13,3.93,38348.143,545.053,604.382,25.251,3372.027,2.292,1802.006,535.804,75.649,2054.243,4.285,662.183,21.322,21.858,451.468,108.425,47.812,14.825,28.404,73.129,3.342,48.172,2188.419,7.201,15.71,3.151,19.966,2.823,2214.796,1996.266,141.863,942.265,328.72,18273.357,86.993,513.099,53.391,72.483,15.044,417.207,1.45,2.756,95.149,34.79,342.992,26276.864,4710.032,4.334,0.703,412.293,126.238,260.134,25413.804,121.425,5556.849,5021.184,380.044,,1731.469,43.044,145.031,19403.162,27096.28,16370.212,306.083,5.773,3174.099,0.484,20.897,3587.545,33.191,75.307,25.474,2.693,2.188,12.884,252.732,1.393,112.369,23.033,401.751,36.735,89.665,26.274,228.806,1402.59,3889.13,560.566,434.243,264.149,32.919,528.067,2376.51,20.586,53.305,4070.094,292.553,116.321,15.774,47.147,0.312,1.158,1869.916,161.822,14.949,,4.756,44.812,2.569,,2.297,82.789,91.21,45.521,53.447,49300.856,157.087,18.062,17.212,6.984,4980.028,3529.223,1848.125,0.279,15.861,21.653,24.397,64.284,8.11,23.669,22.495,10.761,15.89,10.844,439.748,13.185,894.711,19.599,199.721,19.412,1218.401,33351.671,503.752,43.673,0.16,252.236,9183.356,45383.206,109.993,374.595,87.347,283.309,470.062,42.494,0.316,31.896,862.908,120.971,303.032,44.937,221.406,380.561,2184.316,13.663,4856.741,1100.706,29.793,33.685,3984.595,530.708,1.73,7.411,35.848,4225.38,2.049,12.729,82.55,1840.998,5.268,1885.886,0.812,4.918,142.617,73.198,609.039,5.145,2.144,,18.67,9.766,528.919,12.995,83.883,1.992,0.545,28.139,52.636,1344.318,0.073,775.017,79.867,55.587,184.099,82.482,29167.779,11.172,112.653,1.173,106.327,468.485,1.169,,6728.466,110064.915,22075.096,38232.012,1.068,16.192,403.045,25.913,35.919
2023-01-01,3.945,62129.487,17.329,2867.955,109.678,22.822,3.728,37036.239,514.13,645.511,24.086,3224.286,2.044,1740.622,517.662,72.356,1989.308,4.241,632.399,19.679,20.283,451.534,101.611,46.08,14.338,27.055,71.792,3.069,45.468,2173.671,6.721,15.126,2.908,19.396,2.631,2142.471,1742.8,124.403,894.811,335.642,17758.046,78.887,482.2,49.287,66.923,14.169,363.57,1.34,2.588,86.509,32.239,343.208,25271.097,4527.009,4.011,0.654,407.092,121.785,240.064,24973.734,118.845,5041.203,4691.488,393.828,,1620.558,41.297,159.747,18579.215,25802.398,15682.849,295.618,5.442,3052.712,0.46,20.059,3382.115,30.536,76.402,23.005,2.361,2.005,11.975,238.275,1.324,104.436,17.05,380.812,34.229,82.711,19.603,212.464,1371.171,3567.552,551.554,372.82,252.407,31.325,513.611,2301.603,19.315,50.885,4219.828,263.372,108.747,13.993,43.304,0.279,1.056,1839.058,163.716,14.943,24.023,4.39,43.958,2.43,,2.211,77.844,85.78,43.64,47.061,47346.463,144.438,16.576,15.79,6.573,4734.534,3363.296,1788.821,0.259,14.769,20.21,22.335,64.505,7.406,20.315,20.958,10.649,14.557,12.674,399.705,12.345,870.828,16.809,363.816,17.843,1154.694,31769.92,485.311,40.907,0.154,248.687,8897.231,43555.634,108.811,337.457,83.382,266.912,437.146,40.858,0.282,30.926,811.736,117.902,287.187,42.955,213.003,351.074,2009.959,14.097,4491.294,1067.583,38.109,30.937,3798.244,501.428,1.633,6.397,34.016,4169.018,1.988,10.969,75.187,1944.358,7.178,1997.126,0.684,3.747,132.832,69.168,584.914,4.856,2.141,,17.605,9.081,514.836,11.855,77.716,2.379,0.52,28.024,48.541,1129.974,0.068,755.674,79.138,51.093,178.34,77.241,27720.725,10.44,101.584,1.083,99.203,433.702,1.123,17.421,6564.443,105685.121,21110.909,36545.541,0.934,18.806,380.592,28.163,35.231
2022-01-01,3.545,58806.296,14.501,3001.207,141.941,19.083,3.376,36506.958,502.732,632.318,19.514,3125.132,1.868,1724.034,471.374,78.807,1966.609,3.917,584.073,17.439,18.906,460.201,90.422,46.68,13.136,24.535,72.835,2.831,44.329,1951.849,6.257,16.682,2.869,20.322,2.46,2161.483,1459.985,118.832,828.447,302.16,17848.54,70.324,434.154,44.442,65.768,13.967,345.33,1.225,2.309,69.235,29.274,301.831,25017.316,4166.872,3.726,0.607,401.946,113.873,225.631,25056.571,116.586,4818.061,4602.415,475.231,,1447.636,38.401,118.968,16992.23,24219.105,14387.732,280.462,4.97,2798.502,0.43,20.485,3125.404,24.985,73.956,19.589,2.161,1.721,13.516,217.753,1.231,95.631,14.529,358.681,31.233,72.059,19.826,177.788,1319.076,3353.471,549.003,376.254,288.059,28.77,527.694,2104.65,17.003,48.722,4271.933,225.529,114.733,12.269,39.838,0.271,0.981,1799.363,183.977,15.121,24.524,3.974,43.281,2.343,74.586,2.267,71.134,81.706,40.454,24.464,44635.745,130.952,14.55,15.135,6.161,4875.611,3497.567,1463.324,0.253,13.735,18.322,19.225,61.766,6.243,17.146,18.884,9.564,12.928,12.531,407.606,12.562,919.691,15.458,476.468,15.671,1047.364,29745.274,593.727,41.183,0.157,242.575,8789.585,42603.07,111.944,374.85,76.523,244.273,404.353,40.764,0.256,31.61,689.888,113.567,255.398,41.953,235.709,299.47,2269.899,13.313,4313.321,1108.571,33.52,27.744,3669.709,498.475,1.566,7.119,31.989,3841.067,1.833,10.203,63.563,2034.706,8.037,2081.516,0.546,3.631,115.676,59.975,579.896,4.791,2.058,,16.261,8.144,495.622,10.493,77.963,3.205,0.475,30.053,44.596,905.8,0.064,760.907,74.173,47.439,160.874,70.165,26006.9,9.375,90.125,0.989,92.104,407.965,1.039,19.166,5857.377,101409.366,19616.69,34139.327,0.833,23.534,406.755,29.122,32.527
2021-01-01,3.103,57538.235,14.278,2781.699,84.375,17.984,3.325,36575.973,415.179,486.04,13.879,2894.763,1.601,1658.439,479.614,54.825,1908.15,3.351,601.305,17.699,19.654,416.265,84.1,40.84,11.369,23.673,68.207,2.425,40.701,1670.65,5.275,14.006,2.623,18.751,2.585,2007.472,1263.299,99.998,814.689,315.601,17759.307,72.833,384.424,45.036,57.592,13.387,318.525,1.273,2.053,64.954,29.502,290.973,24498.848,4351.188,3.386,0.555,408.378,94.458,185.884,25898.799,107.435,4300.18,4167.26,423.3,,1462.216,37.222,99.269,17493.639,24235.998,14885.777,294.419,4.305,2968.405,0.39,19.455,3144.079,18.849,79.599,16.32,2.045,1.722,12.222,214.811,1.123,86.467,7.662,368.954,27.95,69.651,21.017,182.11,1186.51,3167.271,531.66,289.294,210.753,25.825,492.596,2180.657,14.674,46.362,5039.9,197.112,109.875,9.256,36.797,0.29,0.859,1942.314,148.455,18.533,19.782,3.509,35.216,1.867,88.609,2.427,66.865,85.641,39.469,30.969,43372.877,142.022,13.694,14.555,5.242,4043.648,2841.976,1313.07,0.259,14.008,19.786,19.732,68.054,5.865,15.286,16.168,9.126,11.484,12.475,373.785,12.399,833.236,14.923,441.632,14.145,1055.173,27108.144,503.368,36.927,0.176,249.711,8742.162,39864.674,87.323,348.481,67.407,226.372,394.087,34.454,0.236,26.113,681.429,106.427,255.705,39.951,179.732,286.015,1843.13,11.066,4065.419,874.157,35.148,27.584,3405.851,434.111,1.523,6.994,29.043,3323.702,1.857,9.484,62.787,1900.803,5.94,1948.463,0.529,3.084,118.642,61.57,637.187,4.851,1.49,,15.933,8.338,506.27,8.934,60.934,3.622,0.459,24.496,46.813,807.893,0.063,773.038,67.964,42.769,199.868,60.762,23681.175,9.418,77.34,0.889,57.666,370.076,0.921,18.109,5121.194,97402.909,20068.737,30916.268,0.844,19.394,420.778,22.096,36.016
2020-01-01,2.559,51527.538,20.136,2492.845,66.521,15.192,2.885,31988.067,349.473,385.218,12.642,2608.251,1.411,1364.828,434.701,42.693,1575.099,3.086,525.6,15.674,17.754,373.902,70.311,35.838,9.958,20.226,61.312,2.048,36.897,1476.092,5.168,12.006,2.586,14.93,2.389,1655.685,1114.925,83.523,741.311,254.06,14862.564,63.119,336.903,40.863,49.613,11.485,270.348,1.218,1.831,62.382,25.207,251.11,20832.525,3936.989,3.185,0.504,355.631,78.923,164.774,22692.546,95.865,3627.075,3494.543,382.525,,1288.751,31.791,96.611,15479.85,21137.033,13229.445,269.784,4.432,2645.806,0.372,15.364,2698.705,16.013,70.005,14.089,1.809,1.523,9.908,188.329,1.043,77.718,5.471,344.941,23.19,58.179,14.508,157.289,1059.055,2674.852,436.205,195.528,182.576,21.63,413.196,1905.954,13.885,43.762,5054.094,171.082,100.912,8.283,34.898,0.224,0.884,1744.456,111.048,18.511,24.976,3.037,46.893,1.499,84.304,2.092,56.873,73.64,34.363,25.344,39251.359,121.354,11.53,13.051,3.706,3445.323,2346.74,1120.832,0.242,12.385,17.643,16.373,77.801,4.777,13.313,14.235,8.464,11.408,11.847,337.456,10.583,758.04,13.764,432.716,12.682,931.814,24233.774,367.633,33.434,0.125,210.271,7515.723,33991.924,75.909,300.41,57.087,206.461,361.751,32.363,0.259,23.848,599.458,103.131,228.849,35.432,144.411,251.699,1488.118,10.174,3473.194,734.271,35.241,24.534,3099.94,349.488,1.536,6.682,24.921,2857.827,1.543,8.628,53.356,1687.915,5.423,1734.805,0.476,2.912,106.652,53.342,545.148,3.984,1.384,,14.615,7.4,500.501,8.134,52.385,2.163,0.445,20.808,42.494,717.114,0.053,673.178,63.373,37.897,156.579,53.666,21354.125,7.728,66.443,0.865,43.788,346.31,1.008,15.532,4399.085,85519.462,17642.49,27512.027,0.869,20.22,337.876,18.138,26.878
2019-01-01,3.396,52399.574,18.876,2603.459,94.671,15.399,3.155,31902.78,417.99,446.762,13.619,2781.881,1.725,1388.092,444.645,48.174,1598.853,3.012,535.925,14.392,16.031,351.238,68.889,40.447,13.016,20.483,64.414,2.387,41.193,1873.286,5.788,13.469,2.618,16.696,2.278,1743.725,1178.37,95.811,721.89,278.04,14340.6,60.383,364.628,39.673,50.891,13.977,323.055,1.188,2.231,64.412,25.95,256.794,20585.161,3957.645,3.089,0.612,345.402,89.032,193.361,22198.317,107.596,3879.711,3710.666,317.894,1.982,1403.651,31.877,92.608,15802.16,21846.883,13572.908,267.044,5.444,2723.094,0.394,16.875,2853.074,17.645,68.352,13.443,1.806,1.487,11.365,205.275,1.213,77.156,5.174,363.075,24.711,61.871,14.787,164.011,1119.1,2835.606,407.17,241.658,236.682,24.681,400.941,2019.83,15.808,44.566,5117.995,181.667,100.328,9.372,36.682,0.217,1.107,1751.046,140.855,18.77,50.928,3.08,69.237,2.095,89.015,2.323,54.831,69.898,34.229,55.082,39955.338,128.92,11.737,14.105,5.716,3856.637,2716.085,1305.2,0.233,12.609,17.281,16.34,68.802,5.543,14.206,15.513,7.894,14.436,11.031,365.178,12.539,751.318,12.917,474.498,12.713,929.006,24694.027,408.743,34.186,0.125,210.761,7556.87,35372.918,88.061,321.071,69.722,233.004,376.823,34.319,0.282,24.751,595.968,105.126,240.013,37.925,176.371,250.993,1695.724,10.349,3639.45,838.565,31.484,23.405,3253.47,376.902,1.619,6.519,26.881,3476.095,1.616,8.655,51.514,1809.675,4.044,1852.141,0.416,4.016,105.723,53.916,532.169,4.495,1.867,,14.917,6.993,543.879,8.301,53.035,2.048,0.445,23.776,41.905,760.388,0.054,611.396,58.797,37.893,154.14,62.23,21539.975,7.9,67.294,0.91,73.003,331.818,0.93,17.134,5241.734,87772.492,18136.218,28630.56,0.913,21.888,389.245,23.309,26.033
2018-01-01,3.276,51863.074,18.336,2519.69,114.189,15.157,3.217,31135.721,427.049,524.431,12.458,2631.342,1.662,1419.28,455.198,47.113,1628.881,3.037,543.546,14.257,15.916,321.379,66.398,39.568,12.616,20.484,60.011,2.293,40.581,1916.934,5.63,13.567,2.651,17.032,2.28,1725.3,1196.888,96.674,725.9,295.428,13841.812,58.522,351.63,39.992,48.037,14.781,334.124,1.179,2.073,62.422,25.609,251.992,19741.915,4053.846,2.913,0.555,355.293,85.63,194.507,21691.08,107.479,3824.569,3612.216,263.156,2.006,1432.292,31.237,80.207,16094.376,22125.935,13861.869,273.993,5.581,2782.838,0.392,16.83,2875.024,17.905,67.274,11.857,1.662,1.555,13.309,212.146,1.167,73.331,4.788,361.731,23.907,61.886,16.454,160.566,1042.272,2702.93,395.641,332.846,230.189,26.261,376.309,2100.387,15.648,43.432,5040.881,179.34,92.211,8.271,33.181,0.234,1.076,1824.251,138.655,18.131,54.9,3.264,76.682,2.061,94.484,2.472,53.777,71.033,34.445,55.191,39234.801,127.341,11.252,13.76,5.398,3937.511,2802.256,1256.3,0.22,12.694,17.079,16.161,66.699,5.509,13.207,15.017,7.472,14.736,9.882,358.783,13.676,704.372,12.814,421.737,13.025,930.155,23739.083,439.788,33.112,0.131,209.601,7688.832,34634.119,91.506,356.163,67.294,227.583,346.842,33.783,0.288,24.11,588.804,100.958,242.423,40.225,183.335,243.498,1653.005,9.638,3516.116,846.584,33.59,23.127,3068.974,376.893,1.615,6.39,26.021,3654.178,1.656,7.873,50.641,1771.342,3.118,1815.318,0.387,3.996,106.186,53.713,551.312,4.667,1.777,,15.334,7.033,506.553,7.762,49.299,1.584,0.435,24.569,42.687,797.707,0.048,609.198,54.775,34.127,130.959,65.37,20656.525,7.882,58.696,0.884,102.021,304.47,0.929,16.277,5358.782,86497.192,18513.719,27841.565,0.878,21.606,405.093,26.312,36.922
2017-01-01,3.092,49014.751,18.883,2364.425,139.835,13.053,2.993,28989.43,390.517,643.861,11.527,2462.802,1.531,1382.668,417.114,41.375,1586.294,3.172,502.587,12.697,14.094,293.755,59.288,37.205,12.237,18.326,54.723,2.267,37.782,2063.519,5.517,12.128,2.445,16.105,2.072,1649.266,1244.927,92.364,695.505,276.357,12265.327,52.512,338.439,36.086,39.461,11.83,311.889,1.077,1.965,60.517,22.938,221.564,17903.701,3761.764,2.763,0.522,331.611,80.082,190.004,19849.846,104.467,3647.099,3308.157,246.826,1.904,1321.288,27.46,76.841,14867.334,20519.409,12825.308,253.757,5.353,2587.955,0.359,14.924,2682.384,16.472,60.385,10.325,1.498,1.469,12.197,199.774,1.126,71.624,4.748,341.271,22.982,56.302,15.036,143.112,1015.619,2651.474,348.411,486.829,190.048,24.728,358.459,1970.027,14.755,41.667,4930.837,166.806,81.965,7.703,29.394,0.223,1.058,1710.197,120.688,17.055,53.03,3.321,67.153,1.999,94.376,2.424,47.706,65.689,30.473,50.384,37194.333,118.541,9.515,13.176,4.809,3776.477,2678.363,1190.721,0.214,11.336,15.36,14.156,61.267,4.855,11.481,13.265,6.826,13.714,8.943,319.109,12.883,664.69,11.181,375.745,13.786,847.934,22555.533,401.745,28.972,0.109,203.626,7299.798,32464.444,80.857,339.229,64.468,216.578,328.481,31.971,0.29,22.743,524.78,103.446,221.28,38.997,161.099,210.529,1575.14,9.253,3415.06,714.994,48.906,20.989,2861.332,343.257,1.47,5.812,24.979,3874.402,1.528,8.252,44.179,1641.241,1.804,1699.735,0.325,3.592,95.616,48.136,536.084,4.407,1.675,,13.344,6.385,456.336,7.535,45.902,1.616,0.416,24.04,42.167,859.02,0.045,590.733,54.0,31.589,112.064,65.068,19612.1,7.178,69.703,0.844,115.883,277.071,0.88,16.128,5495.926,81479.196,17211.251,26860.738,0.885,26.842,381.317,25.874,22.04
2016-01-01,2.984,46952.89,18.02,2343.461,114.764,11.862,2.895,27038.874,369.255,556.774,10.546,2284.293,1.49,1263.667,395.728,37.83,1449.568,2.96,475.931,11.818,12.829,265.236,53.929,33.885,11.745,17.117,47.703,2.241,34.189,1796.622,5.331,11.4,2.218,15.083,1.825,1527.996,1230.674,88.745,687.721,249.306,11226.897,48.408,319.717,33.805,38.086,10.928,282.72,1.013,1.855,58.847,21.041,198.161,16280.491,3536.808,2.605,0.576,312.182,75.777,180.764,18684.485,97.671,3227.913,2832.81,351.443,2.213,1242.673,24.554,72.12,13988.192,19285.616,12108.592,238.712,4.93,2469.726,0.325,14.02,2699.086,15.445,56.144,8.604,1.47,1.245,11.238,193.095,1.062,66.034,4.483,320.86,21.564,52.726,13.996,128.61,931.877,2294.797,305.649,458.042,168.429,20.793,321.942,1886.59,14.108,39.949,5003.678,137.289,74.816,6.813,26.591,0.207,1.007,1578.816,109.399,15.904,51.15,3.256,49.913,1.869,88.0,2.206,43.058,62.2,28.076,45.071,35928.783,111.573,8.072,11.849,4.398,3664.137,2491.636,1112.233,0.202,10.686,14.022,12.022,60.09,4.376,11.154,12.069,6.414,12.594,7.733,301.256,10.719,738.053,10.35,404.649,13.286,796.944,21549.466,370.957,24.524,0.097,185.901,6791.123,29644.951,75.129,313.623,60.017,196.348,318.627,29.276,0.303,20.759,469.65,104.337,206.369,36.09,151.732,185.334,1280.648,8.695,2992.796,666.0,64.888,19.035,2652.075,319.054,1.379,6.023,24.191,3420.213,1.468,7.391,40.693,1531.502,2.899,1605.409,0.294,3.317,89.928,44.279,514.218,3.815,1.568,,13.4,6.069,413.479,6.994,42.876,1.651,0.382,23.723,44.36,869.204,0.041,543.081,49.774,30.232,93.349,57.58,18804.9,6.681,85.658,0.814,112.915,252.146,0.775,15.405,4940.908,76597.84,16452.806,25378.141,0.844,31.318,323.493,20.965,20.549
2015-01-01,2.963,45710.602,20.057,2465.802,131.661,11.389,2.789,25972.589,370.276,642.464,10.553,2177.837,1.438,1234.457,382.01,52.997,1410.784,3.104,462.383,11.389,11.833,233.687,50.766,32.523,11.672,16.404,56.329,2.195,33.241,1800.046,5.288,12.93,2.126,13.531,1.696,1556.508,1295.414,94.063,693.845,242.515,11113.508,45.815,302.966,32.213,40.154,11.891,293.493,0.966,1.75,56.442,19.911,189.108,15831.317,3423.915,2.424,0.541,301.759,71.254,187.494,17953.172,97.21,3297.207,2887.615,350.119,2.016,1206.287,23.314,63.081,13658.69,19284.229,11817.521,233.234,4.682,2442.731,0.31,14.385,2928.558,15.223,49.437,8.79,1.355,1.153,13.187,195.703,0.997,62.18,4.28,309.386,20.834,51.016,14.831,125.174,860.854,2103.588,302.422,408.288,177.634,17.517,303.47,1845.616,14.154,38.642,4444.931,184.388,70.37,6.678,24.217,0.192,0.957,1539.212,114.606,14.418,49.929,3.092,48.718,1.808,85.091,2.202,41.431,60.078,27.266,45.048,34937.26,110.414,7.726,11.323,4.118,3709.045,2461.72,1213.294,0.184,10.067,13.106,11.342,62.655,4.055,11.62,16.209,6.182,12.007,9.014,301.355,11.45,742.524,9.684,492.437,12.757,775.822,21168.178,388.16,24.361,0.085,176.326,6650.084,29619.727,78.711,299.93,56.062,192.85,306.446,29.872,0.283,21.723,476.788,103.376,199.414,36.211,161.74,177.877,1356.703,8.546,2752.901,669.485,64.534,17.777,2530.447,307.999,1.308,6.75,23.438,3521.697,1.42,6.841,39.656,1650.138,15.326,1723.278,0.262,5.126,88.91,42.714,501.698,4.061,1.432,,14.508,5.756,401.183,7.857,44.944,1.594,0.397,27.027,45.779,867.054,0.037,534.515,47.424,30.122,90.922,58.218,18295.0,6.296,85.662,0.787,125.449,236.795,0.744,13.972,5132.02,75330.329,16396.614,25086.904,0.824,42.444,346.663,21.245,19.963
2014-01-01,2.791,48288.303,20.616,2700.956,164.448,13.246,3.267,26177.868,414.105,563.614,11.61,2253.38,1.379,1457.357,442.699,75.235,1657.51,2.706,535.529,13.288,13.947,207.102,57.081,34.773,10.974,18.522,78.736,2.125,33.237,2456.055,5.366,17.098,1.933,15.47,1.896,1805.751,1440.528,95.979,726.692,259.394,10524.241,48.882,282.947,36.396,38.355,17.918,381.24,1.15,2.042,52.017,23.232,210.911,15214.392,3966.823,2.221,0.52,352.833,67.264,238.943,17816.503,102.718,4249.586,3831.07,321.634,2.604,1380.6,27.063,54.165,15769.415,22452.236,13671.553,273.549,4.857,2861.973,0.314,18.209,3066.304,17.966,54.417,8.777,1.229,1.136,21.771,235.519,0.911,57.835,4.128,291.46,19.617,59.506,15.137,141.034,890.815,2039.127,266.857,460.809,234.651,17.868,315.019,2173.816,13.865,36.9,4896.995,221.416,68.395,7.467,22.04,0.201,0.953,1556.252,162.695,13.266,48.095,3.09,57.384,1.749,82.483,2.477,48.619,68.823,31.395,54.903,36379.787,119.131,9.51,12.523,3.69,4150.172,2829.795,1364.508,0.186,11.378,14.369,11.891,63.153,4.595,12.227,17.978,6.615,13.074,8.526,342.868,12.434,787.365,10.83,568.499,11.88,901.789,20880.829,501.737,22.722,0.099,200.153,7220.494,31519.269,92.699,271.422,51.74,203.785,297.484,31.578,0.245,23.211,539.212,102.446,229.961,40.378,206.225,199.981,2048.837,8.24,2628.478,766.606,60.726,19.802,2603.271,314.864,1.336,6.521,22.593,4317.656,1.674,6.443,47.062,1844.029,15.178,1913.591,0.295,5.612,101.463,49.527,577.73,4.426,1.388,,18.213,6.395,407.35,9.242,56.204,1.447,0.403,29.698,50.273,939.924,0.039,535.328,49.982,34.754,133.392,62.546,17608.125,7.076,80.848,0.771,214.69,232.888,0.774,13.99,6061.089,79807.571,18621.166,25577.411,0.797,43.229,381.195,27.145,19.496
2013-01-01,2.728,47175.646,20.17,2599.347,153.761,12.784,3.193,25242.038,400.219,611.471,11.121,2252.201,1.325,1520.13,430.197,74.164,1707.261,2.456,521.799,12.518,13.444,179.676,55.82,33.823,10.396,18.155,75.496,2.022,30.883,2471.718,5.338,18.094,1.967,14.272,1.692,1846.595,1457.59,93.954,706.776,277.218,9624.928,43.228,265.301,33.729,34.908,17.959,382.093,1.116,2.029,50.949,23.96,213.024,14076.158,3808.142,2.044,0.498,344.631,62.758,229.701,17073.147,96.57,4513.272,4070.111,303.194,1.958,1362.207,25.451,46.544,15402.091,22093.895,13346.064,270.272,4.539,2816.119,0.313,17.596,2786.665,17.516,63.702,8.376,1.376,1.11,21.949,238.911,0.843,52.989,4.168,275.697,18.37,59.592,14.904,135.684,912.524,1856.721,243.305,428.321,234.638,16.125,298.469,2153.259,14.213,34.503,5212.328,236.635,61.703,7.335,19.806,0.202,0.875,1434.67,174.179,11.972,46.88,3.044,75.355,1.66,76.934,2.345,46.579,65.204,30.21,51.536,35503.783,115.608,9.496,12.424,3.286,4047.876,2747.491,1327.436,0.186,10.824,13.243,10.797,59.176,4.466,12.582,17.198,7.331,12.293,7.648,327.869,12.168,772.539,10.206,514.966,10.983,883.964,20157.157,526.014,22.162,0.094,187.132,7086.172,30521.971,89.936,258.674,47.261,203.042,283.903,29.248,0.226,21.261,515.762,102.45,226.437,38.651,198.728,189.83,2288.428,7.821,2399.419,753.864,52.892,18.919,2575.373,307.576,1.286,6.736,21.991,4433.435,1.678,5.869,48.394,1764.54,14.947,1826.808,0.269,5.51,98.937,47.868,584.128,4.6,1.328,,16.92,6.022,420.329,8.506,50.863,1.396,0.407,28.71,48.681,958.087,0.039,512.943,45.677,32.331,183.31,62.857,16880.675,6.735,73.192,0.765,258.931,212.728,0.755,13.515,6120.126,77697.617,18023.784,24949.846,0.798,40.415,400.877,28.042,19.091
2012-01-01,2.615,46709.437,20.293,2503.719,143.573,12.324,3.189,24851.521,384.61,579.666,10.619,2191.371,1.365,1570.323,409.661,69.684,1745.356,2.333,496.467,11.148,12.569,159.749,54.297,31.963,10.72,17.207,65.669,1.9,27.282,2464.053,5.233,19.048,1.931,13.907,2.512,1828.362,1335.139,91.476,686.546,267.165,8539.584,37.03,250.099,30.174,30.074,17.704,370.691,1.016,1.913,47.231,25.063,210.363,12860.754,3600.175,1.901,0.486,326.793,60.747,227.144,16917.806,87.735,4269.765,3888.939,294.482,2.255,1331.838,23.252,42.221,14743.531,21198.304,12783.046,257.606,4.303,2684.706,0.323,17.181,2707.571,16.894,56.854,7.387,1.415,1.05,22.403,242.183,0.8,49.902,4.063,262.629,18.399,57.447,13.709,128.814,917.87,1827.637,227.415,421.882,218.032,14.752,263.59,2099.259,14.765,31.679,6272.362,207.999,56.407,6.604,17.829,0.207,0.825,1335.344,174.066,10.194,44.017,2.675,92.542,1.598,70.392,2.465,42.888,59.814,28.191,43.19,35446.386,106.345,8.708,11.579,2.885,3908.08,2633.541,1255.11,0.181,9.751,12.45,9.616,55.131,4.09,12.278,16.688,6.721,11.826,8.421,318.909,13.016,767.824,9.412,460.952,10.532,846.225,19438.988,512.777,21.703,0.101,175.033,6848.143,28765.306,87.409,250.094,41.902,193.276,261.92,28.926,0.215,21.295,495.23,101.565,216.361,33.296,186.834,179.243,2191.486,7.654,2334.39,741.85,48.948,17.672,2489.904,295.093,1.185,5.746,21.386,4451.696,1.606,5.183,43.316,1678.325,11.267,1735.895,0.231,5.332,94.684,46.196,549.742,4.887,1.06,,16.174,5.417,397.579,7.592,50.252,1.16,0.427,27.335,47.311,877.681,0.039,495.61,39.65,30.939,175.781,55.938,16253.95,6.167,67.52,0.73,372.592,195.169,0.736,12.208,6048.382,75474.742,17309.365,24232.259,0.773,35.401,434.4,25.502,17.115
2011-01-01,2.638,46889.69,17.89,2343.226,125.552,12.899,3.625,23387.976,360.833,527.644,10.142,2079.603,1.287,1515.589,431.609,65.952,1682.538,2.236,523.239,10.691,12.078,154.097,57.682,29.915,10.07,18.629,61.368,1.819,24.135,2614.027,5.302,18.525,1.842,15.111,2.435,1793.327,1257.357,86.789,715.799,251.225,7492.212,35.529,231.867,30.626,26.406,15.653,334.966,1.023,2.047,42.762,27.637,231.429,11666.052,3824.155,1.74,0.501,344.316,58.088,218.332,15775.497,78.987,4136.414,3832.067,247.726,2.065,1487.307,23.3,30.48,15870.872,22148.727,13789.822,275.079,4.094,2869.903,0.307,18.207,2664.719,15.475,53.849,6.775,1.41,1.157,21.354,282.946,0.779,47.419,3.328,248.514,17.59,62.756,13.009,141.942,892.969,1823.052,241.295,625.43,185.75,15.222,268.095,2306.568,14.413,29.524,6233.148,192.626,46.555,6.198,16.017,0.196,0.836,1307.239,154.02,8.964,39.927,2.34,48.17,1.569,67.725,2.571,43.597,61.685,27.74,36.844,35291.545,109.705,8.417,11.552,2.629,3793.275,2659.313,1229.014,0.172,10.499,12.993,9.788,50.292,4.544,10.41,14.619,6.782,11.673,11.241,302.184,12.423,672.055,8.754,414.095,9.774,912.98,18722.417,501.361,21.685,0.066,166.949,6791.018,27144.539,77.497,230.577,35.95,171.369,234.217,25.221,0.195,17.985,524.374,100.352,245.075,33.737,167.775,192.835,2046.621,6.885,2301.606,676.635,66.448,17.811,2345.756,279.357,1.05,4.799,20.284,4404.926,1.813,5.022,49.28,1596.2,17.34,1671.171,0.228,4.735,99.905,51.19,570.541,4.826,1.018,,16.237,5.421,370.877,6.523,44.413,1.042,0.415,25.789,48.122,837.924,0.04,483.974,34.369,27.501,163.059,52.354,15599.725,6.34,60.213,0.714,316.482,171.312,0.738,11.186,5952.597,74034.228,18316.66,23446.0,0.744,32.726,458.708,23.455,14.102
2010-01-01,2.454,43660.011,15.325,2094.417,95.547,11.937,3.446,20306.269,300.189,424.729,9.26,1803.078,1.298,1254.689,392.595,52.909,1400.049,2.032,481.814,9.543,10.118,138.094,50.69,26.806,10.096,17.164,57.22,1.739,19.786,2208.704,5.138,13.707,1.511,12.637,2.141,1617.345,1110.783,80.105,598.333,217.105,6033.83,34.431,206.519,27.53,22.34,13.159,286.498,0.909,1.825,37.656,25.821,211.169,9734.921,3470.987,1.544,0.494,322.346,53.921,177.785,13665.728,68.151,3528.997,3236.084,230.024,1.59,1429.155,19.569,26.887,14655.285,20109.024,12784.351,249.633,3.402,2648.391,0.291,14.384,2487.924,12.425,43.327,6.858,1.543,0.941,16.328,297.368,0.771,41.493,2.889,228.639,15.73,58.886,11.852,132.175,755.094,1675.615,222.167,517.899,138.517,13.751,239.679,2146.687,13.193,27.134,5759.072,148.047,45.406,4.794,13.796,0.166,0.779,1192.722,115.401,7.506,38.444,1.966,75.381,1.483,58.643,2.356,37.188,56.26,23.998,28.242,33179.381,100.881,6.977,9.983,2.588,3211.156,2217.607,1105.424,0.161,9.415,10.698,9.104,35.748,4.146,7.185,11.412,5.637,10.138,9.796,258.64,11.281,630.281,7.838,369.062,8.759,853.161,17870.126,431.052,18.253,0.048,145.36,5946.533,23021.943,64.994,196.712,30.513,149.23,208.369,20.364,0.184,14.251,475.697,98.381,238.308,27.129,119.707,170.294,1633.111,6.126,2091.416,528.207,65.716,16.134,2017.929,239.808,0.847,4.174,18.448,3763.581,1.883,,41.369,1391.241,,1464.137,0.191,4.677,91.237,47.832,492.753,4.438,0.97,60.043,14.289,4.75,341.166,5.642,35.164,0.882,0.367,22.522,46.21,777.443,0.033,444.281,31.86,24.683,136.011,43.967,15048.975,5.348,49.772,0.72,318.281,143.212,0.652,9.682,5155.629,66681.954,16872.94,21920.331,0.68,30.907,417.315,20.264,12.042
2009-01-01,2.554,41802.238,12.066,1792.327,81.705,12.044,3.675,17391.247,253.547,334.633,8.648,1442.422,1.386,1000.837,401.323,44.297,1122.538,1.775,482.73,9.728,9.44,122.76,52.024,23.913,9.982,17.601,50.855,1.681,17.464,1669.204,5.064,11.892,1.274,10.118,2.059,1376.509,929.075,74.786,553.913,171.794,5088.992,33.693,185.551,27.903,18.626,9.713,232.469,0.904,1.852,30.746,26.02,207.095,8081.869,3476.022,1.426,0.489,322.621,48.319,150.317,11970.8,60.095,3023.664,2859.125,198.316,1.297,1494.963,19.694,28.672,14837.588,19789.513,13057.033,253.206,3.106,2697.144,0.275,12.188,2421.476,11.069,34.601,6.753,1.45,0.889,15.072,330.949,0.771,37.997,2.596,214.048,14.486,62.028,11.598,131.069,578.577,1341.889,236.187,440.408,111.66,13.154,213.401,2207.087,12.107,24.538,5289.494,115.309,42.347,4.69,12.49,0.142,0.774,982.854,105.992,6.431,35.4,1.765,60.767,1.4,49.75,1.937,37.484,54.408,26.48,21.588,31945.782,100.535,5.438,9.617,2.345,2736.486,1868.761,943.437,0.151,9.4,10.249,8.76,28.971,4.171,4.584,12.264,4.725,9.252,8.723,211.847,8.915,555.528,7.324,297.458,8.297,878.0,16894.382,387.974,14.663,0.044,121.701,5160.602,19154.726,55.454,187.074,28.104,121.892,176.132,17.124,0.184,11.619,439.794,96.386,244.402,22.355,88.196,174.564,1307.927,5.675,1719.755,429.098,54.812,16.128,1631.956,194.15,0.736,3.795,17.602,2933.096,2.062,,45.156,1175.837,,1236.8,0.201,4.15,89.302,49.921,434.313,3.596,0.847,53.939,12.998,4.717,281.716,4.977,34.562,0.727,0.312,19.52,45.593,651.513,0.028,390.829,29.301,24.107,117.079,34.565,14478.05,5.03,41.945,0.714,268.624,129.022,0.59,8.086,4136.87,60956.964,16930.388,20087.815,0.618,25.13,331.184,15.332,9.666
2008-01-01,2.843,44303.754,10.297,1880.365,98.79,12.881,4.082,16937.83,315.464,363.545,11.662,1466.161,1.558,1056.574,432.005,48.852,1191.947,1.612,517.27,9.787,9.45,109.765,54.476,26.803,10.526,18.712,62.798,1.732,16.792,1695.855,5.401,15.949,1.353,10.731,2.033,1552.864,1083.182,84.978,566.968,179.663,4577.28,33.621,185.594,27.712,22.665,11.649,242.504,0.916,1.96,30.802,27.955,236.82,7432.207,3808.369,1.382,0.458,354.977,48.206,180.384,11418.249,61.139,3877.46,3655.804,170.797,0.923,1635.936,24.434,26.25,16369.368,22513.639,14284.644,285.667,3.816,2926.483,0.258,15.57,2960.39,13.158,38.659,6.966,1.562,0.953,19.828,355.87,0.826,40.242,2.491,219.279,13.789,68.515,10.488,158.326,558.291,1198.895,275.417,425.699,131.614,18.075,221.231,2417.242,13.743,22.648,5106.679,133.442,41.058,5.139,12.162,0.15,0.778,1093.487,147.391,5.946,29.119,1.676,86.804,1.427,48.177,1.652,47.931,58.838,36.023,21.027,33541.878,100.112,6.055,10.725,2.272,3046.837,2109.044,1161.553,0.147,9.912,9.871,9.171,23.907,4.564,5.623,12.92,5.138,10.125,7.492,241.946,8.496,585.135,7.279,330.26,8.497,957.797,17577.907,464.915,14.31,0.037,135.373,5612.985,20057.845,69.805,202.204,26.072,121.308,181.007,17.947,0.199,11.671,533.6,93.639,263.388,24.615,112.621,215.568,1779.109,5.183,1576.976,519.797,64.833,16.852,1649.53,193.617,0.699,3.926,17.987,3045.338,2.403,,52.094,1223.877,,1295.23,0.188,3.783,97.17,55.503,514.617,3.298,0.998,52.631,14.354,4.578,291.299,5.135,36.788,0.648,0.344,28.193,47.039,782.851,0.032,415.901,27.779,22.419,181.313,33.151,14769.85,5.202,35.858,0.733,306.764,124.756,0.582,7.31,4477.464,64361.599,18857.835,20893.818,0.684,26.911,316.491,17.914,6.707
2007-01-01,2.678,41935.56,8.556,1605.978,73.038,10.677,3.952,14974.31,257.883,287.921,9.206,1272.687,1.487,950.092,389.231,33.05,1084.968,1.356,470.978,8.17,7.627,95.374,44.432,22.653,10.618,15.323,46.815,1.699,13.216,1397.114,5.273,13.571,1.071,10.566,1.755,1468.896,928.983,75.379,491.066,172.565,3555.655,28.158,164.763,23.931,18.598,8.784,206.229,0.796,1.65,26.885,24.082,189.845,6176.93,3484.467,1.191,0.421,320.213,44.067,142.483,9978.886,49.849,3145.641,2925.425,137.055,1.02,1476.92,22.478,19.329,14790.108,20472.618,12985.332,256.39,3.688,2656.13,0.252,12.457,3091.695,10.458,34.044,6.317,1.28,0.753,13.091,318.94,0.759,35.028,2.225,211.583,12.276,59.325,9.522,140.187,470.092,1216.736,270.112,360.928,88.833,21.653,184.706,2222.785,12.881,17.957,4579.75,104.85,36.708,3.807,10.117,0.138,0.689,1220.756,114.608,4.757,24.827,1.344,68.211,1.331,38.27,1.759,39.773,51.593,31.1,18.44,31977.972,85.539,4.401,8.525,1.868,2464.817,1680.324,1102.356,0.15,8.337,8.157,7.972,16.76,3.686,4.235,10.811,4.328,8.26,6.24,202.732,8.73,474.108,5.716,262.215,7.423,853.6,17135.025,402.646,11.777,0.023,134.876,5319.442,16702.194,48.3,184.141,22.072,102.187,155.98,15.376,0.196,9.545,429.021,89.524,240.524,17.856,75.987,174.831,1393.416,4.069,1549.237,415.687,59.44,13.996,1416.86,180.942,0.62,3.451,17.012,2505.398,2.189,,43.395,1066.91,,1131.869,0.145,3.144,77.239,47.886,490.052,3.465,1.034,40.488,11.993,3.76,262.94,3.712,44.388,0.543,0.299,21.937,40.819,682.992,0.029,406.907,21.81,17.512,143.26,25.603,14474.25,4.868,27.963,0.714,232.857,98.426,0.517,5.816,3847.896,58637.753,17547.193,19880.565,0.568,21.651,332.65,14.06,7.784
2006-01-01,2.47,38384.366,6.925,1381.402,58.654,8.896,3.456,13101.517,222.117,232.892,6.384,1064.94,1.304,783.451,336.298,20.983,893.19,1.273,408.281,7.034,6.548,86.028,34.38,19.291,10.167,12.46,38.219,1.584,11.52,1107.628,4.702,12.71,0.876,9.919,1.538,1319.356,739.176,66.636,441.862,153.84,2754.149,24.628,144.738,20.912,15.403,8.073,161.793,0.689,1.452,22.717,20.422,156.236,4883.116,3046.47,1.08,0.39,283.387,37.998,123.084,9033.736,45.691,2447.026,2262.15,112.902,0.937,1261.914,17.049,15.31,12763.168,17560.871,11270.219,217.056,3.361,2317.985,0.249,10.164,2712.257,7.979,28.883,4.178,1.054,0.635,10.096,273.561,0.699,31.308,1.899,193.515,10.843,49.601,7.507,115.716,396.518,940.26,232.193,272.361,65.144,17.465,159.076,1958.667,11.946,15.795,4601.663,81.003,29.668,2.837,8.342,0.112,0.644,1094.545,101.548,3.934,22.023,1.109,60.094,1.268,33.447,1.72,30.214,42.912,21.589,14.874,29771.997,74.284,3.408,6.396,1.575,2059.61,1413.194,1020.265,0.143,6.86,6.906,6.783,12.752,2.724,3.414,9.51,4.009,7.123,5.63,170.41,7.711,406.423,4.743,222.791,6.764,737.633,16242.497,346.914,10.316,0.029,109.738,4651.311,13560.206,42.578,161.871,19.109,87.459,127.653,13.609,0.191,8.355,344.627,87.276,208.767,13.43,58.629,122.114,1060.901,3.318,1234.373,376.398,45.264,11.699,1187.433,148.627,0.539,3.144,16.0,2014.189,1.91,,32.602,924.627,,974.979,0.133,2.812,57.492,39.293,422.528,3.293,1.016,33.824,10.249,3.173,221.731,2.811,36.577,0.454,0.292,18.6,36.059,552.332,0.024,386.45,18.878,14.079,107.767,21.416,13815.6,4.019,21.344,0.644,178.521,84.301,0.435,5.348,3245.828,51944.573,15298.721,18468.059,0.516,19.063,304.055,12.762,8.141
2005-01-01,2.36,36495.443,6.167,1195.298,41.397,8.052,3.158,12234.893,180.616,199.273,4.9,885.755,1.144,736.434,316.267,13.239,849.701,1.117,385.927,6.571,6.15,79.53,29.868,16.647,9.836,10.935,31.239,1.427,9.573,891.633,4.213,10.561,0.818,9.833,1.413,1173.505,644.893,60.995,418.222,122.315,2290.019,23.626,132.112,19.534,12.72,6.654,145.601,0.656,1.395,20.049,18.713,137.264,4109.284,2894.992,0.996,0.364,265.15,35.948,107.047,8651.164,40.279,2049.499,1865.576,94.127,0.85,1155.306,14.129,12.387,11954.984,16243.962,10601.683,204.973,3.257,2193.358,0.246,9.468,2546.038,6.59,24.6,4.506,1.028,0.64,8.191,248.012,0.695,28.179,1.712,181.556,9.672,45.05,7.186,113.211,310.92,820.385,211.993,228.428,50.065,16.853,147.442,1866.013,11.233,13.134,4831.467,57.125,26.307,2.459,7.058,0.114,0.547,971.54,80.799,3.079,21.497,0.944,48.852,1.135,28.88,1.73,26.115,37.693,17.03,12.16,28544.573,67.468,2.988,5.859,1.163,1726.035,1197.715,917.572,0.138,6.257,6.251,6.383,11.382,2.261,2.523,8.868,2.936,6.867,5.148,150.345,7.324,351.346,4.372,169.645,6.321,688.514,15214.191,309.979,9.331,0.03,113.266,4292.285,11456.338,35.507,145.209,17.244,74.232,107.42,12.325,0.186,7.339,306.304,83.915,197.363,10.738,44.636,98.547,817.717,2.945,1085.315,328.205,35.183,11.015,991.495,127.808,0.477,2.672,14.698,1656.004,1.788,,27.496,804.838,,843.953,0.125,2.393,49.116,36.002,391.691,3.177,0.919,28.881,9.097,3.08,189.264,2.311,29.363,0.462,0.262,16.17,33.851,504.8,0.023,374.06,17.174,12.46,85.996,18.986,13039.2,3.828,17.939,0.58,143.375,73.197,0.39,5.126,2766.683,47951.782,14378.387,17063.302,0.486,16.732,288.749,8.329,9.045
2004-01-01,2.255,34669.549,5.146,1019.15,26.998,7.177,2.896,11312.707,147.812,164.911,3.577,798.144,1.026,658.776,301.321,8.682,760.375,0.915,369.047,6.187,5.449,77.152,26.158,13.709,9.055,10.157,23.928,1.356,8.785,669.29,3.754,8.723,0.7,8.819,1.31,1026.473,516.452,53.876,403.446,99.079,1949.446,22.924,110.196,18.803,10.275,5.101,116.382,0.622,1.263,18.615,17.328,120.148,3557.501,2851.023,0.936,0.367,251.988,22.506,91.914,8183.165,35.195,1647.038,1524.85,82.855,0.858,1069.344,12.161,10.122,11438.498,15323.942,10210.254,197.369,2.954,2108.835,0.236,7.767,2422.619,5.269,20.302,5.012,0.962,0.582,5.935,240.854,0.599,24.977,1.657,169.085,8.769,41.836,6.037,104.121,279.344,709.152,194.283,188.961,36.642,13.825,140.162,1811.987,10.175,11.771,4893.135,43.152,22.79,2.214,5.879,0.104,0.507,822.583,59.439,2.651,21.16,0.897,34.054,1.066,24.423,1.598,22.58,35.049,14.44,10.643,27331.248,64.528,2.598,5.065,1.227,1418.578,981.101,819.459,0.133,5.684,5.452,6.128,10.095,2.073,1.992,7.937,2.362,6.962,4.895,135.869,6.673,306.06,3.746,130.345,5.793,660.925,14143.43,265.267,8.297,0.031,101.599,3888.962,9586.401,28.379,132.206,15.811,66.126,95.002,10.749,0.166,6.279,255.292,80.322,189.296,9.624,30.651,75.059,633.294,2.388,953.157,258.742,26.646,10.072,888.809,115.034,0.398,2.339,13.725,1296.606,1.714,,26.017,683.145,,713.09,0.104,2.0,43.19,34.19,384.548,2.774,0.839,25.204,6.816,3.048,172.896,2.073,24.272,0.441,0.231,13.472,32.71,407.024,0.023,346.924,15.576,10.75,64.747,14.959,12217.175,3.71,15.045,0.55,112.254,62.877,0.365,4.603,2280.138,44255.95,13799.092,15604.109,0.418,13.868,256.188,6.221,9.465
2003-01-01,2.044,31245.849,4.553,850.439,20.342,5.561,2.362,10029.268,124.346,142.431,2.807,712.337,0.948,541.191,262.208,7.276,623.599,0.785,318.004,5.348,4.74,71.755,21.146,11.546,8.87,8.477,18.42,1.267,8.092,558.232,3.479,7.266,0.616,7.469,1.188,895.599,401.816,48.589,362.17,76.508,1656.962,21.206,103.013,15.944,9.022,3.863,94.072,0.547,1.105,17.277,14.552,100.471,3067.434,2534.081,0.882,0.343,218.422,21.518,73.482,7385.369,30.965,1277.175,1196.896,85.163,0.673,907.736,9.894,8.604,9949.065,13187.363,8904.607,171.57,2.509,1834.637,0.241,6.51,2056.294,4.103,17.528,4.759,0.843,0.553,3.733,202.319,0.591,23.092,1.592,161.37,8.139,35.249,4.866,85.285,255.346,607.701,164.63,158.416,15.8,11.429,131.544,1582.534,9.43,10.575,4519.564,30.834,21.391,1.92,5.054,0.097,0.469,728.497,47.869,2.26,19.486,0.714,27.026,0.987,22.352,1.256,18.776,29.66,11.777,8.247,24879.158,56.345,1.981,6.372,1.052,1182.628,821.288,765.55,0.131,4.946,4.713,5.465,8.336,1.681,1.595,6.584,2.051,6.155,4.521,120.025,4.974,270.813,3.382,102.935,5.322,582.29,13193.433,229.385,7.218,,82.408,3403.893,8073.097,24.734,112.507,14.422,58.537,87.039,9.306,0.155,5.488,217.829,75.834,165.185,7.691,23.716,57.79,461.518,2.139,823.201,215.808,21.355,8.767,785.977,97.646,0.353,2.218,13.244,1073.371,1.462,,22.515,555.338,,579.626,0.096,1.729,34.085,29.399,334.074,2.198,0.706,21.702,4.227,2.854,152.281,1.555,19.533,0.49,0.202,11.464,28.797,316.54,0.02,317.381,14.159,8.725,50.096,13.159,11456.45,3.39,12.697,0.509,83.684,50.233,0.315,3.968,1990.523,39318.946,11990.467,14418.406,0.342,11.778,197.017,4.902,9.573
2002-01-01,1.962,27848.91,4.367,704.841,17.312,4.356,1.758,8982.409,109.816,112.458,2.376,633.787,0.898,425.477,214.243,6.232,487.538,0.825,258.2,4.191,3.62,65.036,16.403,10.001,8.881,6.711,15.092,1.199,7.917,509.798,3.364,6.475,0.517,5.395,0.983,760.149,309.054,47.004,309.594,70.295,1465.829,17.148,105.104,12.369,8.72,3.33,97.353,0.427,0.867,16.584,11.422,82.596,2689.29,2100.865,0.837,0.333,178.788,27.249,61.516,6773.594,27.054,1032.664,980.487,90.261,0.564,708.437,7.393,7.828,8090.796,10859.744,7225.41,140.262,1.996,1491.373,0.238,5.332,1788.549,3.493,14.205,4.022,0.887,0.466,2.07,154.455,0.54,21.924,1.555,166.336,7.775,26.739,6.064,67.609,212.807,514.938,128.505,132.682,21.063,9.318,125.339,1280.84,9.719,9.972,4182.845,24.637,19.03,1.606,4.507,0.075,0.481,649.747,38.129,1.844,18.837,0.943,21.128,0.899,20.238,0.856,14.261,23.633,9.564,7.372,22533.721,45.711,1.662,5.352,0.828,1042.228,734.852,810.666,0.132,3.991,3.905,4.684,6.496,1.269,1.397,5.951,1.777,5.123,4.922,109.833,3.396,242.89,2.772,93.983,5.224,475.194,12572.461,195.915,6.816,,62.061,2955.345,7164.302,23.066,98.169,13.685,53.954,84.307,7.538,0.163,4.387,199.07,72.546,134.7,7.196,19.334,46.035,370.062,1.963,706.543,189.606,18.137,7.001,698.141,92.538,0.346,1.99,12.664,996.146,1.148,,17.185,441.199,,461.95,0.08,1.474,24.888,23.263,267.373,1.436,0.698,22.758,3.076,2.301,134.301,1.212,14.875,0.47,0.183,9.148,24.274,238.15,0.017,307.439,13.123,8.425,42.339,14.863,10929.1,2.73,12.106,0.488,95.258,44.563,0.262,3.556,1958.921,35013.212,9879.257,13720.715,0.289,10.693,129.385,4.194,10.734
2001-01-01,1.896,26690.444,,689.507,12.378,3.927,1.547,8746.405,103.312,300.421,2.118,564.573,0.878,378.077,197.51,5.475,431.205,0.877,236.748,3.666,3.19,62.537,14.183,9.579,8.318,5.784,12.778,1.129,8.155,559.982,3.306,6.206,0.474,5.46,0.899,738.968,264.633,45.312,286.773,71.517,1333.649,15.485,99.668,10.95,7.246,3.038,97.606,0.373,0.791,15.979,10.397,68.136,2453.501,1966.395,0.811,0.34,164.881,25.602,59.413,6745.938,23.127,912.377,867.497,102.273,0.582,627.803,6.274,8.103,7403.04,9933.322,6621.795,129.521,1.798,1370.386,0.236,5.023,1650.252,3.311,12.234,3.806,1.002,0.413,1.674,136.31,0.52,19.735,1.504,169.381,7.568,23.063,6.285,53.75,174.507,485.44,109.347,330.978,21.113,8.235,134.99,1172.049,9.195,9.268,4374.71,22.153,18.697,1.525,4.154,0.065,0.458,567.655,34.906,1.757,17.361,0.904,35.206,0.892,19.236,0.774,12.238,21.388,8.363,6.86,21854.685,42.704,1.481,5.438,0.767,1225.066,920.183,796.055,0.123,3.709,3.468,4.339,6.693,1.15,1.268,5.65,1.746,4.882,4.178,101.054,3.577,262.741,2.442,73.128,5.335,432.539,12186.616,174.24,6.719,,53.129,2716.2,7206.73,22.206,96.784,13.166,51.034,78.921,7.516,0.159,4.531,190.805,69.669,121.605,8.496,17.498,40.396,328.475,1.967,671.957,184.138,15.716,6.508,625.157,89.794,0.41,1.726,12.283,1266.259,1.06,,13.009,408.492,,426.766,0.072,1.167,21.421,20.693,242.498,1.544,0.622,20.979,2.638,2.0,120.296,1.057,11.855,0.477,0.181,8.96,23.146,202.558,0.014,299.276,12.61,7.835,37.863,22.802,10581.925,2.509,14.581,0.462,123.119,41.297,0.257,4.004,2207.294,33897.174,9065.825,13597.855,0.273,9.853,135.527,3.87,11.243
2000-01-01,1.873,26963.822,,711.279,12.646,3.488,1.429,9372.058,102.987,317.759,1.912,587.767,0.901,400.303,197.377,5.273,454.43,0.87,236.897,3.522,2.961,61.687,13.246,9.448,8.076,5.554,10.785,1.082,8.385,655.454,3.312,6.65,0.454,5.682,0.868,744.631,329.879,44.901,279.285,78.25,1205.532,14.851,94.402,10.245,19.077,3.624,99.27,0.34,0.699,15.016,9.988,62.171,2324.275,1967.85,0.781,0.333,164.043,24.306,59.418,7275.154,17.531,891.126,766.269,104.752,0.547,598.367,5.707,8.167,7289.66,9766.821,6525.12,126.023,1.824,1361.56,0.23,5.397,1668.69,3.144,11.47,4.039,1.01,0.392,1.159,132.198,0.52,18.124,1.497,171.643,7.104,22.138,6.81,47.218,179.482,468.396,100.253,366.917,25.984,9.026,136.516,1150.169,9.065,8.725,4968.36,18.292,18.206,1.368,3.707,0.075,0.421,597.802,37.714,1.72,17.018,0.863,39.498,0.932,20.007,0.922,11.509,21.24,7.963,,22112.21,42.053,1.315,4.629,0.801,1272.628,969.023,742.061,0.115,3.774,2.963,4.298,7.261,0.966,1.137,5.931,1.78,4.935,4.257,102.149,3.941,268.245,2.235,67.824,5.109,417.834,11799.344,171.456,6.537,,54.127,2800.172,7175.138,22.259,99.421,12.958,50.414,83.667,8.235,0.15,5.169,171.613,61.702,118.658,8.856,18.085,37.447,278.264,2.049,657.303,189.515,13.134,6.016,647.056,96.077,0.42,1.498,11.785,1378.406,1.008,,9.79,427.34,,443.034,0.077,1.355,20.73,20.262,262.904,1.739,0.615,19.861,2.142,2.014,126.392,0.991,8.587,0.367,0.205,8.295,22.524,273.118,0.015,330.68,12.369,7.756,32.331,24.892,10250.95,2.217,17.195,0.428,117.596,39.585,0.272,4.314,2259.769,34138.96,9000.552,13317.052,0.271,9.679,151.855,3.601,11.34
1999-01-01,1.723,26500.127,,691.573,9.895,3.226,,8750.009,84.42,316.998,1.845,553.957,0.836,411.976,217.475,4.581,470.874,0.866,258.5,3.681,3.388,61.526,13.628,7.905,7.684,5.766,12.133,0.95,8.269,599.642,3.21,5.779,0.418,5.413,1.039,678.417,310.505,42.705,297.579,75.596,1088.346,17.114,89.148,11.553,19.147,2.646,103.132,0.372,0.693,14.259,10.502,65.586,2165.907,2216.072,0.759,0.332,177.887,22.137,53.011,6710.163,18.891,801.262,704.22,95.039,0.614,635.025,5.771,7.515,7942.939,10380.587,7154.319,135.369,2.104,1488.392,0.217,4.966,1688.248,2.898,17.766,4.798,1.036,0.58,0.738,149.412,0.482,17.422,1.488,165.734,6.417,23.585,7.148,49.073,169.158,458.821,98.993,275.092,,8.982,121.425,1256.252,8.887,8.414,4635.982,16.87,18.594,1.242,3.522,0.077,0.389,515.213,30.126,1.415,17.174,,37.129,0.921,19.143,0.937,10.969,21.089,7.535,,21594.537,45.055,1.172,4.278,0.756,1062.888,764.066,631.24,0.113,3.867,3.444,4.068,6.044,,1.057,6.285,1.986,4.597,4.336,86.203,3.824,254.299,2.532,57.477,4.856,448.223,10998.673,162.384,6.164,,58.898,2707.942,6520.744,17.833,96.008,12.775,48.719,85.64,8.471,,5.072,168.13,57.841,127.597,8.837,11.266,35.953,209.657,2.131,642.835,161.717,10.714,6.599,607.162,86.287,0.488,1.555,11.284,1303.779,,,11.973,423.814,,437.274,0.078,1.308,20.867,22.668,274.319,1.764,0.623,16.785,2.37,2.37,126.669,1.087,6.595,,0.199,6.926,24.066,254.024,,303.83,11.777,7.823,32.661,26.178,9631.175,,21.362,0.422,97.517,36.444,0.268,4.271,2066.873,33020.872,9676.367,12434.306,0.262,7.639,151.426,3.405,11.768
1998-01-01,1.665,25154.169,,834.112,10.464,2.555,,7878.187,75.304,334.244,1.892,467.858,0.79,381.483,218.557,4.28,438.298,0.893,258.876,3.362,3.155,59.879,15.031,7.293,6.833,5.281,15.215,0.892,8.49,864.307,3.057,5.353,0.398,4.808,1.036,634.004,336.217,40.083,303.265,81.996,1024.167,17.433,87.95,11.338,21.089,2.24,117.725,0.364,0.648,13.688,10.251,67.161,1973.024,2250.847,0.722,0.322,176.876,21.672,52.297,5969.16,26.292,934.296,816.811,89.189,0.626,619.541,5.678,7.815,7973.592,10471.47,7135.488,134.164,1.795,1498.974,0.217,4.774,1653.852,3.73,17.166,5.003,1.009,0.592,0.44,144.644,0.446,18.461,1.5,168.858,6.366,23.963,6.408,48.707,115.323,421.378,90.305,205.0,,8.504,120.586,1274.382,8.787,8.163,4098.363,22.135,20.63,1.63,3.132,0.075,0.366,396.682,25.941,1.334,17.059,,30.921,0.877,19.05,0.949,11.236,19.263,7.169,,20473.246,45.243,1.697,4.402,0.693,950.793,657.188,557.485,0.112,3.764,3.328,3.898,4.838,,1.125,5.551,2.027,4.354,4.275,78.639,3.832,240.52,2.639,209.677,4.635,439.215,10308.4,154.23,5.992,,56.815,2525.131,6739.322,16.044,101.381,12.191,53.918,74.492,8.646,,5.558,172.389,54.086,124.124,9.26,8.488,42.543,287.672,2.29,608.772,146.776,10.924,6.416,517.094,85.728,0.458,1.562,10.937,1615.772,,,18.529,579.919,,593.592,0.073,1.588,22.825,22.08,270.891,1.797,0.608,16.144,2.69,2.361,113.676,1.32,4.893,,0.212,6.148,22.87,277.599,,279.964,11.481,8.23,43.315,27.704,9062.825,,18.738,0.403,91.836,34.58,0.262,4.068,2301.29,31893.491,9654.66,12052.205,0.286,6.322,152.885,3.538,12.099
1997-01-01,1.532,25071.192,,825.775,12.344,2.225,,8712.382,77.167,327.436,1.639,714.207,0.734,426.342,213.045,4.317,495.21,0.972,253.022,3.124,2.753,57.599,11.317,7.629,6.332,4.578,14.091,0.845,7.919,883.862,2.667,7.043,0.362,5.011,0.979,655.01,319.492,37.232,294.858,85.73,957.991,16.203,81.209,11.352,28.819,2.568,127.49,0.363,0.609,12.618,9.544,62.53,2131.736,2221.504,0.706,0.303,173.242,20.017,52.287,6523.457,25.847,1049.564,936.829,79.777,0.594,590.5,5.16,8.621,7738.035,10299.015,6970.111,127.027,2.268,1451.058,0.204,5.673,1561.239,3.608,15.794,5.212,0.983,0.704,0.526,143.327,0.392,16.982,1.587,177.349,5.736,22.094,5.748,47.297,260.68,415.895,82.957,184.138,,7.57,119.516,1246.34,8.4,7.389,4492.449,22.166,18.3,1.767,3.462,0.08,0.351,591.202,30.35,3.515,15.535,,37.702,0.805,18.544,1.027,10.114,18.428,6.529,,20205.15,42.366,1.928,4.263,0.652,949.647,662.768,523.45,0.11,3.928,3.208,3.68,,,1.181,4.874,2.072,4.31,6.504,109.116,4.11,233.893,2.285,187.866,4.39,418.023,9804.197,161.357,6.027,,68.869,2802.683,6988.071,18.154,101.848,11.245,56.281,94.106,10.921,,7.272,157.493,48.187,117.211,9.965,9.976,35.644,433.704,2.144,600.928,165.742,10.241,5.867,762.373,100.124,0.527,1.974,10.222,1636.37,,,23.635,578.862,,591.882,0.093,1.322,21.927,20.769,268.252,1.957,0.563,16.573,2.382,2.494,150.18,1.121,4.584,,0.222,5.837,21.762,261.857,,303.284,9.341,8.407,51.867,26.155,8577.55,,18.433,0.376,85.684,34.146,0.273,3.76,2278.261,32059.262,9362.185,11559.008,0.28,6.838,169.004,4.303,10.386
1996-01-01,1.38,25569.176,,795.493,10.51,3.2,,9057.515,72.853,304.282,1.597,758.546,0.679,424.744,237.343,3.177,493.845,0.868,279.292,3.251,2.909,55.445,12.295,7.357,5.95,3.584,14.494,0.828,7.385,851.146,2.515,7.204,0.324,4.926,1.0,630.598,303.837,34.452,340.259,78.575,860.468,16.78,74.434,11.227,32.099,2.84,116.13,0.392,0.611,11.683,10.016,67.805,2052.654,2507.448,0.694,0.292,187.482,18.242,50.945,6869.623,23.001,988.507,890.198,71.118,0.579,642.48,4.785,8.794,8426.322,10845.008,7760.426,132.046,2.307,1599.248,0.217,6.064,1421.099,3.148,15.482,5.316,0.949,0.741,0.276,145.872,0.367,14.992,1.495,159.718,5.217,22.097,5.0,46.659,274.722,392.902,75.928,158.032,,7.426,115.181,1315.136,7.394,7.054,4923.393,21.035,18.064,1.822,3.509,0.081,0.312,632.201,31.491,3.726,12.824,,36.827,0.788,16.592,0.977,8.376,20.464,5.975,,20470.046,46.71,1.694,4.932,0.527,896.776,616.183,432.158,,4.643,3.416,3.635,,,1.348,4.03,2.132,4.59,5.569,109.846,3.954,227.924,2.397,172.686,4.308,451.508,9181.222,163.52,5.544,,69.101,2893.52,6574.333,17.512,103.296,10.406,53.412,94.65,11.244,,7.608,156.993,45.341,122.655,9.788,7.761,35.692,412.685,1.593,574.63,158.451,8.377,6.3,804.336,96.293,0.511,2.188,9.586,1538.986,,,,556.365,,567.569,0.136,1.234,21.659,21.48,291.954,1.83,0.503,17.761,2.479,2.448,183.035,1.052,4.068,,0.218,5.859,22.324,250.486,,292.494,7.889,7.713,46.083,24.73,8073.125,,17.453,0.358,70.536,31.352,0.261,3.41,2080.03,32143.509,9954.81,10829.094,0.258,6.496,163.34,3.599,10.117
1995-01-01,1.321,25386.525,,712.385,8.148,2.882,,9276.896,63.432,288.497,1.287,682.569,0.616,379.172,241.234,2.417,441.412,1.0,288.301,2.993,2.676,51.842,18.992,7.075,5.653,,10.532,0.796,6.707,770.86,2.348,7.153,0.308,4.805,1.117,605.941,280.721,31.888,353.058,74.119,730.996,15.205,69.567,10.075,25.021,2.457,110.564,0.393,0.57,11.578,9.937,60.565,1811.917,2595.269,0.699,0.275,184.85,16.637,45.654,7288.784,21.98,867.779,772.871,63.25,0.483,614.713,3.909,7.887,8290.975,10541.286,7641.512,134.21,2.134,1596.25,0.22,5.281,1344.504,1.961,14.61,5.139,0.909,0.778,0.169,136.941,0.342,14.05,1.332,144.652,5.415,20.65,4.846,46.426,244.227,360.281,69.26,114.941,,7.124,105.553,1177.985,6.549,6.759,5545.566,16.639,15.905,1.493,3.43,0.069,0.293,587.059,27.186,3.579,10.971,,33.739,0.762,15.127,1.032,6.691,20.571,5.411,,20505.266,42.238,1.441,3.838,0.466,789.885,534.385,380.182,,4.687,3.337,3.565,,,1.452,3.062,2.092,4.439,3.412,96.606,3.948,205.495,2.296,132.23,4.14,453.377,8668.52,152.031,5.379,,62.24,2712.876,5882.485,15.821,98.917,8.825,51.38,84.644,10.519,,7.149,139.363,42.647,118.182,9.062,6.861,35.838,335.777,1.47,532.32,143.152,6.694,6.026,723.139,87.813,0.469,2.026,8.922,1433.863,,,,497.404,,506.889,0.104,0.993,20.034,21.399,267.054,1.932,0.508,16.556,2.23,2.24,169.279,0.569,10.043,,0.207,5.421,20.616,233.566,,279.059,6.382,7.473,38.275,23.267,7639.75,,12.746,0.341,77.427,26.407,0.249,3.283,1915.501,31269.011,9768.416,10203.839,0.242,12.796,171.736,3.799,8.263
1994-01-01,,22917.252,,600.263,6.529,2.361,,8163.078,57.395,287.835,0.648,588.415,0.625,353.374,203.97,2.258,406.293,0.924,238.622,2.227,2.164,46.438,11.338,6.683,5.372,,15.687,0.75,5.974,546.764,2.227,6.002,0.263,4.258,0.858,579.913,212.873,26.099,301.246,57.517,561.686,11.492,62.432,10.622,25.746,2.068,97.665,0.315,0.45,10.489,8.004,,1514.554,2220.165,0.691,0.264,156.019,14.645,46.044,6433.639,20.238,722.674,599.713,54.55,0.433,531.801,2.507,8.135,7082.816,9113.853,6474.624,103.621,1.977,1388.477,,4.463,1241.72,0.85,12.32,4.707,0.87,0.361,0.12,116.678,0.325,12.482,1.176,135.812,4.642,16.663,3.054,43.167,213.727,327.275,55.843,79.818,,6.393,88.852,1082.455,5.453,6.321,4998.798,11.881,12.546,1.108,2.76,0.067,0.272,480.17,24.859,3.081,8.988,,29.719,0.713,14.245,0.915,,17.487,4.533,,18798.778,38.532,1.158,3.522,0.382,699.266,474.634,553.618,,3.561,2.575,3.024,,,0.926,2.958,1.945,3.887,2.93,81.156,3.537,186.731,1.935,80.128,3.861,383.091,8460.472,127.132,4.954,,52.919,2300.245,5130.064,14.808,84.642,8.633,43.225,73.159,11.104,,8.077,103.887,39.691,99.692,7.871,5.946,30.376,293.768,1.418,478.2,134.995,5.961,4.746,620.968,73.689,0.403,2.118,7.679,1146.486,,,,404.935,,413.532,0.132,0.523,15.838,16.857,228.703,1.621,0.486,15.105,1.819,1.697,146.684,0.829,7.765,,0.189,5.032,17.886,179.359,,256.247,5.478,6.24,38.012,21.04,7287.25,,8.175,0.313,58.357,20.712,0.234,2.843,1788.635,28047.317,8514.14,9695.489,0.158,28.019,153.569,3.657,7.959
1993-01-01,,21330.703,,613.129,8.966,1.461,,7523.535,52.144,264.429,0.835,515.3,0.566,309.288,190.383,1.309,354.096,0.938,218.72,3.199,3.599,43.684,6.449,6.241,5.097,,11.408,0.726,5.724,429.184,2.136,5.588,0.26,3.957,1.309,579.059,273.278,22.987,272.006,49.855,617.433,15.268,57.175,15.611,47.45,3.004,77.721,0.428,0.431,9.586,7.098,,1451.039,2080.092,0.655,0.246,143.11,13.081,55.309,5918.753,16.783,660.233,453.897,49.526,0.374,529.98,1.791,9.143,6672.856,8474.745,6129.387,89.177,1.772,1315.795,,5.757,1155.162,,13.348,4.562,0.878,0.653,0.162,109.022,0.31,11.045,1.003,120.354,4.961,7.355,1.107,40.125,190.913,279.295,51.364,64.449,,6.225,77.837,1049.47,5.44,5.615,4536.941,5.152,10.479,0.665,2.422,0.059,0.243,406.915,23.955,2.652,7.435,,31.912,0.684,12.351,0.865,,15.714,2.728,,17575.068,34.259,1.11,4.063,0.346,652.439,426.124,530.226,,2.687,3.362,2.731,,,0.771,2.883,1.847,3.502,5.056,72.857,3.156,187.729,3.041,56.807,3.726,356.434,8004.758,120.579,4.743,,44.808,2047.634,4754.955,14.321,83.969,8.096,34.33,62.037,10.063,,7.349,90.544,36.923,95.139,7.249,5.804,26.624,196.227,2.231,424.648,132.79,5.246,7.014,542.698,60.604,0.301,1.786,6.68,963.205,,,,417.651,,425.399,0.127,0.465,13.726,16.637,212.646,1.497,0.474,13.796,2.246,2.189,128.889,0.678,9.169,,0.183,4.656,16.724,248.573,,236.339,5.17,4.311,35.025,18.064,6858.55,,6.897,0.309,59.865,16.736,0.2,,1573.593,26085.657,8020.848,9048.124,0.198,21.737,147.236,3.549,7.569
1992-01-01,,21161.984,,612.962,12.354,0.843,,6680.213,51.952,255.787,0.108,460.837,0.525,318.001,195.506,1.193,359.516,1.082,228.732,3.284,3.775,43.292,11.882,5.673,5.125,,12.8,0.672,5.635,382.465,2.015,5.526,0.248,3.928,1.494,594.376,230.662,22.27,279.764,46.597,492.148,15.416,52.374,14.963,36.333,3.28,68.579,0.437,0.479,8.566,7.424,,1282.323,2146.14,0.672,0.234,152.966,11.605,53.414,5169.956,14.367,489.201,291.572,44.168,0.606,630.91,,14.696,7299.302,9117.342,6743.626,113.139,1.659,1392.563,,5.955,1289.587,,16.312,4.57,0.82,0.846,0.16,116.466,0.31,10.138,0.823,104.272,4.944,0.568,0.918,38.731,168.28,288.21,54.911,50.472,,7.105,77.446,1305.099,4.328,5.403,3980.703,2.875,15.084,0.917,2.435,0.062,0.223,368.356,19.871,2.354,5.472,,35.459,0.674,11.553,0.863,,15.328,1.694,,17228.793,36.483,0.864,3.715,0.306,611.722,405.073,427.661,,2.443,3.372,3.065,,,1.566,2.799,2.164,3.398,4.394,64.427,3.296,187.334,3.372,52.275,3.894,366.52,7576.992,130.838,4.417,,41.515,2071.524,4197.124,14.274,79.338,7.414,35.377,60.422,9.035,,6.466,88.888,34.63,108.119,7.158,6.384,19.779,71.603,2.313,427.363,136.905,3.1,7.435,483.68,52.131,0.269,1.58,5.813,891.88,,,,419.692,,425.628,0.096,0.59,,19.285,281.588,1.425,0.434,13.263,2.57,2.873,115.576,0.291,1.625,,0.178,5.533,17.809,219.176,,222.911,5.588,3.645,22.193,15.515,6520.325,,4.476,0.3,60.4,12.528,0.209,,1394.185,25359.107,8825.77,8543.517,0.193,17.959,146.97,3.614,7.793
1991-01-01,,19667.969,,612.414,16.022,1.333,,6095.4,49.3,211.979,,406.573,0.504,324.416,174.435,,367.856,1.167,205.369,2.954,3.526,42.488,2.928,5.43,5.128,,,0.578,5.335,399.249,2.092,5.254,0.254,3.802,1.498,612.514,208.402,22.509,269.003,38.249,413.209,14.504,46.358,16.325,40.25,3.035,57.954,0.401,0.443,7.197,6.195,,1132.753,1882.489,0.65,0.22,139.182,9.887,50.65,4682.796,13.139,357.096,148.694,48.431,,577.166,,13.928,6616.561,8264.343,6114.699,128.215,1.5,1263.244,,5.754,1248.625,,16.506,4.195,0.76,0.772,0.132,105.633,0.301,9.174,0.744,88.96,4.649,,1.53,34.754,154.558,270.105,48.84,304.065,,6.949,69.307,1229.898,4.285,4.373,3648.066,,15.315,,2.007,0.041,0.201,342.6,10.826,2.053,4.392,,34.995,0.613,10.716,0.743,,13.683,,,16042.961,34.94,,3.255,0.262,819.717,625.722,368.772,,,3.284,2.754,,,2.821,3.855,2.055,3.017,5.38,53.519,2.841,183.912,3.271,60.131,3.678,331.565,7171.698,121.872,4.861,,43.44,1941.25,4004.237,13.0,74.158,6.522,33.988,51.784,7.91,,5.596,80.61,32.287,89.904,6.984,5.579,29.07,,2.179,402.844,132.047,2.528,6.955,425.592,45.465,0.228,1.812,5.252,833.763,,,,423.269,,428.501,0.108,0.637,,,270.629,1.285,0.374,12.738,2.465,2.74,101.247,,,,0.169,5.399,14.897,208.402,,187.14,6.019,3.897,,13.502,6158.125,,,0.275,53.382,9.704,0.201,,1271.402,23672.207,8115.649,8074.328,0.176,14.665,135.227,3.69,9.45
1990-01-01,,18412.004,,663.427,16.529,2.221,,5527.926,50.682,158.024,,363.369,0.479,324.124,166.866,,369.918,1.131,200.149,2.89,3.488,41.068,29.882,5.176,5.218,,,0.533,4.868,455.335,2.084,4.923,0.293,3.799,1.572,596.089,207.508,22.621,265.911,33.231,396.59,14.923,37.458,14.641,41.448,2.909,56.071,0.402,0.413,5.737,6.003,,1123.279,1604.497,0.635,0.201,138.219,7.995,67.171,4122.323,11.71,374.699,167.19,96.087,,536.322,,12.595,6204.968,7796.416,,141.726,1.448,1260.874,,6.339,1197.021,,14.749,3.71,0.721,0.548,0.133,97.963,0.278,7.535,0.685,76.929,4.923,,1.706,34.366,138.258,320.979,48.199,581.008,,6.504,61.097,1164.328,4.663,4.187,3185.904,,16.219,,0.898,0.037,0.203,293.6,18.293,1.742,2.801,,31.627,0.579,9.787,0.635,,12.628,,,14971.837,32.661,,3.931,0.231,1135.857,885.325,307.613,,,3.223,2.532,,,2.678,3.529,1.793,2.743,4.222,47.245,2.568,241.68,3.491,62.165,0.519,321.859,6897.431,119.791,4.442,,45.794,1826.481,4230.662,13.395,65.276,5.931,28.326,50.508,6.952,,4.757,62.206,30.604,79.439,4.904,6.266,38.516,,2.954,442.076,117.474,2.245,7.078,379.15,38.892,0.215,1.509,4.818,812.063,,,,417.073,,421.747,0.12,0.577,,,258.395,1.237,0.369,12.303,2.488,2.772,88.467,,,,0.144,5.155,14.133,207.508,,166.622,5.172,7.452,,11.204,5963.125,,,0.26,48.391,8.217,0.169,,1179.755,22642.667,7629.225,7769.573,0.182,12.644,126.027,4.085,10.143
1989-01-01,,16404.195,,569.152,15.017,2.779,,5301.959,39.325,91.352,,318.986,0.455,308.406,133.263,,352.429,1.131,159.816,2.37,2.942,38.07,67.774,4.873,5.473,,,0.47,4.716,439.434,2.077,4.109,0.272,3.441,1.354,567.225,147.727,22.265,208.135,29.889,458.18,13.487,40.982,14.626,40.006,2.478,55.048,0.329,0.332,5.25,4.901,,1118.529,1262.0,,0.185,112.312,8.589,57.041,4049.252,11.531,369.866,222.139,115.362,,413.106,,11.872,5039.932,6366.803,,119.106,1.281,1017.702,,4.458,1007.623,,12.733,3.384,0.614,0.449,0.105,79.25,0.267,8.561,0.832,68.79,7.877,,1.34,30.323,122.582,296.043,38.03,379.427,,5.7,51.777,932.931,3.692,4.279,3109.455,,15.586,,0.346,0.038,0.179,255.847,24.313,1.46,2.682,,27.446,0.486,8.55,0.519,,9.903,,,13538.536,28.901,,3.176,0.201,896.922,626.986,260.663,,,2.827,2.108,,,4.275,2.199,,2.286,3.715,41.678,2.268,239.819,3.068,,2.082,260.9,6497.755,102.634,4.317,,44.024,1585.469,3752.724,10.743,65.042,5.456,40.699,48.652,7.165,,5.238,67.027,28.267,59.806,4.046,4.502,54.236,,3.09,412.495,95.217,16.853,6.083,332.892,31.436,0.173,2.745,3.167,731.017,,,,312.48,,329.333,0.099,2.177,,,215.436,1.006,0.305,9.849,2.065,2.302,74.637,,,,0.139,4.397,11.069,147.727,,152.704,6.444,9.136,,9.63,5641.6,,,0.232,44.672,7.991,0.154,,1054.927,20156.919,6144.664,7292.019,0.141,,108.07,4.365,
1988-01-01,,15723.948,,529.603,12.909,2.53,,5098.701,34.069,142.386,,278.672,0.411,271.107,133.591,,316.63,1.088,158.097,2.552,2.942,34.914,66.546,4.672,4.855,,,0.407,4.598,320.105,1.877,3.689,0.273,3.082,1.372,509.38,125.032,20.665,215.36,25.947,408.663,14.092,36.255,16.403,39.314,2.346,54.592,0.336,0.322,4.636,4.589,,1049.396,1271.263,,0.171,115.54,7.605,56.07,3931.475,11.749,353.096,228.064,92.53,,374.535,,11.285,4951.612,6267.253,,109.255,1.202,1012.843,,4.079,989.706,,12.523,3.317,0.585,0.374,0.119,76.447,0.236,7.426,0.828,59.708,6.877,,1.45,29.703,107.279,294.479,36.875,311.932,,6.145,50.888,897.006,3.184,6.364,3125.725,,15.721,,0.276,0.038,0.161,206.801,20.69,1.182,3.269,,25.87,0.429,8.518,0.496,,9.301,,,13042.348,28.08,,3.189,0.178,785.104,550.433,213.893,,,2.316,2.013,,,4.104,2.105,,2.225,3.258,37.845,,213.624,3.21,,1.499,264.596,5985.876,101.901,4.27,,45.523,1456.866,3432.291,9.613,62.385,5.441,32.978,43.293,7.229,,5.4,68.747,26.178,55.435,5.584,4.26,60.538,,2.959,405.016,88.138,9.551,6.173,313.319,26.551,0.176,2.988,2.771,667.453,,,,306.429,,315.98,0.1,1.864,,,204.691,0.986,0.284,16.538,2.186,2.345,63.704,,,,0.115,4.574,11.073,125.032,,126.473,7.474,11.268,,9.137,5236.425,,,0.217,60.378,29.501,0.158,,938.267,19156.24,6039.189,6710.25,0.138,,104.01,4.095,
1987-01-01,,13919.655,,499.318,11.9,2.566,,4274.622,33.519,121.561,,241.508,0.347,213.115,121.771,,250.108,1.161,145.411,2.43,2.665,32.449,40.721,3.78,4.669,,,0.345,4.323,286.539,1.765,3.872,0.238,2.374,1.275,433.14,118.926,20.252,199.086,22.01,327.728,13.944,37.983,16.152,33.932,2.205,50.64,0.313,0.264,4.554,3.979,,940.084,1179.165,,0.152,109.183,8.305,68.698,3221.518,12.355,311.675,192.748,77.359,,318.787,,10.89,4482.069,5597.616,,91.775,1.276,927.257,,3.699,814.102,,11.777,2.84,0.504,0.401,0.111,65.682,0.215,6.857,0.728,50.623,6.191,,2.205,27.144,95.214,278.864,33.66,277.019,,5.561,41.08,809.632,2.672,6.794,2580.749,,15.163,,0.141,0.03,0.136,153.293,22.368,1.815,3.254,,23.009,0.375,8.149,0.434,,8.211,,,11599.296,23.713,,3.213,0.149,748.721,520.223,174.84,,,2.308,1.774,,,4.086,2.395,,1.919,2.834,34.529,,203.441,3.143,,3.409,247.277,5487.108,94.231,3.621,,36.993,1234.647,3116.478,9.89,54.171,6.294,41.681,37.932,5.707,,3.885,63.84,23.878,47.387,4.216,4.441,58.477,,2.765,377.641,85.582,11.964,6.241,300.721,21.629,0.155,1.823,2.374,599.011,,,,283.912,,295.877,0.117,1.573,,,180.937,0.831,0.249,32.497,1.87,2.107,52.204,,,,0.098,4.88,10.663,118.926,,105.039,7.821,10.878,,8.832,4855.25,,,0.19,46.854,53.385,0.139,,832.087,17036.133,5404.867,6144.355,0.124,,96.533,2.431,
1986-01-01,,11971.154,,445.601,10.411,2.587,,3601.239,30.526,118.565,,228.952,0.298,181.49,97.375,,208.929,1.233,117.063,2.036,2.29,29.639,35.13,3.49,4.241,,,0.295,3.97,263.256,1.603,3.291,0.197,1.515,1.158,379.015,102.337,21.331,159.074,18.662,300.92,12.675,38.316,13.945,35.84,1.815,48.648,0.258,0.212,4.425,3.317,,858.956,947.583,,0.135,87.749,7.891,66.783,2664.967,13.222,290.862,188.526,54.076,,251.618,,10.188,3657.155,4556.557,,73.652,1.398,766.302,,4.889,655.035,,14.072,2.675,0.376,0.474,0.091,56.421,0.188,5.921,0.789,41.076,5.678,,4.475,24.698,101.22,248.398,28.516,208.928,,4.014,34.394,645.071,2.369,6.445,2120.084,,13.832,,0.205,0.026,0.119,121.056,17.904,2.577,2.78,,24.756,0.34,7.826,0.331,,6.611,,,10092.714,21.497,,4.348,0.158,632.282,430.427,159.434,,,1.981,1.421,,,3.636,5.301,,1.515,2.883,30.303,,177.022,2.68,,5.8,201.883,5140.043,78.693,3.491,,27.439,1002.695,2826.892,9.433,51.827,6.266,25.241,34.129,5.437,,3.535,73.822,21.969,37.869,5.032,4.214,52.29,,2.49,341.535,86.886,7.4,5.188,278.034,18.78,0.148,2.092,2.335,564.531,,,,261.179,,268.579,0.117,1.43,,,148.766,0.635,0.208,25.428,1.65,1.795,44.52,,,,0.09,4.877,9.91,102.337,,78.195,15.874,6.746,,7.059,4579.625,,,0.174,60.877,43.009,0.128,,783.613,14798.046,4368.032,5764.222,0.112,,73.399,1.962,
1985-01-01,,9802.971,,406.64,11.119,2.339,,2825.689,38.519,98.599,,234.883,0.246,174.397,68.624,,196.944,1.17,84.467,1.58,1.746,28.819,39.692,4.46,3.923,,,0.271,4.059,226.938,1.46,4.831,0.174,1.117,0.883,366.184,92.827,22.353,110.965,17.36,310.133,9.47,38.87,10.698,31.943,1.327,48.581,0.192,0.164,3.941,2.611,,835.446,663.459,,0.119,62.452,6.496,66.346,1944.718,18.02,275.499,182.672,48.841,,181.847,,9.808,2666.495,3385.424,,56.223,1.236,551.596,,3.736,537.2,,15.255,2.473,0.482,0.485,0.074,47.936,0.168,10.951,0.697,35.7,5.278,,4.028,21.441,107.062,233.52,21.168,180.541,,3.009,27.938,455.457,1.993,5.033,1427.02,,11.646,,,0.026,0.101,104.955,21.445,3.685,3.566,,30.384,0.284,7.302,0.288,,4.544,,,8339.916,16.28,,3.803,0.134,623.14,423.827,230.272,,,1.426,1.095,,,3.294,4.516,,1.122,2.762,34.09,,171.096,2.027,,3.854,144.859,4955.745,65.417,3.208,,22.548,822.452,2755.722,11.916,50.607,6.03,16.823,34.973,4.991,,3.25,70.915,20.289,27.231,4.214,5.339,48.286,,2.199,323.764,103.894,5.547,3.668,262.444,18.573,0.166,2.794,2.319,500.145,,,,229.997,,235.544,0.083,1.402,,,112.593,0.497,0.169,21.177,1.34,1.281,40.185,,,,0.076,7.503,9.245,92.827,,63.617,12.556,6.771,,5.686,4339.0,,,0.157,59.865,19.045,0.132,,791.64,12558.693,3202.752,5517.113,0.106,,64.481,2.848,
1984-01-01,,9310.663,,412.907,9.025,2.29,,2773.055,39.245,130.544,,242.907,0.212,197.15,67.007,,219.536,1.005,81.237,1.456,1.579,26.817,46.358,4.727,3.603,,,0.273,3.752,142.957,1.395,,0.168,1.2,0.67,356.728,82.642,21.902,109.4,20.246,314.23,9.284,44.79,10.243,34.951,1.294,53.257,0.189,0.146,3.678,2.447,,859.261,654.289,,0.109,58.869,14.87,55.906,1858.507,15.408,267.23,184.588,41.888,,172.597,,8.375,2589.531,3271.111,,53.032,1.276,526.671,,3.547,504.939,,17.113,2.327,0.396,0.33,0.044,48.329,0.146,9.276,0.654,33.511,4.915,,3.627,21.174,107.218,211.843,19.883,161.721,,2.892,30.059,441.048,2.119,5.003,1345.825,,11.703,,,0.034,0.091,101.033,21.7,2.93,4.269,,30.89,0.251,7.382,0.36,,4.385,,,7867.149,16.13,,3.906,0.113,604.372,421.959,217.001,,,1.416,1.081,,,2.837,3.417,,1.108,2.949,37.087,,153.868,2.056,,3.966,142.779,4630.542,62.058,3.089,,22.386,824.785,2719.785,10.726,50.612,5.7,19.442,35.86,5.337,,3.509,75.656,19.163,25.951,4.931,5.708,39.111,,1.851,300.023,119.631,7.992,3.35,307.009,19.563,0.182,3.283,2.385,454.181,,,,251.048,,259.04,0.079,1.387,,,107.628,0.628,0.151,19.171,1.236,1.222,43.179,,,,0.081,7.891,9.054,82.642,,61.071,13.915,7.399,,5.819,4037.65,,,0.146,57.826,61.171,0.144,,737.875,12030.448,3086.523,5151.415,0.111,,84.838,3.003,
1983-01-01,,8903.058,,470.344,8.514,2.319,,2615.52,39.588,116.267,,233.223,0.185,179.49,71.032,,201.984,1.106,85.037,1.365,1.767,23.904,43.641,4.554,3.373,,,0.244,3.609,143.652,1.28,,0.162,1.208,0.69,341.863,84.968,21.887,114.517,20.819,305.428,9.312,37.585,9.692,52.378,1.407,53.92,0.196,0.144,3.162,2.321,,818.092,694.447,,0.099,60.331,9.461,51.582,1754.344,14.478,276.722,191.755,37.254,,173.072,,8.863,2689.875,3404.056,,51.056,1.217,555.956,,3.689,532.925,,47.317,2.284,0.551,0.475,0.04,49.603,0.132,8.864,0.703,29.907,4.477,,3.273,21.839,103.149,218.218,20.618,156.927,,2.793,31.752,446.399,2.875,4.953,1270.86,,11.279,,,0.031,0.078,90.93,20.871,2.047,3.611,,32.988,0.197,6.298,0.401,,4.473,,,7476.475,17.635,,4.686,0.094,595.338,425.324,184.01,,,1.418,1.142,,,3.071,3.28,,1.198,2.986,32.745,,148.661,2.538,,2.9,153.396,4177.174,61.627,2.92,,22.493,786.566,2712.301,9.733,46.619,5.461,18.863,37.953,5.535,,3.799,75.555,17.277,28.267,6.069,5.506,48.401,,1.932,298.216,129.181,6.485,3.435,270.473,18.011,0.181,2.838,3.261,463.468,,,,315.198,,321.683,0.076,1.419,,,103.289,0.734,0.147,18.649,1.151,1.33,41.366,,,,0.077,7.898,9.202,84.968,,54.148,15.294,9.619,,6.119,3634.025,,,0.132,79.672,35.204,0.117,,706.95,11615.359,3212.301,4700.115,0.113,,96.205,3.653,
1982-01-01,,8555.257,,488.907,8.17,2.296,,2461.237,43.205,94.25,,239.197,0.166,187.062,70.111,,210.309,1.045,89.958,1.542,1.934,24.678,42.467,4.445,3.031,,,0.232,3.813,179.166,1.205,,0.15,1.094,0.719,314.639,88.918,21.961,114.891,25.63,284.601,10.32,35.787,9.616,64.939,1.548,54.252,0.202,0.149,2.619,2.319,,774.462,696.088,,0.09,60.084,9.141,48.599,1609.301,16.474,278.435,189.517,30.479,,197.89,,7.973,2750.765,3493.176,,53.111,1.293,581.254,,3.853,559.326,,70.406,2.335,0.548,0.421,0.035,54.878,0.125,8.539,0.692,32.291,4.267,,3.05,24.064,113.799,200.035,21.313,125.8,,3.251,28.47,430.169,3.235,4.713,1158.731,,12.196,,,0.033,0.079,81.179,21.583,1.119,2.621,,34.616,0.183,5.834,0.362,,4.557,,,7084.008,19.51,,4.785,0.087,585.559,417.245,225.706,,,1.468,1.17,,,2.963,3.662,,1.131,2.881,29.278,,142.105,2.84,,2.497,157.56,3900.909,62.647,2.669,,23.246,787.705,2758.423,9.285,49.932,5.319,24.259,42.441,5.639,,3.805,65.315,16.764,30.678,5.47,6.467,55.375,,1.808,283.385,153.24,4.748,3.85,263.685,15.879,0.193,3.264,3.406,494.458,,,,342.054,,346.803,0.081,1.469,,,112.404,0.714,0.148,17.415,1.15,1.396,37.799,,,,0.079,8.28,8.9,88.918,,49.535,14.932,8.41,,11.147,3343.8,,,0.123,79.998,23.369,0.114,,777.912,11313.68,3303.659,4453.115,0.122,,85.897,4.232,
1981-01-01,,8616.056,,482.864,8.17,2.229,,2529.479,46.461,189.802,,229.269,0.149,188.423,70.121,,211.904,0.989,102.245,1.557,2.076,26.355,40.718,4.228,2.692,,,0.232,3.44,167.583,1.154,,0.143,1.037,0.743,307.246,97.865,19.896,112.129,34.374,288.699,11.502,35.229,10.026,59.726,1.775,50.661,0.213,0.154,2.636,2.242,,758.85,720.895,,0.082,61.46,9.698,48.156,1692.365,16.501,273.513,175.648,25.76,,204.843,,7.578,2837.991,3607.829,,52.62,1.339,612.552,,4.111,588.342,,60.694,2.381,0.579,0.37,0.03,52.605,0.116,8.431,0.808,31.055,4.044,,2.932,23.629,110.848,193.153,20.423,101.481,,3.543,26.565,435.267,2.817,4.416,1245.221,,12.667,,,0.035,0.069,75.568,25.249,1.118,3.843,,34.72,0.194,5.404,0.435,,5.549,,,7116.547,19.329,,4.759,0.073,592.242,429.408,311.012,,,1.66,1.238,,,2.854,3.585,,1.179,3.022,27.321,,137.188,3.056,,2.156,162.629,3841.238,63.597,2.641,,23.481,792.517,2913.869,8.849,45.681,4.814,24.398,40.735,5.89,,4.011,53.752,15.956,32.477,5.22,7.374,55.319,,1.695,273.45,184.292,6.53,3.934,248.004,14.367,0.194,2.903,3.449,583.981,,,,339.147,,345.676,0.084,1.427,,,127.406,0.798,0.154,16.652,1.19,1.656,35.999,,,,0.079,7.113,9.223,97.865,,48.969,13.005,12.12,,13.636,3207.025,,,0.11,78.367,17.617,0.114,,950.117,11529.924,3432.181,4480.344,0.119,,93.15,4.385,
1980-01-01,,8480.672,,472.962,8.73,1.946,,2365.119,41.725,233.696,,208.639,0.132,162.936,80.923,,185.496,0.951,123.478,2.302,2.386,24.775,37.751,3.745,2.598,,,0.223,3.589,145.819,1.048,,0.132,1.174,0.714,276.064,96.596,18.191,122.466,29.032,303.004,13.877,35.209,8.85,68.606,2.165,46.501,0.243,0.157,4.854,2.314,,764.076,856.833,,0.073,70.811,8.672,45.957,1573.985,16.116,262.119,165.523,23.523,,231.048,,7.385,3210.486,4007.467,,53.714,1.303,695.475,,4.559,604.697,,37.35,2.4,0.606,0.289,0.032,57.01,0.111,7.718,0.842,28.862,3.968,,2.664,23.042,99.296,186.17,21.425,95.846,,3.434,25.071,479.967,2.565,3.932,1129.378,,13.449,,,0.033,0.058,67.729,,1.913,4.02,,40.19,0.17,5.194,0.428,,6.434,,,6899.738,23.807,,5.202,0.063,531.478,365.795,242.153,,,2.031,1.267,,,2.728,4.615,,1.242,3.022,26.757,,143.043,3.531,,1.832,194.031,3389.979,64.439,2.258,,22.56,776.681,2755.146,7.269,38.616,4.253,20.19,37.082,5.925,,4.087,56.731,14.436,32.607,4.095,6.665,46.053,,1.493,257.208,164.54,9.095,4.338,245.909,12.082,0.183,2.708,3.912,581.096,,,,320.823,,329.918,0.069,1.276,,,139.571,0.754,0.147,12.98,1.006,1.994,33.422,,,,0.071,6.343,9.566,96.596,,42.285,10.873,7.486,,12.217,2857.325,,,0.089,69.841,35.357,0.121,,876.65,11235.818,3841.944,4024.476,0.127,,89.412,4.246,
